INSERT INTO operations (id, action_id, wilaya_id, title, year, status, observation) VALUES ('999de573-0190-4caf-a482-3c1832c20db6', NULL, '7e418fff-2daf-4d0b-824a-47c495ca89be', 'Opération inconnue', 2025, 'Achevée', 'Travaux achevés');
INSERT INTO wilayas (id, code, name) VALUES ('7e418fff-2daf-4d0b-824a-47c495ca89be', '16', 'Alger');
INSERT INTO engagements (id, operation_id, amount, year, type) VALUES ('0fa17dad-cd85-487d-a5e4-958f6bc15096', '999de573-0190-4caf-a482-3c1832c20db6', 10468489.86949, 2025, 'initial');
INSERT INTO financial_operations (id, operation_id, executed_ae, executed_cp, execution_date) VALUES ('6b25d9c6-fcb4-412d-94b1-5a9d1f539e3e', '999de573-0190-4caf-a482-3c1832c20db6', 10468489.86949, 10270308.71172, '2025-04-01');
INSERT INTO operations (id, action_id, wilaya_id, title, year, status, observation) VALUES ('752acbcf-43d7-416b-b6be-0c8f56170e1a', NULL, '7812a5d0-65e9-441a-bb63-4075ee994da4', 'Opération inconnue', 2025, 'En cours', 'projet achevé , reste aménagement des accès limitrophes .');
INSERT INTO wilayas (id, code, name) VALUES ('7812a5d0-65e9-441a-bb63-4075ee994da4', '16', 'Alger');
INSERT INTO engagements (id, operation_id, amount, year, type) VALUES ('6f52ec30-7efe-41fa-85ea-192d7080abf7', '752acbcf-43d7-416b-b6be-0c8f56170e1a', 13258054.142879998, 2025, 'initial');
INSERT INTO financial_operations (id, operation_id, executed_ae, executed_cp, execution_date) VALUES ('07a5c67a-88c8-4ae5-b710-1c4a0dc8d805', '752acbcf-43d7-416b-b6be-0c8f56170e1a', 13258054.142879998, 12588559.163829999, '2025-04-01');
INSERT INTO operations (id, action_id, wilaya_id, title, year, status, observation) VALUES ('04b88787-828a-44ce-a6f1-43835a601a90', NULL, '0379a568-0d8b-4ac1-94eb-5b9637e84633', 'Opération inconnue', 2025, 'Achevée', 'Travaux achevés, Projet réceptionné le 19-06-2023');
INSERT INTO wilayas (id, code, name) VALUES ('0379a568-0d8b-4ac1-94eb-5b9637e84633', '16', 'Alger');
INSERT INTO engagements (id, operation_id, amount, year, type) VALUES ('b2598957-50d9-4b08-9849-bb380938bdeb', '04b88787-828a-44ce-a6f1-43835a601a90', 15903704.166100001, 2025, 'initial');
INSERT INTO financial_operations (id, operation_id, executed_ae, executed_cp, execution_date) VALUES ('219fc96b-5db7-4d83-a48d-a22f6a12b618', '04b88787-828a-44ce-a6f1-43835a601a90', 15903704.166100001, 14384685.092309998, '2025-04-01');
INSERT INTO operations (id, action_id, wilaya_id, title, year, status, observation) VALUES ('b9e1e9ec-9cda-4873-9861-59f8327c27c4', NULL, 'ec848cad-dd6f-4845-b980-9ca90b78030e', 'Opération inconnue', 2025, 'En cours', 'Travaux en cours, pour la mise à niveau de 1736 caméras, reste la 2ème tranche : travaux de mats, électricité et fibre optique en cours. Conformément à l''envoi émanant du MICLAT n° 11970 du 04/11/2024, un accord préalable pour réévaluer l''opération d''un montant de 1,5 milliard de DA au titre de l''exercice 2025, alors que la demande d''inscription de la nouvelle opération de vidéosurveillance d''un montant de 7,5 milliards DA na pas abouti pour 2025 avec possibilité d''étude de la demande dans le cadre des projets des lois de finances des années à venir ).');
INSERT INTO wilayas (id, code, name) VALUES ('ec848cad-dd6f-4845-b980-9ca90b78030e', '16', 'Alger');
INSERT INTO engagements (id, operation_id, amount, year, type) VALUES ('c46979e7-9c78-472b-8b18-6ac1c3fe3c21', 'b9e1e9ec-9cda-4873-9861-59f8327c27c4', 15142080.70522, 2025, 'initial');
INSERT INTO financial_operations (id, operation_id, executed_ae, executed_cp, execution_date) VALUES ('77eea241-f218-4299-bc61-95e1a51e8329', 'b9e1e9ec-9cda-4873-9861-59f8327c27c4', 15142080.70522, 10670180.69683, '2025-04-01');
INSERT INTO operations (id, action_id, wilaya_id, title, year, status, observation) VALUES ('b162c3a7-6763-471f-9893-0b28f5fd81f1', NULL, '0f883793-60aa-4a23-aaf2-9cee9908ec97', 'Opération inconnue', 2025, 'à l''arrêt', '3600 logts achevés,1000 logt Ain Benian à 54% (résiliation avec l''entreprise BATIGEC le 24/10/2019.reprise du cahier des charges après 3 AAO infructueux), 150 logt Saoula à 32 % (affaire en justice contentieux suite à une résiliation),250 logt Sidi Youcef à 44 % (résiliation avec l''entreprise BATIGEC le 29/09/2019 reprise des travaux avec l''entreprise SNC NAAS)');
INSERT INTO wilayas (id, code, name) VALUES ('0f883793-60aa-4a23-aaf2-9cee9908ec97', '16', 'Alger');
INSERT INTO engagements (id, operation_id, amount, year, type) VALUES ('f26208c6-49cc-43f4-9443-755218bd59f5', 'b162c3a7-6763-471f-9893-0b28f5fd81f1', 14444734.85826, 2025, 'initial');
INSERT INTO financial_operations (id, operation_id, executed_ae, executed_cp, execution_date) VALUES ('a9f3f541-ec3e-4ab7-b689-3c5c67292ec4', 'b162c3a7-6763-471f-9893-0b28f5fd81f1', 14444734.85826, 12355378.156100001, '2025-04-01');
INSERT INTO operations (id, action_id, wilaya_id, title, year, status, observation) VALUES ('73ab9978-6980-4768-a445-544aa4a38a20', NULL, '72fb09a3-baed-457a-a323-ef41f1610028', 'Opération inconnue', 2025, 'En cours', 'Travaux en cours opération transférer à la DARQ ');
INSERT INTO wilayas (id, code, name) VALUES ('72fb09a3-baed-457a-a323-ef41f1610028', '16', 'Alger');
INSERT INTO engagements (id, operation_id, amount, year, type) VALUES ('6fa48940-5585-4174-a668-dc03d9d46a36', '73ab9978-6980-4768-a445-544aa4a38a20', 1922185.49905, 2025, 'initial');
INSERT INTO financial_operations (id, operation_id, executed_ae, executed_cp, execution_date) VALUES ('399e72db-c60b-4877-aed2-7f47034c5eca', '73ab9978-6980-4768-a445-544aa4a38a20', 1922185.49905, 563080.16739, '2025-04-01');
INSERT INTO operations (id, action_id, wilaya_id, title, year, status, observation) VALUES ('6897ae7c-6ad8-42c2-bc2d-6891c35c0373', NULL, 'df0109ab-9ce8-4f4e-b409-58e8e4613a80', 'Opération inconnue', 2025, 'Achevée', 'Travaux achevés, reste apurement financier (avenant n°09 de réajustement au niveau de la commission sectorielle, levée de réserves en cours- avenant de réajustement pour prolongement de rejets en cours de préparation- demande de réévaluation de 1,5 milliard DA pour couvrir la situation n° 01 et définitive après validation du Monsieur le PM) . ');
INSERT INTO wilayas (id, code, name) VALUES ('df0109ab-9ce8-4f4e-b409-58e8e4613a80', '16', 'Alger');
INSERT INTO engagements (id, operation_id, amount, year, type) VALUES ('ed3786f2-8494-4fe3-92d3-83717f0ca478', '6897ae7c-6ad8-42c2-bc2d-6891c35c0373', 24282957.47763, 2025, 'initial');
INSERT INTO financial_operations (id, operation_id, executed_ae, executed_cp, execution_date) VALUES ('761cbd3b-7fa3-4c5b-a4a3-c3a6be00fe59', '6897ae7c-6ad8-42c2-bc2d-6891c35c0373', 24282957.47763, 23938306.589190003, '2025-04-01');
INSERT INTO operations (id, action_id, wilaya_id, title, year, status, observation) VALUES ('2e89778f-b413-419e-8293-57942a90af29', NULL, '8e1a2acf-8f8c-4431-b2cb-e18ccaae5099', 'Opération inconnue', 2025, 'Achevée', 'Travaux achevés, projet réceptionné');
INSERT INTO wilayas (id, code, name) VALUES ('8e1a2acf-8f8c-4431-b2cb-e18ccaae5099', '16', 'Alger');
INSERT INTO engagements (id, operation_id, amount, year, type) VALUES ('37a3339e-40f2-4105-aee1-1db996c1ec40', '2e89778f-b413-419e-8293-57942a90af29', 25385758.7192, 2025, 'initial');
INSERT INTO financial_operations (id, operation_id, executed_ae, executed_cp, execution_date) VALUES ('f9035028-9e3e-4065-8b2d-039c2e4c3d21', '2e89778f-b413-419e-8293-57942a90af29', 25385758.7192, 21196181.72227, '2025-04-01');
INSERT INTO operations (id, action_id, wilaya_id, title, year, status, observation) VALUES ('3f15e63c-8972-477d-bae6-8b0e3fc04119', NULL, '90ae6a22-87bb-4520-bab7-2bfb67354b84', 'Opération inconnue', 2025, 'En cours', 'Mise en demeure N°02 publiée dans le journal Algérie Aujourd''hui le 21/01/2025.');
INSERT INTO wilayas (id, code, name) VALUES ('90ae6a22-87bb-4520-bab7-2bfb67354b84', '16', 'Alger');
INSERT INTO engagements (id, operation_id, amount, year, type) VALUES ('34e84d58-d910-4e05-a10d-9ab72d7c1b44', '3f15e63c-8972-477d-bae6-8b0e3fc04119', 48561355.46013, 2025, 'initial');
INSERT INTO financial_operations (id, operation_id, executed_ae, executed_cp, execution_date) VALUES ('511c215f-6df2-4940-9cf0-d481e05a4a2a', '3f15e63c-8972-477d-bae6-8b0e3fc04119', 48561355.46013, 46595777.233440004, '2025-04-01');
INSERT INTO operations (id, action_id, wilaya_id, title, year, status, observation) VALUES ('26031b16-b35f-4437-b487-9e8875f887f1', NULL, 'cdc0a123-710f-4cd0-a83b-8e116a01a323', 'Opération inconnue', 2025, 'Travaux achevés', 'Travaux achevés');
INSERT INTO wilayas (id, code, name) VALUES ('cdc0a123-710f-4cd0-a83b-8e116a01a323', '03', 'Laghouat');
INSERT INTO engagements (id, operation_id, amount, year, type) VALUES ('253bfd76-17f4-4c6e-ab69-397da4734ed5', '26031b16-b35f-4437-b487-9e8875f887f1', NULL, 2025, 'initial');
INSERT INTO financial_operations (id, operation_id, executed_ae, executed_cp, execution_date) VALUES ('c7e6cb92-635a-4fc3-b7ac-64f7873f0f22', '26031b16-b35f-4437-b487-9e8875f887f1', NULL, NULL, '2025-04-01');
INSERT INTO operations (id, action_id, wilaya_id, title, year, status, observation) VALUES ('e026e288-3e11-480d-b309-437503bf741b', NULL, '7fc122ec-7037-4f73-94af-1c7777f7d3dc', 'Opération inconnue', 2025, 'Travaux en cours', 'Travaux en cours');
INSERT INTO wilayas (id, code, name) VALUES ('7fc122ec-7037-4f73-94af-1c7777f7d3dc', '03', 'Laghouat');
INSERT INTO engagements (id, operation_id, amount, year, type) VALUES ('d337abda-96d1-43bc-adee-8d6f457c2e67', 'e026e288-3e11-480d-b309-437503bf741b', NULL, 2025, 'initial');
INSERT INTO financial_operations (id, operation_id, executed_ae, executed_cp, execution_date) VALUES ('7a2275bb-008a-407e-b55f-c1a06fc6248b', 'e026e288-3e11-480d-b309-437503bf741b', NULL, NULL, '2025-04-01');
INSERT INTO operations (id, action_id, wilaya_id, title, year, status, observation) VALUES ('f096e3d9-1dcf-4d39-adb1-31f98dc26eda', NULL, '89d07b9e-a451-4b39-9c55-878b7b16fa0c', 'Opération inconnue', 2025, 'Travaux en cours (réévaluation accordée en 2025 avec un montant 150000000 da)', 'Travaux en cours (réévaluation accordée en 2025 avec un montant 150000000 da)');
INSERT INTO wilayas (id, code, name) VALUES ('89d07b9e-a451-4b39-9c55-878b7b16fa0c', '03', 'Laghouat');
INSERT INTO engagements (id, operation_id, amount, year, type) VALUES ('061382da-67b5-4ee4-9700-2e35d00ee711', 'f096e3d9-1dcf-4d39-adb1-31f98dc26eda', NULL, 2025, 'initial');
INSERT INTO financial_operations (id, operation_id, executed_ae, executed_cp, execution_date) VALUES ('e1552c18-6d5d-4d03-b91c-65bff6af93a3', 'f096e3d9-1dcf-4d39-adb1-31f98dc26eda', NULL, NULL, '2025-04-01');
INSERT INTO operations (id, action_id, wilaya_id, title, year, status, observation) VALUES ('7b4e8a2a-a143-4bfd-85f4-8c162b8b707c', NULL, '186746af-941d-4cf5-9432-0772bbc85b16', 'Opération inconnue', 2025, 'nan', 'nan');
INSERT INTO wilayas (id, code, name) VALUES ('186746af-941d-4cf5-9432-0772bbc85b16', '03', 'Laghouat');
INSERT INTO engagements (id, operation_id, amount, year, type) VALUES ('76775f77-e84c-4d08-ae5b-e2878e5b4942', '7b4e8a2a-a143-4bfd-85f4-8c162b8b707c', NULL, 2025, 'initial');
INSERT INTO financial_operations (id, operation_id, executed_ae, executed_cp, execution_date) VALUES ('34ab1517-12b8-481b-bcda-1d37bcadb94b', '7b4e8a2a-a143-4bfd-85f4-8c162b8b707c', NULL, NULL, '2025-04-01');
INSERT INTO operations (id, action_id, wilaya_id, title, year, status, observation) VALUES ('16a67f1f-bd5a-40b8-a16a-7953b90f0caa', NULL, '1ef55741-8aab-45aa-8640-627d876068f3', 'Opération inconnue', 2025, 'nan', 'nan');
INSERT INTO wilayas (id, code, name) VALUES ('1ef55741-8aab-45aa-8640-627d876068f3', '03', 'Laghouat');
INSERT INTO engagements (id, operation_id, amount, year, type) VALUES ('255f8474-53e4-45bf-9c39-f4b29ca3e8c9', '16a67f1f-bd5a-40b8-a16a-7953b90f0caa', NULL, 2025, 'initial');
INSERT INTO financial_operations (id, operation_id, executed_ae, executed_cp, execution_date) VALUES ('92216a52-4f29-4f16-92fb-5ade535271c4', '16a67f1f-bd5a-40b8-a16a-7953b90f0caa', NULL, NULL, '2025-04-01');
INSERT INTO operations (id, action_id, wilaya_id, title, year, status, observation) VALUES ('d88c5950-5de4-40db-811a-19f5a9b8e61b', NULL, '959111fc-5d44-4105-80f9-6fd516db5419', 'Opération inconnue', 2025, 'en cours l''achèvement minaret + coupole salle - d''ablution et VRD.', 'en cours l''achèvement minaret + coupole salle - d''ablution et VRD.');
INSERT INTO wilayas (id, code, name) VALUES ('959111fc-5d44-4105-80f9-6fd516db5419', '03', 'Laghouat');
INSERT INTO engagements (id, operation_id, amount, year, type) VALUES ('aafba3ac-6d18-4d4c-8239-88fd3c2e7902', 'd88c5950-5de4-40db-811a-19f5a9b8e61b', NULL, 2025, 'initial');
INSERT INTO financial_operations (id, operation_id, executed_ae, executed_cp, execution_date) VALUES ('b21f7b24-1795-4972-8097-bfc83c1757af', 'd88c5950-5de4-40db-811a-19f5a9b8e61b', NULL, NULL, '2025-04-01');
INSERT INTO operations (id, action_id, wilaya_id, title, year, status, observation) VALUES ('39e01ae2-8472-417a-b4d2-9ef7b0894fa9', NULL, '7be9c81c-79bf-4346-99db-4c2f4ebe31e1', 'Opération inconnue', 2025, 'Opération achevée', 'Opération achevée');
INSERT INTO wilayas (id, code, name) VALUES ('7be9c81c-79bf-4346-99db-4c2f4ebe31e1', '03', 'Laghouat');
INSERT INTO engagements (id, operation_id, amount, year, type) VALUES ('a7153983-d275-41fe-8ab1-9df0c8a4b6f3', '39e01ae2-8472-417a-b4d2-9ef7b0894fa9', NULL, 2025, 'initial');
INSERT INTO financial_operations (id, operation_id, executed_ae, executed_cp, execution_date) VALUES ('551b0899-f631-4973-bbad-c9ff6521e760', '39e01ae2-8472-417a-b4d2-9ef7b0894fa9', NULL, NULL, '2025-04-01');
INSERT INTO operations (id, action_id, wilaya_id, title, year, status, observation) VALUES ('ae2daeb5-0784-4e54-9f82-448e9d5df539', NULL, 'cef68293-1949-4c0c-a48b-42031ced4384', 'Opération inconnue', 2025, 'Acquisition des accélérateurs en cours', 'Acquisition des accélérateurs en cours');
INSERT INTO wilayas (id, code, name) VALUES ('cef68293-1949-4c0c-a48b-42031ced4384', '03', 'Laghouat');
INSERT INTO engagements (id, operation_id, amount, year, type) VALUES ('56f5c342-dd3a-4867-b3cd-bdb2443aa909', 'ae2daeb5-0784-4e54-9f82-448e9d5df539', NULL, 2025, 'initial');
INSERT INTO financial_operations (id, operation_id, executed_ae, executed_cp, execution_date) VALUES ('cc4d159e-92a2-4c65-870c-37ff6691d234', 'ae2daeb5-0784-4e54-9f82-448e9d5df539', NULL, NULL, '2025-04-01');
INSERT INTO operations (id, action_id, wilaya_id, title, year, status, observation) VALUES ('2e0889fe-5c9b-4802-9626-faddb738f05b', NULL, 'ccbf31df-1939-418a-aed9-0e1078c36bc0', 'Opération inconnue', 2025, 'nan', 'nan');
INSERT INTO wilayas (id, code, name) VALUES ('ccbf31df-1939-418a-aed9-0e1078c36bc0', '03', 'Laghouat');
INSERT INTO engagements (id, operation_id, amount, year, type) VALUES ('d461948e-7b23-4884-8635-8eb46fb1032a', '2e0889fe-5c9b-4802-9626-faddb738f05b', NULL, 2025, 'initial');
INSERT INTO financial_operations (id, operation_id, executed_ae, executed_cp, execution_date) VALUES ('4cf1e9b7-2efc-4733-ab71-5afdaad2ce26', '2e0889fe-5c9b-4802-9626-faddb738f05b', NULL, NULL, '2025-04-01');
INSERT INTO operations (id, action_id, wilaya_id, title, year, status, observation) VALUES ('f573785d-5205-4499-b4c1-44f993ce22ea', NULL, '1e4201f9-da95-494b-8259-83df38a3f9bb', 'Opération inconnue', 2025, 'Travaux en cours ', 'Travaux en cours ');
INSERT INTO wilayas (id, code, name) VALUES ('1e4201f9-da95-494b-8259-83df38a3f9bb', '03', 'Laghouat');
INSERT INTO engagements (id, operation_id, amount, year, type) VALUES ('eabf8f47-539e-4d3c-b9c2-9f8c11de9fb6', 'f573785d-5205-4499-b4c1-44f993ce22ea', NULL, 2025, 'initial');
INSERT INTO financial_operations (id, operation_id, executed_ae, executed_cp, execution_date) VALUES ('7cad685e-034b-48fc-8b9b-f4a653f3d739', 'f573785d-5205-4499-b4c1-44f993ce22ea', NULL, NULL, '2025-04-01');
INSERT INTO operations (id, action_id, wilaya_id, title, year, status, observation) VALUES ('9e2fe0b8-2b48-4b4c-9def-c704410259d4', NULL, '4da8798e-719d-4b8e-9843-4b177ed0023d', 'Opération inconnue', 2025, 'Etude achevée travaux réalisation en cours', 'Etude achevée travaux réalisation en cours');
INSERT INTO wilayas (id, code, name) VALUES ('4da8798e-719d-4b8e-9843-4b177ed0023d', '03', 'Laghouat');
INSERT INTO engagements (id, operation_id, amount, year, type) VALUES ('34f036f7-b222-4c9d-831e-334d64ef53c9', '9e2fe0b8-2b48-4b4c-9def-c704410259d4', NULL, 2025, 'initial');
INSERT INTO financial_operations (id, operation_id, executed_ae, executed_cp, execution_date) VALUES ('33a7ff30-4ee6-4e16-bba3-de3648a98de0', '9e2fe0b8-2b48-4b4c-9def-c704410259d4', NULL, NULL, '2025-04-01');
INSERT INTO operations (id, action_id, wilaya_id, title, year, status, observation) VALUES ('f1383545-72e1-4222-8e72-6b05f81fbacf', NULL, 'ed43b2c9-f94a-42fc-a777-6073c50844f3', 'Opération inconnue', 2025, 'Achevée', 'Achevée');
INSERT INTO wilayas (id, code, name) VALUES ('ed43b2c9-f94a-42fc-a777-6073c50844f3', '26', 'Médéa');
INSERT INTO engagements (id, operation_id, amount, year, type) VALUES ('1878dfae-d381-46d1-9a2b-b66548036490', 'f1383545-72e1-4222-8e72-6b05f81fbacf', 2479731.27848, 2025, 'initial');
INSERT INTO financial_operations (id, operation_id, executed_ae, executed_cp, execution_date) VALUES ('9a418d16-170f-4031-b583-4873d1a61532', 'f1383545-72e1-4222-8e72-6b05f81fbacf', 2479731.27848, 2434168.0, '2025-04-01');
INSERT INTO operations (id, action_id, wilaya_id, title, year, status, observation) VALUES ('5d0d09d2-c375-443a-ab5a-6c25ff5959b2', NULL, '66a4f341-498a-44b8-9aed-30c30604aeca', 'Opération inconnue', 2025, 'En cours', 'nan');
INSERT INTO wilayas (id, code, name) VALUES ('66a4f341-498a-44b8-9aed-30c30604aeca', '26', 'Médéa');
INSERT INTO engagements (id, operation_id, amount, year, type) VALUES ('f9d0a319-a160-4d6a-b5fc-c9d097b0e6e4', '5d0d09d2-c375-443a-ab5a-6c25ff5959b2', 2655436.76271, 2025, 'initial');
INSERT INTO financial_operations (id, operation_id, executed_ae, executed_cp, execution_date) VALUES ('dbd1a18a-7108-4f4a-93c7-85f803766dd5', '5d0d09d2-c375-443a-ab5a-6c25ff5959b2', 2655436.76271, 570295.61489, '2025-04-01');
INSERT INTO operations (id, action_id, wilaya_id, title, year, status, observation) VALUES ('35be2158-a686-4620-a443-fa9d3856a582', NULL, 'b611c407-565c-479c-ae5f-268b4dcb1f1b', 'Opération inconnue', 2025, 'En cours', 'nan');
INSERT INTO wilayas (id, code, name) VALUES ('b611c407-565c-479c-ae5f-268b4dcb1f1b', '26', 'Médéa');
INSERT INTO engagements (id, operation_id, amount, year, type) VALUES ('0c2ad9a1-8922-4f14-87bd-dcc645bd877b', '35be2158-a686-4620-a443-fa9d3856a582', 3335589.9153400003, 2025, 'initial');
INSERT INTO financial_operations (id, operation_id, executed_ae, executed_cp, execution_date) VALUES ('cd80da39-f798-4f18-9d68-4329f2bfc5fc', '35be2158-a686-4620-a443-fa9d3856a582', 3335589.9153400003, 3098229.66415, '2025-04-01');
INSERT INTO operations (id, action_id, wilaya_id, title, year, status, observation) VALUES ('cf5fe6a1-2155-4939-b899-b9c05a0b973b', NULL, '76e15d2f-36ba-4a65-99c6-ed4ec97ce1ee', 'Opération inconnue', 2025, 'En cours', 'nan');
INSERT INTO wilayas (id, code, name) VALUES ('76e15d2f-36ba-4a65-99c6-ed4ec97ce1ee', '26', 'Médéa');
INSERT INTO engagements (id, operation_id, amount, year, type) VALUES ('2824858c-e7ff-4906-ba1c-87ccb0a57401', 'cf5fe6a1-2155-4939-b899-b9c05a0b973b', 6376600.51339, 2025, 'initial');
INSERT INTO financial_operations (id, operation_id, executed_ae, executed_cp, execution_date) VALUES ('2101c15b-d75b-45ea-88c2-a29d91bf6b4e', 'cf5fe6a1-2155-4939-b899-b9c05a0b973b', 6376600.51339, 1500620.6656900002, '2025-04-01');
INSERT INTO operations (id, action_id, wilaya_id, title, year, status, observation) VALUES ('5ff5f459-171f-4de9-bc9b-66e4b7b95eeb', NULL, '39990742-0c95-4305-a166-f265e3b8eacc', 'Opération inconnue', 2025, 'En cours', 'nan');
INSERT INTO wilayas (id, code, name) VALUES ('39990742-0c95-4305-a166-f265e3b8eacc', '26', 'Médéa');
INSERT INTO engagements (id, operation_id, amount, year, type) VALUES ('16952b1c-ab95-412d-bd56-3864ecf1801a', '5ff5f459-171f-4de9-bc9b-66e4b7b95eeb', 2815424.44147, 2025, 'initial');
INSERT INTO financial_operations (id, operation_id, executed_ae, executed_cp, execution_date) VALUES ('2974f0f6-0711-4d1d-ae22-68dd8de92f93', '5ff5f459-171f-4de9-bc9b-66e4b7b95eeb', 2815424.44147, 194883.28863999998, '2025-04-01');
INSERT INTO operations (id, action_id, wilaya_id, title, year, status, observation) VALUES ('83d9f974-e6ae-46f4-b9e6-bc6c12fe33d5', NULL, 'be6f2c2c-4562-4e29-a936-889bcf0e9e28', 'Opération inconnue', 2025, 'En cours', 'nan');
INSERT INTO wilayas (id, code, name) VALUES ('be6f2c2c-4562-4e29-a936-889bcf0e9e28', '26', 'Médéa');
INSERT INTO engagements (id, operation_id, amount, year, type) VALUES ('9bc3613b-b3b9-4eba-87be-3d9ce9131908', '83d9f974-e6ae-46f4-b9e6-bc6c12fe33d5', 5549952.52049, 2025, 'initial');
INSERT INTO financial_operations (id, operation_id, executed_ae, executed_cp, execution_date) VALUES ('0df14490-24c1-499f-8423-01563c451f10', '83d9f974-e6ae-46f4-b9e6-bc6c12fe33d5', 5549952.52049, 4113061.57681, '2025-04-01');
INSERT INTO operations (id, action_id, wilaya_id, title, year, status, observation) VALUES ('42316f4e-1754-4640-a4a9-e13a522ff17f', NULL, 'ab4e0aa7-88e4-4ac9-ab0c-10dd81c2c869', 'Opération inconnue', 2025, 'En cours', 'nan');
INSERT INTO wilayas (id, code, name) VALUES ('ab4e0aa7-88e4-4ac9-ab0c-10dd81c2c869', '26', 'Médéa');
INSERT INTO engagements (id, operation_id, amount, year, type) VALUES ('a9a0c586-4ba0-463a-a795-e87561574328', '42316f4e-1754-4640-a4a9-e13a522ff17f', 1987035.7791, 2025, 'initial');
INSERT INTO financial_operations (id, operation_id, executed_ae, executed_cp, execution_date) VALUES ('af4ef78d-f735-4438-9cb5-4da62818896a', '42316f4e-1754-4640-a4a9-e13a522ff17f', 1987035.7791, 296331.09010000003, '2025-04-01');
INSERT INTO operations (id, action_id, wilaya_id, title, year, status, observation) VALUES ('f1a2a9bb-db93-4d52-9d2b-352df61c28ad', NULL, 'ad824763-65a9-42c5-abf8-da34441679b6', 'Opération inconnue', 2025, 'nan', 'En cours d''individualisation ');
INSERT INTO wilayas (id, code, name) VALUES ('ad824763-65a9-42c5-abf8-da34441679b6', '17', 'Djelfa');
INSERT INTO engagements (id, operation_id, amount, year, type) VALUES ('d4f5e160-c1a0-4d38-bcdf-e0ec97b2ee82', 'f1a2a9bb-db93-4d52-9d2b-352df61c28ad', 0.0, 2025, 'initial');
INSERT INTO financial_operations (id, operation_id, executed_ae, executed_cp, execution_date) VALUES ('c61de703-2a02-4723-a10a-899e0969c9ef', 'f1a2a9bb-db93-4d52-9d2b-352df61c28ad', 0.0, 0.0, '2025-04-01');
INSERT INTO operations (id, action_id, wilaya_id, title, year, status, observation) VALUES ('e196759e-d740-4e53-a25e-02e42ecbbe23', NULL, 'cccffd23-5ead-448f-aaf7-d1ea903c7438', 'Opération inconnue', 2025, 'nan', '  Présence des habitations sur les sites des travaux ;
  AE insuffisante
 ');
INSERT INTO wilayas (id, code, name) VALUES ('cccffd23-5ead-448f-aaf7-d1ea903c7438', '15', 'Tizi Ouzou');
INSERT INTO engagements (id, operation_id, amount, year, type) VALUES ('a5b6beb2-8f05-4335-b7f0-1baff3091ada', 'e196759e-d740-4e53-a25e-02e42ecbbe23', NULL, 2025, 'initial');
INSERT INTO financial_operations (id, operation_id, executed_ae, executed_cp, execution_date) VALUES ('2b4fa122-cd6f-4b88-8dc1-587b75cc90e1', 'e196759e-d740-4e53-a25e-02e42ecbbe23', NULL, 23524980.0, '2025-04-01');
INSERT INTO operations (id, action_id, wilaya_id, title, year, status, observation) VALUES ('dfa79e61-48f2-405c-be98-a96c1f160cdb', NULL, 'f87fdd4f-de01-4a91-911c-c7ffff457db5', 'Opération inconnue', 2025, 'nan', 'Impact du projet Renforcement de l''AEP des communes côtières. Population touchée par le projet 190 000 habitants,');
INSERT INTO wilayas (id, code, name) VALUES ('f87fdd4f-de01-4a91-911c-c7ffff457db5', '15', 'Tizi Ouzou');
INSERT INTO engagements (id, operation_id, amount, year, type) VALUES ('6777f608-58c8-4b21-a758-cfbc2a2ac2fb', 'dfa79e61-48f2-405c-be98-a96c1f160cdb', NULL, 2025, 'initial');
INSERT INTO financial_operations (id, operation_id, executed_ae, executed_cp, execution_date) VALUES ('eeef91c1-2897-4566-9067-45870428af36', 'dfa79e61-48f2-405c-be98-a96c1f160cdb', NULL, 0.0, '2025-04-01');
INSERT INTO operations (id, action_id, wilaya_id, title, year, status, observation) VALUES ('71734eac-3abd-4ae8-a25e-b5f393333fdb', NULL, 'd8eeb72a-0f19-4f54-9c82-211056551b48', 'Opération inconnue', 2025, 'nan', 'Construction et habitation (délogement) ; Réseaux divers: 93 (Lignes électriques , dont 01 de haute tension HT, Gaz ; Fibres Optiques etc.).');
INSERT INTO wilayas (id, code, name) VALUES ('d8eeb72a-0f19-4f54-9c82-211056551b48', '15', 'Tizi Ouzou');
INSERT INTO engagements (id, operation_id, amount, year, type) VALUES ('e139f097-7b37-48a8-87a5-f81df57916ab', '71734eac-3abd-4ae8-a25e-b5f393333fdb', NULL, 2025, 'initial');
INSERT INTO financial_operations (id, operation_id, executed_ae, executed_cp, execution_date) VALUES ('0c92bddb-64c9-450a-9996-8f91c5d59318', '71734eac-3abd-4ae8-a25e-b5f393333fdb', NULL, 76882000.0, '2025-04-01');
INSERT INTO operations (id, action_id, wilaya_id, title, year, status, observation) VALUES ('411ebcc5-54bd-44ac-b16f-5670dcf6d4e2', NULL, '46d387ff-3f8d-4827-99af-7b10e51f346b', 'Opération inconnue', 2025, 'nan', 'Ce projet constitue un objectif stratégique qui assurera: Une distribution de soins spécialisés à l''échelon régional et placera la Wilaya de Tizi Ouzou en pôle médical d''excellence ;Des soins de haut niveau en matière des services de santé, basés sur les nouvelles techniques de chirurgie, de médecine et d''explorations ;Un meilleur accès de la population à des soins hautement spécialisés ;Accroitre la recherche médicale et privilégier davantage les spécialités innovantes ;');
INSERT INTO wilayas (id, code, name) VALUES ('46d387ff-3f8d-4827-99af-7b10e51f346b', '15', 'Tizi Ouzou');
INSERT INTO engagements (id, operation_id, amount, year, type) VALUES ('d90cb8b0-3568-457c-9d40-3172ded91f48', '411ebcc5-54bd-44ac-b16f-5670dcf6d4e2', NULL, 2025, 'initial');
INSERT INTO financial_operations (id, operation_id, executed_ae, executed_cp, execution_date) VALUES ('1e0481b6-fa2b-45d2-8d51-8af1a3e1909a', '411ebcc5-54bd-44ac-b16f-5670dcf6d4e2', NULL, 0.0, '2025-04-01');
INSERT INTO operations (id, action_id, wilaya_id, title, year, status, observation) VALUES ('543d6914-160f-46d8-a17e-7cbaeea4ab14', NULL, '44e7cc6a-fc24-44d4-855a-cbea02b1eb87', 'Opération inconnue', 2025, 'Gelée', 'Gelée par Décision N°5508 du 19/10/2015');
INSERT INTO wilayas (id, code, name) VALUES ('44e7cc6a-fc24-44d4-855a-cbea02b1eb87', '35', 'Boumerdes');
INSERT INTO engagements (id, operation_id, amount, year, type) VALUES ('d522dee4-4d06-4102-9054-416955ed777e', '543d6914-160f-46d8-a17e-7cbaeea4ab14', 0.0, 2025, 'initial');
INSERT INTO financial_operations (id, operation_id, executed_ae, executed_cp, execution_date) VALUES ('492186a8-9504-49aa-9077-a2cb338c33bc', '543d6914-160f-46d8-a17e-7cbaeea4ab14', 0.0, 0.0, '2025-04-01');
INSERT INTO operations (id, action_id, wilaya_id, title, year, status, observation) VALUES ('ef7503a5-c275-4aa9-935c-65ef4d351dbb', NULL, 'd3f22fc0-45d8-468d-9060-4e456dc3f734', 'Opération inconnue', 2025, 'En cours', 'Travaux en cours');
INSERT INTO wilayas (id, code, name) VALUES ('d3f22fc0-45d8-468d-9060-4e456dc3f734', '35', 'Boumerdes');
INSERT INTO engagements (id, operation_id, amount, year, type) VALUES ('d42939f0-c951-4d17-89b3-1c618f52eaa0', 'ef7503a5-c275-4aa9-935c-65ef4d351dbb', 3052865.96062, 2025, 'initial');
INSERT INTO financial_operations (id, operation_id, executed_ae, executed_cp, execution_date) VALUES ('1907ea99-28d4-4eea-a155-f73ced4c4002', 'ef7503a5-c275-4aa9-935c-65ef4d351dbb', 3052865.96062, 1978724.52856, '2025-04-01');
INSERT INTO operations (id, action_id, wilaya_id, title, year, status, observation) VALUES ('0e807c2e-1251-49ea-a113-234961cdd027', NULL, '40eead9b-446f-4499-8b49-bdb4016d820f', 'Opération inconnue', 2025, 'à l''arrêt', 'Travaux à l''arrêt depuis le 29/08/2022, résiliation à l''amiable du marché est en cours.');
INSERT INTO wilayas (id, code, name) VALUES ('40eead9b-446f-4499-8b49-bdb4016d820f', '35', 'Boumerdes');
INSERT INTO engagements (id, operation_id, amount, year, type) VALUES ('c3c18162-557c-43c1-af84-c512c52e2bf0', '0e807c2e-1251-49ea-a113-234961cdd027', 702335.6754099999, 2025, 'initial');
INSERT INTO financial_operations (id, operation_id, executed_ae, executed_cp, execution_date) VALUES ('36c4d413-89f9-4df5-b73d-c47fec26635a', '0e807c2e-1251-49ea-a113-234961cdd027', 702335.6754099999, 675969.3056600001, '2025-04-01');
INSERT INTO operations (id, action_id, wilaya_id, title, year, status, observation) VALUES ('0110517a-5174-4e4d-b350-734e5279f5d0', NULL, '278b56cc-8650-43d7-9028-4ddebdece6c9', 'Opération inconnue', 2025, 'En cours', '09 lots achevés, 01 lot en cours de réalisation.');
INSERT INTO wilayas (id, code, name) VALUES ('278b56cc-8650-43d7-9028-4ddebdece6c9', '35', 'Boumerdes');
INSERT INTO engagements (id, operation_id, amount, year, type) VALUES ('83f36bf1-56e3-40d9-8c79-2418b9067b19', '0110517a-5174-4e4d-b350-734e5279f5d0', 3639861.63693, 2025, 'initial');
INSERT INTO financial_operations (id, operation_id, executed_ae, executed_cp, execution_date) VALUES ('f925fee2-b11b-4518-bbd6-553807014fa3', '0110517a-5174-4e4d-b350-734e5279f5d0', 3639861.63693, 3392146.1676000003, '2025-04-01');
INSERT INTO operations (id, action_id, wilaya_id, title, year, status, observation) VALUES ('45371542-e07f-4420-9b84-e07fdb87b70c', NULL, 'b60ede5e-c704-445d-a949-0b9f67bae3c2', 'Opération inconnue', 2025, 'Achevée', 'A clôturer ');
INSERT INTO wilayas (id, code, name) VALUES ('b60ede5e-c704-445d-a949-0b9f67bae3c2', '35', 'Boumerdes');
INSERT INTO engagements (id, operation_id, amount, year, type) VALUES ('61b0f038-3645-44c2-8ed6-7571782064ed', '45371542-e07f-4420-9b84-e07fdb87b70c', 2571314.00705, 2025, 'initial');
INSERT INTO financial_operations (id, operation_id, executed_ae, executed_cp, execution_date) VALUES ('c2209cb4-317d-4fef-a45e-8015be61a275', '45371542-e07f-4420-9b84-e07fdb87b70c', 2571314.00705, 2570938.0471099997, '2025-04-01');
INSERT INTO operations (id, action_id, wilaya_id, title, year, status, observation) VALUES ('b1d511e4-874c-42a3-a285-d534f6f7ebbe', NULL, '962c576c-5757-4527-99dd-264cdf338c2f', 'Opération inconnue', 2025, 'Non lancée ', ' Dossier d''étude déposé  au niveau du ministère de la santé pour approbation');
INSERT INTO wilayas (id, code, name) VALUES ('962c576c-5757-4527-99dd-264cdf338c2f', '35', 'Boumerdes');
INSERT INTO engagements (id, operation_id, amount, year, type) VALUES ('f5643729-4775-4e03-8013-8c6ae6dbc8d1', 'b1d511e4-874c-42a3-a285-d534f6f7ebbe', 105475.68238, 2025, 'initial');
INSERT INTO financial_operations (id, operation_id, executed_ae, executed_cp, execution_date) VALUES ('b8183fbb-dafa-4997-9def-34d33c6c29db', 'b1d511e4-874c-42a3-a285-d534f6f7ebbe', 105475.68238, 27361.35152, '2025-04-01');
INSERT INTO operations (id, action_id, wilaya_id, title, year, status, observation) VALUES ('f7f25938-c0c1-4bd3-9c35-a10dbe341909', NULL, '4d36c0d0-de5d-48a9-8d59-42b8ce167ed5', 'Opération inconnue', 2025, 'En cours', 'Travaux en cours');
INSERT INTO wilayas (id, code, name) VALUES ('4d36c0d0-de5d-48a9-8d59-42b8ce167ed5', '35', 'Boumerdes');
INSERT INTO engagements (id, operation_id, amount, year, type) VALUES ('9bd521b6-2125-4603-a54c-9e44758e1631', 'f7f25938-c0c1-4bd3-9c35-a10dbe341909', 1442450.3391099998, 2025, 'initial');
INSERT INTO financial_operations (id, operation_id, executed_ae, executed_cp, execution_date) VALUES ('fb7f68a1-940a-4df5-ae3a-cc5d47a126c1', 'f7f25938-c0c1-4bd3-9c35-a10dbe341909', 1442450.3391099998, 227372.04348, '2025-04-01');
INSERT INTO operations (id, action_id, wilaya_id, title, year, status, observation) VALUES ('d9fec47a-2fc6-46f9-801e-5ef229d97ca5', NULL, '24f12777-5cd2-453a-8185-2bd2f17c8721', 'Opération inconnue', 2025, 'à l''arrêt', 'Travaux à l''arrêt depuis 22/03/2020, motif approbation de l''avenant n°05 auprès  de la commission sectorielle,');
INSERT INTO wilayas (id, code, name) VALUES ('24f12777-5cd2-453a-8185-2bd2f17c8721', '35', 'Boumerdes');
INSERT INTO engagements (id, operation_id, amount, year, type) VALUES ('0cc680dd-ca10-4524-8494-bab3844e9308', 'd9fec47a-2fc6-46f9-801e-5ef229d97ca5', 1516941.02228, 2025, 'initial');
INSERT INTO financial_operations (id, operation_id, executed_ae, executed_cp, execution_date) VALUES ('e36e84c8-6491-4704-a525-3fca315c2f6a', 'd9fec47a-2fc6-46f9-801e-5ef229d97ca5', 1516941.02228, 1069818.3300800002, '2025-04-01');
INSERT INTO operations (id, action_id, wilaya_id, title, year, status, observation) VALUES ('e31d20f4-e30b-4b1a-9487-9b6659535504', NULL, 'b14ec3fa-d101-4a89-a4d7-f4964bb6ef5f', 'Opération inconnue', 2025, 'En cours', 'Travaux en cours');
INSERT INTO wilayas (id, code, name) VALUES ('b14ec3fa-d101-4a89-a4d7-f4964bb6ef5f', '35', 'Boumerdes');
INSERT INTO engagements (id, operation_id, amount, year, type) VALUES ('c1cb58a4-7037-4112-bb3a-a77271fd5cc3', 'e31d20f4-e30b-4b1a-9487-9b6659535504', 5518318.47938, 2025, 'initial');
INSERT INTO financial_operations (id, operation_id, executed_ae, executed_cp, execution_date) VALUES ('28d05839-b8c2-49bf-8dbe-fb5ba65ae02c', 'e31d20f4-e30b-4b1a-9487-9b6659535504', 5518318.47938, 2562608.45363, '2025-04-01');
INSERT INTO operations (id, action_id, wilaya_id, title, year, status, observation) VALUES ('92be7fce-58f3-40e5-bd47-899b432ec052', NULL, '8d14498b-710f-4f3b-b9ce-1ad3feb9793f', 'Opération inconnue', 2025, 'Non lancée', ' Dossier d''étude déposé  au niveau du ministère de la santé pour approbation');
INSERT INTO wilayas (id, code, name) VALUES ('8d14498b-710f-4f3b-b9ce-1ad3feb9793f', '35', 'Boumerdes');
INSERT INTO engagements (id, operation_id, amount, year, type) VALUES ('772dad76-0199-472c-b170-4ef4649435cb', '92be7fce-58f3-40e5-bd47-899b432ec052', 8390.28545, 2025, 'initial');
INSERT INTO financial_operations (id, operation_id, executed_ae, executed_cp, execution_date) VALUES ('cdb55fb0-c529-49d2-8e03-80471505fcdd', '92be7fce-58f3-40e5-bd47-899b432ec052', 8390.28545, 4445.81623, '2025-04-01');
INSERT INTO operations (id, action_id, wilaya_id, title, year, status, observation) VALUES ('8779ad8d-399b-4ed5-8d6b-7f78bb79893c', NULL, 'f41d327d-1545-4b42-8c74-9002464c7f8b', 'Opération inconnue', 2025, 'Non lancée ', ' Dossier d''étude déposé  au niveau du ministère de la santé pour approbation');
INSERT INTO wilayas (id, code, name) VALUES ('f41d327d-1545-4b42-8c74-9002464c7f8b', '35', 'Boumerdes');
INSERT INTO engagements (id, operation_id, amount, year, type) VALUES ('9d72eab8-a4c4-438d-ad38-4ba780c59f89', '8779ad8d-399b-4ed5-8d6b-7f78bb79893c', 3156.20318, 2025, 'initial');
INSERT INTO financial_operations (id, operation_id, executed_ae, executed_cp, execution_date) VALUES ('536f59a8-dbfd-4994-b07f-eaf344c12590', '8779ad8d-399b-4ed5-8d6b-7f78bb79893c', 3156.20318, 1596.20318, '2025-04-01');
INSERT INTO operations (id, action_id, wilaya_id, title, year, status, observation) VALUES ('d423497f-5fd2-4436-b9ac-bc48f1d2ac2d', NULL, '8169d500-ff98-48c2-a142-c374bb0b22c8', 'Opération inconnue', 2025, 'En cours', 'Travaux en cours');
INSERT INTO wilayas (id, code, name) VALUES ('8169d500-ff98-48c2-a142-c374bb0b22c8', '35', 'Boumerdes');
INSERT INTO engagements (id, operation_id, amount, year, type) VALUES ('383120ae-4592-43a0-b266-d1823695fc69', 'd423497f-5fd2-4436-b9ac-bc48f1d2ac2d', 8188286.16273, 2025, 'initial');
INSERT INTO financial_operations (id, operation_id, executed_ae, executed_cp, execution_date) VALUES ('8674e60a-4ab8-4d46-8f8a-a055259dcfc9', 'd423497f-5fd2-4436-b9ac-bc48f1d2ac2d', 8188286.16273, 7337675.353219999, '2025-04-01');
INSERT INTO operations (id, action_id, wilaya_id, title, year, status, observation) VALUES ('4959da77-fa89-4ffa-bc76-45e20c14abe8', NULL, '82eb32f9-7a99-497b-82f3-1baf0cf0ba7f', 'Opération inconnue', 2025, 'Achevée', 'A clôturer ');
INSERT INTO wilayas (id, code, name) VALUES ('82eb32f9-7a99-497b-82f3-1baf0cf0ba7f', '35', 'Boumerdes');
INSERT INTO engagements (id, operation_id, amount, year, type) VALUES ('4d91b6df-c8c3-4a11-adea-daeae5822269', '4959da77-fa89-4ffa-bc76-45e20c14abe8', 1688998.41752, 2025, 'initial');
INSERT INTO financial_operations (id, operation_id, executed_ae, executed_cp, execution_date) VALUES ('592edef7-9ee0-420e-867d-3e1fdb9e1ddf', '4959da77-fa89-4ffa-bc76-45e20c14abe8', 1688998.41752, 1623094.8989000004, '2025-04-01');
INSERT INTO operations (id, action_id, wilaya_id, title, year, status, observation) VALUES ('623297c7-e77f-4147-80c3-a01579b1dd54', NULL, '1392069c-0279-4e94-8fc5-0349c425e12a', 'Opération inconnue', 2025, 'Achevée', 'A clôturer ');
INSERT INTO wilayas (id, code, name) VALUES ('1392069c-0279-4e94-8fc5-0349c425e12a', '35', 'Boumerdes');
INSERT INTO engagements (id, operation_id, amount, year, type) VALUES ('d29f5ea5-b063-4359-aa90-4e7ce5efd5a2', '623297c7-e77f-4147-80c3-a01579b1dd54', 4119821.85143, 2025, 'initial');
INSERT INTO financial_operations (id, operation_id, executed_ae, executed_cp, execution_date) VALUES ('c587380f-d198-47f4-86d3-9d06de9dc99b', '623297c7-e77f-4147-80c3-a01579b1dd54', 4119821.85143, 4042541.5100300005, '2025-04-01');
INSERT INTO operations (id, action_id, wilaya_id, title, year, status, observation) VALUES ('cd5cff88-c824-4f95-918e-95f78d723b27', NULL, 'b9d320cd-dd65-4156-a3db-d0a51dbb04b0', 'Opération inconnue', 2025, 'nan', 'Travaux  en voie d''achèvement                                               *aménagement extérieur en cours                   *rinçage des conduites en cours');
INSERT INTO wilayas (id, code, name) VALUES ('b9d320cd-dd65-4156-a3db-d0a51dbb04b0', '35', 'Boumerdes');
INSERT INTO engagements (id, operation_id, amount, year, type) VALUES ('706ceff4-e6e3-4950-b4c2-aa691aeee9a6', 'cd5cff88-c824-4f95-918e-95f78d723b27', NULL, 2025, 'initial');
INSERT INTO financial_operations (id, operation_id, executed_ae, executed_cp, execution_date) VALUES ('79e523ce-c226-4ad9-88f1-324fd9396ca0', 'cd5cff88-c824-4f95-918e-95f78d723b27', NULL, NULL, '2025-04-01');
INSERT INTO operations (id, action_id, wilaya_id, title, year, status, observation) VALUES ('206cbf16-22e1-4420-a091-8dbd470e2b1a', NULL, '6ae38ddf-fd11-4569-8ea2-723dea3d33ee', 'Opération inconnue', 2025, 'nan', 'travaux  a l''arrêt (ODS d''arrêt)');
INSERT INTO wilayas (id, code, name) VALUES ('6ae38ddf-fd11-4569-8ea2-723dea3d33ee', '35', 'Boumerdes');
INSERT INTO engagements (id, operation_id, amount, year, type) VALUES ('6493c003-9629-466e-9421-8818a2787a1f', '206cbf16-22e1-4420-a091-8dbd470e2b1a', NULL, 2025, 'initial');
INSERT INTO financial_operations (id, operation_id, executed_ae, executed_cp, execution_date) VALUES ('87231bed-1d10-4cca-8d4c-3a9301b37c89', '206cbf16-22e1-4420-a091-8dbd470e2b1a', NULL, NULL, '2025-04-01');
INSERT INTO operations (id, action_id, wilaya_id, title, year, status, observation) VALUES ('5a8b0442-f9cb-45db-8777-60bcae4d38dc', NULL, '45c1ff8d-e6d7-4f01-9376-f58d2480cfca', 'Opération inconnue', 2025, 'nan', ' projet attribué,  PDM en cours de la levée des réserves                                           Déclassement de l’assiette  en cours
');
INSERT INTO wilayas (id, code, name) VALUES ('45c1ff8d-e6d7-4f01-9376-f58d2480cfca', '35', 'Boumerdes');
INSERT INTO engagements (id, operation_id, amount, year, type) VALUES ('6881042a-b25a-4f73-8afc-ec72b37526cc', '5a8b0442-f9cb-45db-8777-60bcae4d38dc', NULL, 2025, 'initial');
INSERT INTO financial_operations (id, operation_id, executed_ae, executed_cp, execution_date) VALUES ('139ef95c-214e-4550-aa42-18734648e316', '5a8b0442-f9cb-45db-8777-60bcae4d38dc', NULL, NULL, '2025-04-01');
INSERT INTO operations (id, action_id, wilaya_id, title, year, status, observation) VALUES ('8f471457-bf56-4308-98cf-4be85c974095', NULL, '152a1ffb-081f-4371-9819-48b578b5ea2f', 'Opération inconnue', 2025, 'nan', 'CDC en cours de la levée des réserves                                           Déclassement de l’assiette  en cours
');
INSERT INTO wilayas (id, code, name) VALUES ('152a1ffb-081f-4371-9819-48b578b5ea2f', '35', 'Boumerdes');
INSERT INTO engagements (id, operation_id, amount, year, type) VALUES ('2db009ac-b6b4-4ddd-95d3-de1186124e99', '8f471457-bf56-4308-98cf-4be85c974095', NULL, 2025, 'initial');
INSERT INTO financial_operations (id, operation_id, executed_ae, executed_cp, execution_date) VALUES ('a2bcc91a-07ea-430d-9da6-1225dda883c7', '8f471457-bf56-4308-98cf-4be85c974095', NULL, NULL, '2025-04-01');
INSERT INTO operations (id, action_id, wilaya_id, title, year, status, observation) VALUES ('4c9b8be9-38fe-4b6a-b6f4-eb436cd7c528', NULL, 'ef020db0-0ba4-41a4-83a6-9169d430aaa5', 'Opération inconnue', 2025, 'En cours', 'nan');
INSERT INTO wilayas (id, code, name) VALUES ('ef020db0-0ba4-41a4-83a6-9169d430aaa5', '10', 'Bouira');
INSERT INTO engagements (id, operation_id, amount, year, type) VALUES ('b7cd6204-5a29-4135-88d4-a077715f2053', '4c9b8be9-38fe-4b6a-b6f4-eb436cd7c528', 3711941.58978, 2025, 'initial');
INSERT INTO financial_operations (id, operation_id, executed_ae, executed_cp, execution_date) VALUES ('5a61e3ca-3f95-4a22-8e1e-e0d64b77543d', '4c9b8be9-38fe-4b6a-b6f4-eb436cd7c528', 3711941.58978, 3707512.08582, '2025-04-01');
INSERT INTO operations (id, action_id, wilaya_id, title, year, status, observation) VALUES ('d2ff0a39-3daf-402c-9457-c702bbb0297d', NULL, '85403068-92ee-42fb-8c61-650be0742f84', 'Opération inconnue', 2025, 'En cours', 'nan');
INSERT INTO wilayas (id, code, name) VALUES ('85403068-92ee-42fb-8c61-650be0742f84', '10', 'Bouira');
INSERT INTO engagements (id, operation_id, amount, year, type) VALUES ('a1b1564f-57b6-4eb7-a4f7-4b72b82dda83', 'd2ff0a39-3daf-402c-9457-c702bbb0297d', 5732396.0, 2025, 'initial');
INSERT INTO financial_operations (id, operation_id, executed_ae, executed_cp, execution_date) VALUES ('25b38847-3fad-4c6d-8563-67c5af0f987f', 'd2ff0a39-3daf-402c-9457-c702bbb0297d', 5732396.0, 5570823.0, '2025-04-01');
INSERT INTO operations (id, action_id, wilaya_id, title, year, status, observation) VALUES ('06409c13-714f-4625-8299-9420910a81b0', NULL, '7a94c36d-cf87-4a00-a9ff-26c21608aa0f', 'Opération inconnue', 2025, 'En cours', 'nan');
INSERT INTO wilayas (id, code, name) VALUES ('7a94c36d-cf87-4a00-a9ff-26c21608aa0f', '10', 'Bouira');
INSERT INTO engagements (id, operation_id, amount, year, type) VALUES ('107b27ac-4e6c-4676-bfdc-d3b2cfcb28d9', '06409c13-714f-4625-8299-9420910a81b0', 1718151.71478, 2025, 'initial');
INSERT INTO financial_operations (id, operation_id, executed_ae, executed_cp, execution_date) VALUES ('80fbbcad-0bce-4c96-8be0-421505e88b80', '06409c13-714f-4625-8299-9420910a81b0', 1718151.71478, 1650832.0, '2025-04-01');
INSERT INTO operations (id, action_id, wilaya_id, title, year, status, observation) VALUES ('b7a9658c-8970-49f2-a171-c99d930f48f9', NULL, '10f8a1c0-63ed-4782-96f4-a03f1439c8f4', 'Opération inconnue', 2025, 'En cours', 'nan');
INSERT INTO wilayas (id, code, name) VALUES ('10f8a1c0-63ed-4782-96f4-a03f1439c8f4', '10', 'Bouira');
INSERT INTO engagements (id, operation_id, amount, year, type) VALUES ('477543d7-9699-41f3-b95c-4b049a993d08', 'b7a9658c-8970-49f2-a171-c99d930f48f9', 2649570.82957, 2025, 'initial');
INSERT INTO financial_operations (id, operation_id, executed_ae, executed_cp, execution_date) VALUES ('cac70108-7144-4149-bab0-558c60a9de67', 'b7a9658c-8970-49f2-a171-c99d930f48f9', 2649570.82957, 960980.72667, '2025-04-01');
INSERT INTO operations (id, action_id, wilaya_id, title, year, status, observation) VALUES ('683b01c7-eedc-4773-9cec-12fdefe5fc03', NULL, 'c2d5a320-7a18-401f-9016-914f89aca42b', 'Opération inconnue', 2025, 'En cours', 'nan');
INSERT INTO wilayas (id, code, name) VALUES ('c2d5a320-7a18-401f-9016-914f89aca42b', '10', 'Bouira');
INSERT INTO engagements (id, operation_id, amount, year, type) VALUES ('2bf3d82f-c9ce-4008-b922-cd0bb293b9cd', '683b01c7-eedc-4773-9cec-12fdefe5fc03', 603770.76643, 2025, 'initial');
INSERT INTO financial_operations (id, operation_id, executed_ae, executed_cp, execution_date) VALUES ('e35a34ee-953e-43c3-ac35-bc86a8f32674', '683b01c7-eedc-4773-9cec-12fdefe5fc03', 603770.76643, 563379.1269800001, '2025-04-01');
INSERT INTO operations (id, action_id, wilaya_id, title, year, status, observation) VALUES ('024b4cb7-c0ca-4add-b983-4cb0be653397', NULL, '01112a14-a9b6-4dfc-82c8-fe5c546101c6', 'Opération inconnue', 2025, 'En cours', 'nan');
INSERT INTO wilayas (id, code, name) VALUES ('01112a14-a9b6-4dfc-82c8-fe5c546101c6', '10', 'Bouira');
INSERT INTO engagements (id, operation_id, amount, year, type) VALUES ('04553e1a-5560-47ac-bbb6-2db7376baa1f', '024b4cb7-c0ca-4add-b983-4cb0be653397', 1070656.74444, 2025, 'initial');
INSERT INTO financial_operations (id, operation_id, executed_ae, executed_cp, execution_date) VALUES ('2e86ebbd-c24b-4bbc-84cb-88d68ae983a2', '024b4cb7-c0ca-4add-b983-4cb0be653397', 1070656.74444, 819399.51109, '2025-04-01');
INSERT INTO operations (id, action_id, wilaya_id, title, year, status, observation) VALUES ('8f321371-c402-4222-8be2-6e27b6f7cf37', NULL, '1a832940-d746-4f53-9807-95abf4262777', 'Opération inconnue', 2025, 'En cours', 'nan');
INSERT INTO wilayas (id, code, name) VALUES ('1a832940-d746-4f53-9807-95abf4262777', '10', 'Bouira');
INSERT INTO engagements (id, operation_id, amount, year, type) VALUES ('8d1f386c-9043-4bb3-9efb-fe72b6b1846d', '8f321371-c402-4222-8be2-6e27b6f7cf37', 124623.52535, 2025, 'initial');
INSERT INTO financial_operations (id, operation_id, executed_ae, executed_cp, execution_date) VALUES ('e51fdaff-9cec-4c19-a86d-815d848a0e05', '8f321371-c402-4222-8be2-6e27b6f7cf37', 124623.52535, 13449.51281, '2025-04-01');
INSERT INTO operations (id, action_id, wilaya_id, title, year, status, observation) VALUES ('abd6a725-1efe-46f1-9494-52d144379afa', NULL, '75a36b8e-c296-43f4-a92b-38077e02d655', 'Opération inconnue', 2025, 'En cours', 'nan');
INSERT INTO wilayas (id, code, name) VALUES ('75a36b8e-c296-43f4-a92b-38077e02d655', '10', 'Bouira');
INSERT INTO engagements (id, operation_id, amount, year, type) VALUES ('d1ad5464-5cb5-4f9c-856c-3208ba893e5c', 'abd6a725-1efe-46f1-9494-52d144379afa', 3958952.83481, 2025, 'initial');
INSERT INTO financial_operations (id, operation_id, executed_ae, executed_cp, execution_date) VALUES ('2ae227f6-b01e-4f9d-b5a3-9622d0e0eb26', 'abd6a725-1efe-46f1-9494-52d144379afa', 3958952.83481, 833517.22702, '2025-04-01');
INSERT INTO operations (id, action_id, wilaya_id, title, year, status, observation) VALUES ('f940f2e5-0f97-41fd-97ad-552dcb797e4b', NULL, '129713ef-467b-4eb9-8702-8934d4a106ea', 'Opération inconnue', 2025, 'En cours', 'nan');
INSERT INTO wilayas (id, code, name) VALUES ('129713ef-467b-4eb9-8702-8934d4a106ea', '10', 'Bouira');
INSERT INTO engagements (id, operation_id, amount, year, type) VALUES ('e51de868-81fd-438d-9955-356c1a0a9092', 'f940f2e5-0f97-41fd-97ad-552dcb797e4b', 1096253.23612, 2025, 'initial');
INSERT INTO financial_operations (id, operation_id, executed_ae, executed_cp, execution_date) VALUES ('f109d01d-fa36-455d-a002-f521e08b9452', 'f940f2e5-0f97-41fd-97ad-552dcb797e4b', 1096253.23612, 892983.16843, '2025-04-01');
INSERT INTO operations (id, action_id, wilaya_id, title, year, status, observation) VALUES ('ca60b050-0404-4868-8ee9-e34c6167d9e5', NULL, '5f157988-566d-4ecc-aef0-50164a33fa1e', 'Opération inconnue', 2025, 'En cours', 'nan');
INSERT INTO wilayas (id, code, name) VALUES ('5f157988-566d-4ecc-aef0-50164a33fa1e', '10', 'Bouira');
INSERT INTO engagements (id, operation_id, amount, year, type) VALUES ('7768ac3b-b88e-4f9c-a39d-444b310f3fa5', 'ca60b050-0404-4868-8ee9-e34c6167d9e5', 961564.05536, 2025, 'initial');
INSERT INTO financial_operations (id, operation_id, executed_ae, executed_cp, execution_date) VALUES ('fb7652e3-6ee8-4010-b26f-25d78ff3bbc4', 'ca60b050-0404-4868-8ee9-e34c6167d9e5', 961564.05536, 803878.7755, '2025-04-01');
INSERT INTO operations (id, action_id, wilaya_id, title, year, status, observation) VALUES ('68051cb4-1538-43b5-b880-2072d7df988c', NULL, 'df062429-b8b8-4b23-9208-8bf2c94fa4c5', 'Opération inconnue', 2025, 'En cours', 'nan');
INSERT INTO wilayas (id, code, name) VALUES ('df062429-b8b8-4b23-9208-8bf2c94fa4c5', '10', 'Bouira');
INSERT INTO engagements (id, operation_id, amount, year, type) VALUES ('4a6d0b15-90ac-46c8-8705-ce47394f6ac0', '68051cb4-1538-43b5-b880-2072d7df988c', 2487357.3569, 2025, 'initial');
INSERT INTO financial_operations (id, operation_id, executed_ae, executed_cp, execution_date) VALUES ('7d05a4b2-055c-4db3-a216-eee0b249838e', '68051cb4-1538-43b5-b880-2072d7df988c', 2487357.3569, 1054772.0, '2025-04-01');
INSERT INTO operations (id, action_id, wilaya_id, title, year, status, observation) VALUES ('8647e7bc-47f6-4bd6-a5c1-48e75d0c28b0', NULL, 'a8ceacab-1080-4f94-b9e2-7ed5d7a09240', 'Opération inconnue', 2025, 'En cours', 'nan');
INSERT INTO wilayas (id, code, name) VALUES ('a8ceacab-1080-4f94-b9e2-7ed5d7a09240', '10', 'Bouira');
INSERT INTO engagements (id, operation_id, amount, year, type) VALUES ('70eb5390-95a3-4481-bcf0-2eaaabe784d8', '8647e7bc-47f6-4bd6-a5c1-48e75d0c28b0', 2004612.6216099998, 2025, 'initial');
INSERT INTO financial_operations (id, operation_id, executed_ae, executed_cp, execution_date) VALUES ('fcc8d2fb-34a0-472b-bbd7-e199a03144a5', '8647e7bc-47f6-4bd6-a5c1-48e75d0c28b0', 2004612.6216099998, 633165.14153, '2025-04-01');
INSERT INTO operations (id, action_id, wilaya_id, title, year, status, observation) VALUES ('cf305b8c-d161-405a-89bf-8c076264c0f0', NULL, '1438ded1-c438-4e76-a7d3-75db28d34e4a', 'Opération inconnue', 2025, 'nan', 'nan');
INSERT INTO wilayas (id, code, name) VALUES ('1438ded1-c438-4e76-a7d3-75db28d34e4a', '10', 'Bouira');
INSERT INTO engagements (id, operation_id, amount, year, type) VALUES ('cd962157-44fb-4023-af14-ca5bf4ef36c8', 'cf305b8c-d161-405a-89bf-8c076264c0f0', 1492019.98348, 2025, 'initial');
INSERT INTO financial_operations (id, operation_id, executed_ae, executed_cp, execution_date) VALUES ('5bfd68a5-2db0-4aee-a934-898c29019a72', 'cf305b8c-d161-405a-89bf-8c076264c0f0', 1492019.98348, 1450673.42732, '2025-04-01');
INSERT INTO operations (id, action_id, wilaya_id, title, year, status, observation) VALUES ('b1e13252-e003-4d7c-8c68-118252556bab', NULL, '4231abfd-919f-465c-bd23-35bedabf4ca5', 'Opération inconnue', 2025, 'nan', 'nan');
INSERT INTO wilayas (id, code, name) VALUES ('4231abfd-919f-465c-bd23-35bedabf4ca5', '10', 'Bouira');
INSERT INTO engagements (id, operation_id, amount, year, type) VALUES ('a2688e9e-d64e-4f99-9a28-08da7c96be92', 'b1e13252-e003-4d7c-8c68-118252556bab', 1833365.29579, 2025, 'initial');
INSERT INTO financial_operations (id, operation_id, executed_ae, executed_cp, execution_date) VALUES ('39f5d705-f9c1-43c7-8f5e-e8283aecaada', 'b1e13252-e003-4d7c-8c68-118252556bab', 1833365.29579, 1470926.74984, '2025-04-01');
INSERT INTO operations (id, action_id, wilaya_id, title, year, status, observation) VALUES ('569e2d25-4b5e-4d2c-bb7d-49ee581e5dd6', NULL, '9857f2c4-04dd-4678-b4b1-0b97362c19f6', 'Opération inconnue', 2025, 'nan', 'Programme 2025');
INSERT INTO wilayas (id, code, name) VALUES ('9857f2c4-04dd-4678-b4b1-0b97362c19f6', '09', 'Blida');
INSERT INTO engagements (id, operation_id, amount, year, type) VALUES ('c33906aa-34d7-4cbb-adc5-d2c477e3a6d5', '569e2d25-4b5e-4d2c-bb7d-49ee581e5dd6', 0.0, 2025, 'initial');
INSERT INTO financial_operations (id, operation_id, executed_ae, executed_cp, execution_date) VALUES ('92db58ea-56b7-4a9d-ad68-1a234b730a66', '569e2d25-4b5e-4d2c-bb7d-49ee581e5dd6', 0.0, 0.0, '2025-04-01');
INSERT INTO operations (id, action_id, wilaya_id, title, year, status, observation) VALUES ('b7dcc685-904e-457e-97af-434effd86aeb', NULL, 'b3f03a2e-b00e-4ee7-bee4-6647344d2d9b', 'Opération inconnue', 2025, 'nan', 'Programme 2025');
INSERT INTO wilayas (id, code, name) VALUES ('b3f03a2e-b00e-4ee7-bee4-6647344d2d9b', '09', 'Blida');
INSERT INTO engagements (id, operation_id, amount, year, type) VALUES ('760108f0-d7cf-43c3-aa89-89266c19d1f9', 'b7dcc685-904e-457e-97af-434effd86aeb', 0.0, 2025, 'initial');
INSERT INTO financial_operations (id, operation_id, executed_ae, executed_cp, execution_date) VALUES ('85664113-41e4-4b57-b53b-0501badaf606', 'b7dcc685-904e-457e-97af-434effd86aeb', 0.0, 0.0, '2025-04-01');
INSERT INTO operations (id, action_id, wilaya_id, title, year, status, observation) VALUES ('7ed8211d-e70e-488c-be68-52c07266d396', NULL, '0b9c02a6-d84b-4034-a2c7-2281cdb57408', 'Opération inconnue', 2025, 'nan', 'dégelée en date du 10/12/2020 (gestion ONA)');
INSERT INTO wilayas (id, code, name) VALUES ('0b9c02a6-d84b-4034-a2c7-2281cdb57408', '09', 'Blida');
INSERT INTO engagements (id, operation_id, amount, year, type) VALUES ('6f346fd2-fcf2-43df-a3ff-e3d9ab21c9a5', '7ed8211d-e70e-488c-be68-52c07266d396', NULL, 2025, 'initial');
INSERT INTO financial_operations (id, operation_id, executed_ae, executed_cp, execution_date) VALUES ('60e7be6d-4e35-4b02-9b3f-62a35335aadd', '7ed8211d-e70e-488c-be68-52c07266d396', NULL, NULL, '2025-04-01');
INSERT INTO operations (id, action_id, wilaya_id, title, year, status, observation) VALUES ('c63d2675-2bfb-44ee-94c8-91b694ed8903', NULL, 'edc6f6c4-cf7e-4e6f-9530-0b4f326d882e', 'Opération inconnue', 2025, 'nan', 'nan');
INSERT INTO wilayas (id, code, name) VALUES ('edc6f6c4-cf7e-4e6f-9530-0b4f326d882e', '09', 'Blida');
INSERT INTO engagements (id, operation_id, amount, year, type) VALUES ('6ac2fb07-37c1-4144-9f9d-512bd2439a30', 'c63d2675-2bfb-44ee-94c8-91b694ed8903', 5771602.0, 2025, 'initial');
INSERT INTO financial_operations (id, operation_id, executed_ae, executed_cp, execution_date) VALUES ('a338d477-a3a5-4d23-980f-d542a0a14122', 'c63d2675-2bfb-44ee-94c8-91b694ed8903', 5771602.0, 5428259.0, '2025-04-01');
INSERT INTO operations (id, action_id, wilaya_id, title, year, status, observation) VALUES ('c00d4ee6-ebea-4224-8992-e7b9e24c7da8', NULL, '1e4ba6b4-e64f-449c-a945-e340a6d83d84', 'Opération inconnue', 2025, 'nan', 'nan');
INSERT INTO wilayas (id, code, name) VALUES ('1e4ba6b4-e64f-449c-a945-e340a6d83d84', '09', 'Blida');
INSERT INTO engagements (id, operation_id, amount, year, type) VALUES ('a9e6a39e-21f3-49ba-a868-bb8559f280db', 'c00d4ee6-ebea-4224-8992-e7b9e24c7da8', 1699931.0, 2025, 'initial');
INSERT INTO financial_operations (id, operation_id, executed_ae, executed_cp, execution_date) VALUES ('df586ed5-0c1e-4de5-952a-d9fa26cabd56', 'c00d4ee6-ebea-4224-8992-e7b9e24c7da8', 1699931.0, 439863.0, '2025-04-01');
INSERT INTO operations (id, action_id, wilaya_id, title, year, status, observation) VALUES ('af3f395c-f553-4417-9d3d-6b99610e184c', NULL, '481f0cef-bd77-4027-83cc-a1bc3feaa243', 'Opération inconnue', 2025, 'nan', 'nan');
INSERT INTO wilayas (id, code, name) VALUES ('481f0cef-bd77-4027-83cc-a1bc3feaa243', '09', 'Blida');
INSERT INTO engagements (id, operation_id, amount, year, type) VALUES ('bed63520-3db3-4558-b999-801c9d1889da', 'af3f395c-f553-4417-9d3d-6b99610e184c', 2160908.0, 2025, 'initial');
INSERT INTO financial_operations (id, operation_id, executed_ae, executed_cp, execution_date) VALUES ('01e19858-234c-4420-b044-a78a7eafe4f4', 'af3f395c-f553-4417-9d3d-6b99610e184c', 2160908.0, 749639.0, '2025-04-01');
INSERT INTO operations (id, action_id, wilaya_id, title, year, status, observation) VALUES ('fea9b24a-5f12-4b7d-bbd8-0499c5303190', NULL, '7adf325f-f0cb-4f4a-9609-42bdd2e79b0e', 'Opération inconnue', 2025, 'nan', 'nan');
INSERT INTO wilayas (id, code, name) VALUES ('7adf325f-f0cb-4f4a-9609-42bdd2e79b0e', '09', 'Blida');
INSERT INTO engagements (id, operation_id, amount, year, type) VALUES ('b795a1d7-8b7d-4c02-9978-fffb91be2b9a', 'fea9b24a-5f12-4b7d-bbd8-0499c5303190', 989297.0, 2025, 'initial');
INSERT INTO financial_operations (id, operation_id, executed_ae, executed_cp, execution_date) VALUES ('0a20e98e-37e0-4b5b-9db6-fb9aa60c1afb', 'fea9b24a-5f12-4b7d-bbd8-0499c5303190', 989297.0, 199422.0, '2025-04-01');
INSERT INTO operations (id, action_id, wilaya_id, title, year, status, observation) VALUES ('16c3df10-1af0-4466-92da-3f4888e6a7ef', NULL, '0d88faa2-f99f-4960-85bb-403b574815e9', 'Opération inconnue', 2025, 'nan', 'nan');
INSERT INTO wilayas (id, code, name) VALUES ('0d88faa2-f99f-4960-85bb-403b574815e9', '09', 'Blida');
INSERT INTO engagements (id, operation_id, amount, year, type) VALUES ('353b0441-9910-4cba-a254-9b3c24e7c9b4', '16c3df10-1af0-4466-92da-3f4888e6a7ef', 1316051.0, 2025, 'initial');
INSERT INTO financial_operations (id, operation_id, executed_ae, executed_cp, execution_date) VALUES ('1f167bd8-1297-49d2-b9de-bc6d59a4bdf4', '16c3df10-1af0-4466-92da-3f4888e6a7ef', 1316051.0, 725356.0, '2025-04-01');
INSERT INTO operations (id, action_id, wilaya_id, title, year, status, observation) VALUES ('bc9c8f2d-fed7-4750-9495-92ee378ed994', NULL, 'ac03ccd7-7dee-4ab9-be94-0dc744315fd0', 'Opération inconnue', 2025, 'nan', 'En cours');
INSERT INTO wilayas (id, code, name) VALUES ('ac03ccd7-7dee-4ab9-be94-0dc744315fd0', '37', 'Tindouf');
INSERT INTO engagements (id, operation_id, amount, year, type) VALUES ('06eed170-3c4b-4041-87ed-3225944a056f', 'bc9c8f2d-fed7-4750-9495-92ee378ed994', 2064650.0143, 2025, 'initial');
INSERT INTO financial_operations (id, operation_id, executed_ae, executed_cp, execution_date) VALUES ('d74937f9-7223-4557-a696-b73351a34a2a', 'bc9c8f2d-fed7-4750-9495-92ee378ed994', 2064650.0143, 1435907.0, '2025-04-01');
INSERT INTO operations (id, action_id, wilaya_id, title, year, status, observation) VALUES ('8b0a2807-499a-4be3-b26b-8af9b1928781', NULL, 'b85df8c0-29c4-4c63-a72f-8613333a4d27', 'Opération inconnue', 2025, 'nan', 'Travaux en cours');
INSERT INTO wilayas (id, code, name) VALUES ('b85df8c0-29c4-4c63-a72f-8613333a4d27', '37', 'Tindouf');
INSERT INTO engagements (id, operation_id, amount, year, type) VALUES ('663c8034-5bab-40c4-b571-f772f5f1f68c', '8b0a2807-499a-4be3-b26b-8af9b1928781', 387110.56058, 2025, 'initial');
INSERT INTO financial_operations (id, operation_id, executed_ae, executed_cp, execution_date) VALUES ('d92edf7f-8b69-4096-87cb-731e3b9c8be5', '8b0a2807-499a-4be3-b26b-8af9b1928781', 387110.56058, 180273.0, '2025-04-01');
INSERT INTO operations (id, action_id, wilaya_id, title, year, status, observation) VALUES ('9ff77413-3261-41b1-8933-63c05f302d7b', NULL, '09ca44a1-908e-4b36-9a93-3f6946fe180e', 'Opération inconnue', 2025, 'nan', 'Travaux En cours');
INSERT INTO wilayas (id, code, name) VALUES ('09ca44a1-908e-4b36-9a93-3f6946fe180e', '37', 'Tindouf');
INSERT INTO engagements (id, operation_id, amount, year, type) VALUES ('89cf4386-88d9-46da-84d2-cc41f8cef22d', '9ff77413-3261-41b1-8933-63c05f302d7b', 1218477.3228, 2025, 'initial');
INSERT INTO financial_operations (id, operation_id, executed_ae, executed_cp, execution_date) VALUES ('5e546295-bf04-4648-b6e7-f4cdeb530df1', '9ff77413-3261-41b1-8933-63c05f302d7b', 1218477.3228, 115458.0, '2025-04-01');
INSERT INTO operations (id, action_id, wilaya_id, title, year, status, observation) VALUES ('e0ac1717-534c-4618-8ae7-92a756e513e6', NULL, '1386b135-4fba-40b4-a7b5-d08fad451adb', 'Opération inconnue', 2025, 'nan', 'En cours');
INSERT INTO wilayas (id, code, name) VALUES ('1386b135-4fba-40b4-a7b5-d08fad451adb', '37', 'Tindouf');
INSERT INTO engagements (id, operation_id, amount, year, type) VALUES ('0bdc31df-b5e6-452a-858c-0239ff278635', 'e0ac1717-534c-4618-8ae7-92a756e513e6', 1114943.40965, 2025, 'initial');
INSERT INTO financial_operations (id, operation_id, executed_ae, executed_cp, execution_date) VALUES ('0f57243a-880b-4ac6-b20a-426c5089bbc4', 'e0ac1717-534c-4618-8ae7-92a756e513e6', 1114943.40965, 1023623.0, '2025-04-01');
INSERT INTO operations (id, action_id, wilaya_id, title, year, status, observation) VALUES ('e9c19d32-644b-4aa7-a188-d6ed592fafee', NULL, '5e702870-7356-4bb6-b5e2-b7581fe87de6', 'Opération inconnue', 2025, 'nan', 'En cours ');
INSERT INTO wilayas (id, code, name) VALUES ('5e702870-7356-4bb6-b5e2-b7581fe87de6', '37', 'Tindouf');
INSERT INTO engagements (id, operation_id, amount, year, type) VALUES ('75cc6675-acb0-4c48-9d64-6308c5179feb', 'e9c19d32-644b-4aa7-a188-d6ed592fafee', 2278224.0316, 2025, 'initial');
INSERT INTO financial_operations (id, operation_id, executed_ae, executed_cp, execution_date) VALUES ('3b8f2ebf-1708-46df-9bd4-aff6213bbc33', 'e9c19d32-644b-4aa7-a188-d6ed592fafee', 2278224.0316, 1921212.0, '2025-04-01');
INSERT INTO operations (id, action_id, wilaya_id, title, year, status, observation) VALUES ('931474a4-8769-485d-9961-812825c012fa', NULL, '513a303f-3701-46f1-92ba-65784a77a597', 'Opération inconnue', 2025, 'nan', 'En cours');
INSERT INTO wilayas (id, code, name) VALUES ('513a303f-3701-46f1-92ba-65784a77a597', '37', 'Tindouf');
INSERT INTO engagements (id, operation_id, amount, year, type) VALUES ('d9e7f1b5-0057-4aa9-a2c4-8bd0fec324e5', '931474a4-8769-485d-9961-812825c012fa', 2127611.23519, 2025, 'initial');
INSERT INTO financial_operations (id, operation_id, executed_ae, executed_cp, execution_date) VALUES ('ae14afc8-dbba-4ee3-9615-bacbf7cac1c3', '931474a4-8769-485d-9961-812825c012fa', 2127611.23519, 88331.0, '2025-04-01');
INSERT INTO operations (id, action_id, wilaya_id, title, year, status, observation) VALUES ('5752cb85-3e8e-4f64-9f79-75696799b65d', NULL, '3ae43c5f-e18e-4ed0-9e7c-a6baeecfcdfc', 'Opération inconnue', 2025, 'nan', 'nan');
INSERT INTO wilayas (id, code, name) VALUES ('3ae43c5f-e18e-4ed0-9e7c-a6baeecfcdfc', '37', 'Tindouf');
INSERT INTO engagements (id, operation_id, amount, year, type) VALUES ('b50a1917-14a1-49d9-ace3-5b1afad98537', '5752cb85-3e8e-4f64-9f79-75696799b65d', 5520778.67644, 2025, 'initial');
INSERT INTO financial_operations (id, operation_id, executed_ae, executed_cp, execution_date) VALUES ('2b464853-1328-4613-b698-1ff5f5550c56', '5752cb85-3e8e-4f64-9f79-75696799b65d', 5520778.67644, 3033166.0, '2025-04-01');
INSERT INTO operations (id, action_id, wilaya_id, title, year, status, observation) VALUES ('254f8836-f423-4da5-a691-7ff4cba81ce7', NULL, 'a52eaa2e-ce32-4247-8e59-edc6940006f8', 'Opération inconnue', 2025, 'nan', 'marche de gré à gré déposé au ministère de la sante en date du 23/05/2024');
INSERT INTO wilayas (id, code, name) VALUES ('a52eaa2e-ce32-4247-8e59-edc6940006f8', '37', 'Tindouf');
INSERT INTO engagements (id, operation_id, amount, year, type) VALUES ('50b7dbc1-746b-4f4b-a919-b6babfc0c91c', '254f8836-f423-4da5-a691-7ff4cba81ce7', 1347.913, 2025, 'initial');
INSERT INTO financial_operations (id, operation_id, executed_ae, executed_cp, execution_date) VALUES ('c105f676-51d0-4f6c-ad8c-e70a96a04b25', '254f8836-f423-4da5-a691-7ff4cba81ce7', 1347.913, 1347.913, '2025-04-01');
INSERT INTO operations (id, action_id, wilaya_id, title, year, status, observation) VALUES ('752f2480-7211-49f3-91e4-61d9843e94ce', NULL, 'd99b42a7-c994-4062-a814-c3c409010a91', 'Opération inconnue', 2025, 'nan', 'En cours ');
INSERT INTO wilayas (id, code, name) VALUES ('d99b42a7-c994-4062-a814-c3c409010a91', '37', 'Tindouf');
INSERT INTO engagements (id, operation_id, amount, year, type) VALUES ('85e7e9e3-401f-40a3-b70b-cfb3bad261e6', '752f2480-7211-49f3-91e4-61d9843e94ce', 1777648.38674, 2025, 'initial');
INSERT INTO financial_operations (id, operation_id, executed_ae, executed_cp, execution_date) VALUES ('ff18a567-8843-49ac-bf46-4a458d5aa97e', '752f2480-7211-49f3-91e4-61d9843e94ce', 1777648.38674, 1657587.0, '2025-04-01');
INSERT INTO operations (id, action_id, wilaya_id, title, year, status, observation) VALUES ('5fa7e398-b2dd-4825-b68b-e2c314ec9349', NULL, 'd90e52e0-ee93-4e6d-8268-bedcc2fc4cfa', 'Opération inconnue', 2025, 'nan', ' En cours');
INSERT INTO wilayas (id, code, name) VALUES ('d90e52e0-ee93-4e6d-8268-bedcc2fc4cfa', '37', 'Tindouf');
INSERT INTO engagements (id, operation_id, amount, year, type) VALUES ('90882079-f699-4e85-91e1-0a013d923ef1', '5fa7e398-b2dd-4825-b68b-e2c314ec9349', 65993.354, 2025, 'initial');
INSERT INTO financial_operations (id, operation_id, executed_ae, executed_cp, execution_date) VALUES ('50025bdc-9d8b-4ae1-811d-13b2510e57e6', '5fa7e398-b2dd-4825-b68b-e2c314ec9349', 65993.354, 40170.354, '2025-04-01');
INSERT INTO operations (id, action_id, wilaya_id, title, year, status, observation) VALUES ('e75e5e38-9ac9-45cf-a105-4e67e1555cba', NULL, '3aecd5c9-7c18-491e-a0e1-158f212850ff', 'Opération inconnue', 2025, 'nan', ' En cours');
INSERT INTO wilayas (id, code, name) VALUES ('3aecd5c9-7c18-491e-a0e1-158f212850ff', '37', 'Tindouf');
INSERT INTO engagements (id, operation_id, amount, year, type) VALUES ('21db38fc-8568-437c-9221-02b5566fd8c3', 'e75e5e38-9ac9-45cf-a105-4e67e1555cba', 1439636.9235699999, 2025, 'initial');
INSERT INTO financial_operations (id, operation_id, executed_ae, executed_cp, execution_date) VALUES ('661899ac-25cf-462d-9b6c-c3cefc2d7d35', 'e75e5e38-9ac9-45cf-a105-4e67e1555cba', 1439636.9235699999, 567854.4759300001, '2025-04-01');
INSERT INTO operations (id, action_id, wilaya_id, title, year, status, observation) VALUES ('cfe8a416-2d2e-4ef1-b98d-fe560c074518', NULL, '4ec8befa-8e09-420e-b697-d7c7418b085f', 'Opération inconnue', 2025, 'nan', ' En cours');
INSERT INTO wilayas (id, code, name) VALUES ('4ec8befa-8e09-420e-b697-d7c7418b085f', '37', 'Tindouf');
INSERT INTO engagements (id, operation_id, amount, year, type) VALUES ('cfb2dd17-c1f1-4310-a221-2b70336cbd96', 'cfe8a416-2d2e-4ef1-b98d-fe560c074518', 9093.059650000001, 2025, 'initial');
INSERT INTO financial_operations (id, operation_id, executed_ae, executed_cp, execution_date) VALUES ('ca00b2fb-8e0f-4298-b210-94fc165f7e50', 'cfe8a416-2d2e-4ef1-b98d-fe560c074518', 9093.059650000001, 7909.6372599999995, '2025-04-01');
INSERT INTO operations (id, action_id, wilaya_id, title, year, status, observation) VALUES ('1d853f44-2e94-4084-b495-7eb28744ea64', NULL, 'ea3f5b74-f66c-44b1-acf9-9976fa79ff5b', 'Opération inconnue', 2025, 'nan', 'nan');
INSERT INTO wilayas (id, code, name) VALUES ('ea3f5b74-f66c-44b1-acf9-9976fa79ff5b', '37', 'Tindouf');
INSERT INTO engagements (id, operation_id, amount, year, type) VALUES ('37b9fee7-6b51-4d26-8da2-b356a5cf5709', '1d853f44-2e94-4084-b495-7eb28744ea64', 1514723.3372199999, 2025, 'initial');
INSERT INTO financial_operations (id, operation_id, executed_ae, executed_cp, execution_date) VALUES ('ec25cb9b-a5ca-4b2b-ab61-f7465d90a03b', '1d853f44-2e94-4084-b495-7eb28744ea64', 1514723.3372199999, 615934.4671900001, '2025-04-01');
INSERT INTO operations (id, action_id, wilaya_id, title, year, status, observation) VALUES ('4dde391c-3764-49a9-85a8-0b5722e6fed3', NULL, '47385db6-c44c-4115-b3c4-3d7d0458b747', 'Opération inconnue', 2025, 'nan', 'En cours ');
INSERT INTO wilayas (id, code, name) VALUES ('47385db6-c44c-4115-b3c4-3d7d0458b747', '37', 'Tindouf');
INSERT INTO engagements (id, operation_id, amount, year, type) VALUES ('d370828d-4922-4ced-bc5f-9ac85327a983', '4dde391c-3764-49a9-85a8-0b5722e6fed3', 34970.849, 2025, 'initial');
INSERT INTO financial_operations (id, operation_id, executed_ae, executed_cp, execution_date) VALUES ('24e03018-8cc5-4195-a3b2-d05b370a8f51', '4dde391c-3764-49a9-85a8-0b5722e6fed3', 34970.849, 0.0, '2025-04-01');
INSERT INTO operations (id, action_id, wilaya_id, title, year, status, observation) VALUES ('fd39c0f8-d729-421f-95a6-ec4c41990fbb', NULL, 'ab989c61-ecd8-4bc3-bc37-2de44d1ab715', 'Opération inconnue', 2025, 'nan', 'En cours ');
INSERT INTO wilayas (id, code, name) VALUES ('ab989c61-ecd8-4bc3-bc37-2de44d1ab715', '37', 'Tindouf');
INSERT INTO engagements (id, operation_id, amount, year, type) VALUES ('75292913-b9a4-4f29-a82d-b2148f38a69d', 'fd39c0f8-d729-421f-95a6-ec4c41990fbb', 0.0, 2025, 'initial');
INSERT INTO financial_operations (id, operation_id, executed_ae, executed_cp, execution_date) VALUES ('db5f03a7-c074-4ac1-85c1-758a5a58fa01', 'fd39c0f8-d729-421f-95a6-ec4c41990fbb', 0.0, 0.0, '2025-04-01');
INSERT INTO operations (id, action_id, wilaya_id, title, year, status, observation) VALUES ('45bb6214-c369-484f-891a-4e35f0e786a3', NULL, '27d9ba72-20bb-4dcd-aafb-0a52731a51d8', 'Opération inconnue', 2025, 'nan', 'En cours');
INSERT INTO wilayas (id, code, name) VALUES ('27d9ba72-20bb-4dcd-aafb-0a52731a51d8', '50', 'Bordj Badj Mokhtar');
INSERT INTO engagements (id, operation_id, amount, year, type) VALUES ('daeee4ca-4f56-479b-a4c1-ffd588d328f3', '45bb6214-c369-484f-891a-4e35f0e786a3', 912990.0, 2025, 'initial');
INSERT INTO financial_operations (id, operation_id, executed_ae, executed_cp, execution_date) VALUES ('fb119681-8cb2-4786-a1cd-13245c376de4', '45bb6214-c369-484f-891a-4e35f0e786a3', 912990.0, 225847.0, '2025-04-01');
INSERT INTO operations (id, action_id, wilaya_id, title, year, status, observation) VALUES ('9b81b8f0-75b1-4214-8136-3f2fbf96fe7e', NULL, '597985db-b2ed-47fa-9c05-7f90c08812a2', 'Opération inconnue', 2025, 'nan', 'En cours');
INSERT INTO wilayas (id, code, name) VALUES ('597985db-b2ed-47fa-9c05-7f90c08812a2', '50', 'Bordj Badj Mokhtar');
INSERT INTO engagements (id, operation_id, amount, year, type) VALUES ('01cb0205-2666-4c51-a65b-ff31daf7224b', '9b81b8f0-75b1-4214-8136-3f2fbf96fe7e', 7185043.0, 2025, 'initial');
INSERT INTO financial_operations (id, operation_id, executed_ae, executed_cp, execution_date) VALUES ('846bbd95-bf5d-446a-963e-a6e6717b1c08', '9b81b8f0-75b1-4214-8136-3f2fbf96fe7e', 7185043.0, 3241237.0, '2025-04-01');
INSERT INTO operations (id, action_id, wilaya_id, title, year, status, observation) VALUES ('335bbce5-8134-4813-80b8-d603f8ed558d', NULL, '9cb96577-54d3-4ef2-b83b-98b89d595493', 'Opération inconnue', 2025, 'nan', 'En cours');
INSERT INTO wilayas (id, code, name) VALUES ('9cb96577-54d3-4ef2-b83b-98b89d595493', '50', 'Bordj Badj Mokhtar');
INSERT INTO engagements (id, operation_id, amount, year, type) VALUES ('01bc0fd0-ba71-44ed-8487-37e4b922e489', '335bbce5-8134-4813-80b8-d603f8ed558d', 9926536.0, 2025, 'initial');
INSERT INTO financial_operations (id, operation_id, executed_ae, executed_cp, execution_date) VALUES ('0d12ddfd-f257-4595-b064-fde4758061d7', '335bbce5-8134-4813-80b8-d603f8ed558d', 9926536.0, 496888.0, '2025-04-01');
INSERT INTO operations (id, action_id, wilaya_id, title, year, status, observation) VALUES ('2a05a967-a24d-49f8-ac74-14c4ee71d5d3', NULL, 'ca2adcf2-fdef-4eae-a725-fb6182591d71', 'Opération inconnue', 2025, 'nan', 'En cours');
INSERT INTO wilayas (id, code, name) VALUES ('ca2adcf2-fdef-4eae-a725-fb6182591d71', '50', 'Bordj Badj Mokhtar');
INSERT INTO engagements (id, operation_id, amount, year, type) VALUES ('ca016c80-6aea-4a8c-aa43-d76bf25940af', '2a05a967-a24d-49f8-ac74-14c4ee71d5d3', 10001729.0, 2025, 'initial');
INSERT INTO financial_operations (id, operation_id, executed_ae, executed_cp, execution_date) VALUES ('062d996e-d4db-4665-8c68-af076cccd32f', '2a05a967-a24d-49f8-ac74-14c4ee71d5d3', 10001729.0, 2668575.0, '2025-04-01');
INSERT INTO operations (id, action_id, wilaya_id, title, year, status, observation) VALUES ('d1f4f2f1-c245-4c54-a149-61780e4aca1a', NULL, 'beeed96b-0a38-47c4-b197-7ebfb4c00049', 'Opération inconnue', 2025, 'nan', 'Les procédures pour achever le projet en cours');
INSERT INTO wilayas (id, code, name) VALUES ('beeed96b-0a38-47c4-b197-7ebfb4c00049', '50', 'Bordj Badj Mokhtar');
INSERT INTO engagements (id, operation_id, amount, year, type) VALUES ('a0961cb0-efa4-4ad5-8b45-069c21eee583', 'd1f4f2f1-c245-4c54-a149-61780e4aca1a', 836383.0, 2025, 'initial');
INSERT INTO financial_operations (id, operation_id, executed_ae, executed_cp, execution_date) VALUES ('c12f9859-6fd4-4974-afaa-961c9ce85ece', 'd1f4f2f1-c245-4c54-a149-61780e4aca1a', 836383.0, 0.0, '2025-04-01');
INSERT INTO operations (id, action_id, wilaya_id, title, year, status, observation) VALUES ('0fce5694-ae14-421b-8fd3-99e1692bf636', NULL, '33792514-5a0a-4937-a1ec-3cf73d5894eb', 'Opération inconnue', 2025, 'nan', 'Travaux en cours');
INSERT INTO wilayas (id, code, name) VALUES ('33792514-5a0a-4937-a1ec-3cf73d5894eb', '50', 'Bordj Badj Mokhtar');
INSERT INTO engagements (id, operation_id, amount, year, type) VALUES ('0f53f71f-4916-4a8b-a733-324cf3983cd1', '0fce5694-ae14-421b-8fd3-99e1692bf636', 1409941.0, 2025, 'initial');
INSERT INTO financial_operations (id, operation_id, executed_ae, executed_cp, execution_date) VALUES ('ce383917-43cf-4f98-9318-a954779025ac', '0fce5694-ae14-421b-8fd3-99e1692bf636', 1409941.0, 0.0, '2025-04-01');
INSERT INTO operations (id, action_id, wilaya_id, title, year, status, observation) VALUES ('074ec83f-f2a8-4f85-8820-d2eac4bf8d40', NULL, 'b5630c64-8664-4907-87ea-c1dd80445e40', 'Opération inconnue', 2025, 'nan', 'Phase: Jugement des offres');
INSERT INTO wilayas (id, code, name) VALUES ('b5630c64-8664-4907-87ea-c1dd80445e40', '50', 'Bordj Badj Mokhtar');
INSERT INTO engagements (id, operation_id, amount, year, type) VALUES ('dcf50a35-2350-4b15-9a0f-82b76120d6be', '074ec83f-f2a8-4f85-8820-d2eac4bf8d40', 0.0, 2025, 'initial');
INSERT INTO financial_operations (id, operation_id, executed_ae, executed_cp, execution_date) VALUES ('f2730e61-4982-44fe-a681-42bfd5452de5', '074ec83f-f2a8-4f85-8820-d2eac4bf8d40', 0.0, 0.0, '2025-04-01');
INSERT INTO operations (id, action_id, wilaya_id, title, year, status, observation) VALUES ('919cddbc-2cf6-4bc6-acc2-e44172c21a90', NULL, 'f8687d7c-32af-4396-9c6d-1d5c66a2d7b6', 'Opération inconnue', 2025, 'nan', 'Marché BET en cours d''engagement');
INSERT INTO wilayas (id, code, name) VALUES ('f8687d7c-32af-4396-9c6d-1d5c66a2d7b6', '50', 'Bordj Badj Mokhtar');
INSERT INTO engagements (id, operation_id, amount, year, type) VALUES ('d509effb-84d5-4ddf-9ce3-d696d5c247c4', '919cddbc-2cf6-4bc6-acc2-e44172c21a90', 0.0, 2025, 'initial');
INSERT INTO financial_operations (id, operation_id, executed_ae, executed_cp, execution_date) VALUES ('fb4c2260-ad27-4651-a8d8-ca68c9e28536', '919cddbc-2cf6-4bc6-acc2-e44172c21a90', 0.0, 0.0, '2025-04-01');
INSERT INTO operations (id, action_id, wilaya_id, title, year, status, observation) VALUES ('f905e948-7ea6-4ecc-a116-7ddbac68b665', NULL, 'e4e2cf54-f9f2-4ca7-b446-b0fed696b204', 'Opération inconnue', 2025, 'nan', 'Etude achevée- Chahier des charges Travaux de réalisation en cours de visa par la commission sectorielle');
INSERT INTO wilayas (id, code, name) VALUES ('e4e2cf54-f9f2-4ca7-b446-b0fed696b204', '50', 'Bordj Badj Mokhtar');
INSERT INTO engagements (id, operation_id, amount, year, type) VALUES ('454add33-8450-4422-ad95-66d0dadbb0ec', 'f905e948-7ea6-4ecc-a116-7ddbac68b665', 0.0, 2025, 'initial');
INSERT INTO financial_operations (id, operation_id, executed_ae, executed_cp, execution_date) VALUES ('5a4ce869-caf6-4c9a-bd0a-d5488d5a49c6', 'f905e948-7ea6-4ecc-a116-7ddbac68b665', 0.0, 0.0, '2025-04-01');
INSERT INTO operations (id, action_id, wilaya_id, title, year, status, observation) VALUES ('dfbb145e-c79b-495b-950f-eb3eeba06249', NULL, 'f3e67243-65df-42f0-8c8d-35b16153f23e', 'Opération inconnue', 2025, 'nan', 'nan');
INSERT INTO wilayas (id, code, name) VALUES ('f3e67243-65df-42f0-8c8d-35b16153f23e', '50', 'Bordj Badj Mokhtar');
INSERT INTO engagements (id, operation_id, amount, year, type) VALUES ('540f1d19-d16d-4a13-9d47-ec7260400969', 'dfbb145e-c79b-495b-950f-eb3eeba06249', 29359632.0, 2025, 'initial');
INSERT INTO financial_operations (id, operation_id, executed_ae, executed_cp, execution_date) VALUES ('7c650e6c-bee3-4a7b-a5c1-9bfc21494e36', 'dfbb145e-c79b-495b-950f-eb3eeba06249', 29359632.0, 6406700.0, '2025-04-01');
INSERT INTO operations (id, action_id, wilaya_id, title, year, status, observation) VALUES ('365b0917-b099-4544-8f71-7799ef00fd85', NULL, 'e3e40642-3814-4c2d-aca9-685058e0572b', 'Opération inconnue', 2025, 'nan', 'En cours');
INSERT INTO wilayas (id, code, name) VALUES ('e3e40642-3814-4c2d-aca9-685058e0572b', '50', 'Bordj Badj Mokhtar');
INSERT INTO engagements (id, operation_id, amount, year, type) VALUES ('af43cc47-b67c-4391-b92d-5e13afca2444', '365b0917-b099-4544-8f71-7799ef00fd85', 706252.0, 2025, 'initial');
INSERT INTO financial_operations (id, operation_id, executed_ae, executed_cp, execution_date) VALUES ('2ee840f0-78e1-4b07-949d-4e43ff038ccc', '365b0917-b099-4544-8f71-7799ef00fd85', 706252.0, 385985.0, '2025-04-01');
INSERT INTO operations (id, action_id, wilaya_id, title, year, status, observation) VALUES ('ec39d61a-1c03-4a65-a2c9-d3819d009098', NULL, '8d4f285e-0562-4d20-b502-4138a7be20ba', 'Opération inconnue', 2025, 'nan', 'nan');
INSERT INTO wilayas (id, code, name) VALUES ('8d4f285e-0562-4d20-b502-4138a7be20ba', '49', 'Timimoun');
INSERT INTO engagements (id, operation_id, amount, year, type) VALUES ('4da613f9-65d9-4b7b-97f3-7454506b9a34', 'ec39d61a-1c03-4a65-a2c9-d3819d009098', 2180272.0, 2025, 'initial');
INSERT INTO financial_operations (id, operation_id, executed_ae, executed_cp, execution_date) VALUES ('c3e7baa5-3376-419a-83dc-a0d0b31c8bff', 'ec39d61a-1c03-4a65-a2c9-d3819d009098', 2180272.0, 359184.0, '2025-04-01');
INSERT INTO operations (id, action_id, wilaya_id, title, year, status, observation) VALUES ('9bdecc3c-b110-436a-872d-a3a1ea2b4982', NULL, '9036f54f-9c1d-43ee-85c6-8789da82e870', 'Opération inconnue', 2025, 'nan', 'nan');
INSERT INTO wilayas (id, code, name) VALUES ('9036f54f-9c1d-43ee-85c6-8789da82e870', '49', 'Timimoun');
INSERT INTO engagements (id, operation_id, amount, year, type) VALUES ('86c5bc20-18c3-4e20-8870-028a0a4f5180', '9bdecc3c-b110-436a-872d-a3a1ea2b4982', 0.0, 2025, 'initial');
INSERT INTO financial_operations (id, operation_id, executed_ae, executed_cp, execution_date) VALUES ('0e94ffec-68ee-45d3-84f5-2401a0b112e6', '9bdecc3c-b110-436a-872d-a3a1ea2b4982', 0.0, 0.0, '2025-04-01');
INSERT INTO operations (id, action_id, wilaya_id, title, year, status, observation) VALUES ('6f791fe2-c317-468f-9f0a-3a038a2e9d63', NULL, '3fcb3a5d-1335-44b0-99fc-cf45765af5b0', 'Opération inconnue', 2025, 'nan', 'nan');
INSERT INTO wilayas (id, code, name) VALUES ('3fcb3a5d-1335-44b0-99fc-cf45765af5b0', '49', 'Timimoun');
INSERT INTO engagements (id, operation_id, amount, year, type) VALUES ('4d5d7cf8-27d2-4a9a-9e14-6bbef7f4673e', '6f791fe2-c317-468f-9f0a-3a038a2e9d63', 0.0, 2025, 'initial');
INSERT INTO financial_operations (id, operation_id, executed_ae, executed_cp, execution_date) VALUES ('a42a25aa-7ce4-470a-9367-66bb6e033ab7', '6f791fe2-c317-468f-9f0a-3a038a2e9d63', 0.0, 0.0, '2025-04-01');
INSERT INTO operations (id, action_id, wilaya_id, title, year, status, observation) VALUES ('ec3b0bb0-13f3-49fa-93ab-ac1c96138c14', NULL, '2ef8fbd8-4f2e-453c-ae9a-a4978097b57d', 'Opération inconnue', 2025, 'nan', 'nan');
INSERT INTO wilayas (id, code, name) VALUES ('2ef8fbd8-4f2e-453c-ae9a-a4978097b57d', '49', 'Timimoun');
INSERT INTO engagements (id, operation_id, amount, year, type) VALUES ('bd4afad6-66ce-43ab-acc9-294d6c5e49cd', 'ec3b0bb0-13f3-49fa-93ab-ac1c96138c14', 633963.0, 2025, 'initial');
INSERT INTO financial_operations (id, operation_id, executed_ae, executed_cp, execution_date) VALUES ('b720a102-0cbb-4665-a814-e87d2f709eae', 'ec3b0bb0-13f3-49fa-93ab-ac1c96138c14', 633963.0, NULL, '2025-04-01');
INSERT INTO operations (id, action_id, wilaya_id, title, year, status, observation) VALUES ('68faf27e-4759-4eeb-baf9-588b00ce0b7a', NULL, '5baafeba-cb88-4533-a8b6-57a46b7a618a', 'Opération inconnue', 2025, 'nan', 'nan');
INSERT INTO wilayas (id, code, name) VALUES ('5baafeba-cb88-4533-a8b6-57a46b7a618a', '49', 'Timimoun');
INSERT INTO engagements (id, operation_id, amount, year, type) VALUES ('c4007c05-fb4c-470a-987a-40e9492fcecf', '68faf27e-4759-4eeb-baf9-588b00ce0b7a', 60767.0, 2025, 'initial');
INSERT INTO financial_operations (id, operation_id, executed_ae, executed_cp, execution_date) VALUES ('8b74afd9-19cd-462d-ba7c-098916bb894d', '68faf27e-4759-4eeb-baf9-588b00ce0b7a', 60767.0, NULL, '2025-04-01');
INSERT INTO operations (id, action_id, wilaya_id, title, year, status, observation) VALUES ('2dbf98cc-1345-4ae0-90b3-2981407d8d66', NULL, 'ff08d027-538e-43d1-8fcf-8ab419268e67', 'Opération inconnue', 2025, 'nan', 'nan');
INSERT INTO wilayas (id, code, name) VALUES ('ff08d027-538e-43d1-8fcf-8ab419268e67', '49', 'Timimoun');
INSERT INTO engagements (id, operation_id, amount, year, type) VALUES ('1de90860-33ae-4d49-8391-39243f7b9609', '2dbf98cc-1345-4ae0-90b3-2981407d8d66', 1206759.0, 2025, 'initial');
INSERT INTO financial_operations (id, operation_id, executed_ae, executed_cp, execution_date) VALUES ('bc7000f9-a8ee-467c-b0b5-f11a4aba82d3', '2dbf98cc-1345-4ae0-90b3-2981407d8d66', 1206759.0, 905796.0, '2025-04-01');
INSERT INTO operations (id, action_id, wilaya_id, title, year, status, observation) VALUES ('d86a43c7-b68e-4085-af75-f0a9a4f226f6', NULL, '3efa4954-fee1-45ee-b7a3-b663334acf8d', 'Opération inconnue', 2025, 'nan', 'nan');
INSERT INTO wilayas (id, code, name) VALUES ('3efa4954-fee1-45ee-b7a3-b663334acf8d', '49', 'Timimoun');
INSERT INTO engagements (id, operation_id, amount, year, type) VALUES ('332d48ca-6bef-42d0-960d-263523e381b9', 'd86a43c7-b68e-4085-af75-f0a9a4f226f6', 998536.0, 2025, 'initial');
INSERT INTO financial_operations (id, operation_id, executed_ae, executed_cp, execution_date) VALUES ('e4df6485-f4ce-4cd1-9b0d-d9da94a02372', 'd86a43c7-b68e-4085-af75-f0a9a4f226f6', 998536.0, NULL, '2025-04-01');
INSERT INTO operations (id, action_id, wilaya_id, title, year, status, observation) VALUES ('9e0e3ca5-7a05-47d7-8b6b-a418e9caf7aa', NULL, '01391568-f261-40c2-8fdb-c6ee25f781e0', 'Opération inconnue', 2025, 'nan', 'nan');
INSERT INTO wilayas (id, code, name) VALUES ('01391568-f261-40c2-8fdb-c6ee25f781e0', '49', 'Timimoun');
INSERT INTO engagements (id, operation_id, amount, year, type) VALUES ('c55e5f50-b633-4666-8342-ce5bbc47a867', '9e0e3ca5-7a05-47d7-8b6b-a418e9caf7aa', NULL, 2025, 'initial');
INSERT INTO financial_operations (id, operation_id, executed_ae, executed_cp, execution_date) VALUES ('783d5237-0886-4ba4-8548-d9386c0a3f0b', '9e0e3ca5-7a05-47d7-8b6b-a418e9caf7aa', NULL, NULL, '2025-04-01');
INSERT INTO operations (id, action_id, wilaya_id, title, year, status, observation) VALUES ('0e8bc65d-4d20-4def-8ccd-192e050da2cf', NULL, '5751237e-1485-4611-94a2-63c569543f3f', 'Opération inconnue', 2025, 'nan', 'nan');
INSERT INTO wilayas (id, code, name) VALUES ('5751237e-1485-4611-94a2-63c569543f3f', '32', 'El bayadh');
INSERT INTO engagements (id, operation_id, amount, year, type) VALUES ('cbef8969-d1c3-4298-b99d-521abb4600e3', '0e8bc65d-4d20-4def-8ccd-192e050da2cf', 1399975.0, 2025, 'initial');
INSERT INTO financial_operations (id, operation_id, executed_ae, executed_cp, execution_date) VALUES ('3de14043-e564-4e22-8fd9-141caabd5096', '0e8bc65d-4d20-4def-8ccd-192e050da2cf', 1399975.0, 1345682.0, '2025-04-01');
INSERT INTO operations (id, action_id, wilaya_id, title, year, status, observation) VALUES ('685afa20-9f81-4dbe-8ad9-aa9761a517b9', NULL, 'edee00d9-f7d9-447a-aa5e-4e2b85d19877', 'Opération inconnue', 2025, 'nan', 'nan');
INSERT INTO wilayas (id, code, name) VALUES ('edee00d9-f7d9-447a-aa5e-4e2b85d19877', '32', 'El bayadh');
INSERT INTO engagements (id, operation_id, amount, year, type) VALUES ('2ffbb343-0ea1-43b9-b47b-947a75f78d0c', '685afa20-9f81-4dbe-8ad9-aa9761a517b9', 2586220.0, 2025, 'initial');
INSERT INTO financial_operations (id, operation_id, executed_ae, executed_cp, execution_date) VALUES ('beac7730-2aed-46c0-86e5-2b43263c7e19', '685afa20-9f81-4dbe-8ad9-aa9761a517b9', 2586220.0, 2301854.0, '2025-04-01');
INSERT INTO operations (id, action_id, wilaya_id, title, year, status, observation) VALUES ('3e14845f-0906-4257-946b-d524fb37fd28', NULL, 'f9ec90b3-11b2-486d-a1fd-ad5f87a8322e', 'Opération inconnue', 2025, 'nan', 'nan');
INSERT INTO wilayas (id, code, name) VALUES ('f9ec90b3-11b2-486d-a1fd-ad5f87a8322e', '32', 'El bayadh');
INSERT INTO engagements (id, operation_id, amount, year, type) VALUES ('5ca3d2ff-2876-49fc-a7df-13fe4630e544', '3e14845f-0906-4257-946b-d524fb37fd28', 1364878.0, 2025, 'initial');
INSERT INTO financial_operations (id, operation_id, executed_ae, executed_cp, execution_date) VALUES ('f4e95e2b-d009-4cf5-a1d2-a555adf42d89', '3e14845f-0906-4257-946b-d524fb37fd28', 1364878.0, 0.0, '2025-04-01');
INSERT INTO operations (id, action_id, wilaya_id, title, year, status, observation) VALUES ('5a6a7709-18ed-4d14-a656-5bdbc9a1691c', NULL, 'ac9751ce-1ed9-48d8-9f30-70db14be581a', 'Opération inconnue', 2025, 'nan', 'nan');
INSERT INTO wilayas (id, code, name) VALUES ('ac9751ce-1ed9-48d8-9f30-70db14be581a', '32', 'El bayadh');
INSERT INTO engagements (id, operation_id, amount, year, type) VALUES ('e4bfe383-0335-4efe-8276-efdc7bde9bc8', '5a6a7709-18ed-4d14-a656-5bdbc9a1691c', 0.0, 2025, 'initial');
INSERT INTO financial_operations (id, operation_id, executed_ae, executed_cp, execution_date) VALUES ('5719f0a9-893a-4f44-86a1-738da99bfc67', '5a6a7709-18ed-4d14-a656-5bdbc9a1691c', 0.0, 0.0, '2025-04-01');
INSERT INTO operations (id, action_id, wilaya_id, title, year, status, observation) VALUES ('8a2eb489-7b7f-4f0b-a6af-c75cdd3cacda', NULL, 'baceaafc-4023-4a85-afff-d6057afdb812', 'Opération inconnue', 2025, 'nan', 'nan');
INSERT INTO wilayas (id, code, name) VALUES ('baceaafc-4023-4a85-afff-d6057afdb812', '32', 'El bayadh');
INSERT INTO engagements (id, operation_id, amount, year, type) VALUES ('af4fdb92-b928-46fc-9401-04088cb15c46', '8a2eb489-7b7f-4f0b-a6af-c75cdd3cacda', 5351073.0, 2025, 'initial');
INSERT INTO financial_operations (id, operation_id, executed_ae, executed_cp, execution_date) VALUES ('21f84b80-9a88-4ea0-9f8e-46c119c9aae2', '8a2eb489-7b7f-4f0b-a6af-c75cdd3cacda', 5351073.0, 3647536.0, '2025-04-01');
INSERT INTO operations (id, action_id, wilaya_id, title, year, status, observation) VALUES ('27bc8d04-d48e-464f-80e5-f4e143d51564', NULL, '5b8ca239-3273-44f4-8151-bcac99d314a4', 'Opération inconnue', 2025, 'nan', 'nan');
INSERT INTO wilayas (id, code, name) VALUES ('5b8ca239-3273-44f4-8151-bcac99d314a4', '32', 'El bayadh');
INSERT INTO engagements (id, operation_id, amount, year, type) VALUES ('b5fa2f80-b1e9-490c-a473-60036ca66c56', '27bc8d04-d48e-464f-80e5-f4e143d51564', 1848114.0, 2025, 'initial');
INSERT INTO financial_operations (id, operation_id, executed_ae, executed_cp, execution_date) VALUES ('8937e505-30f5-4365-9ad9-266c778409b3', '27bc8d04-d48e-464f-80e5-f4e143d51564', 1848114.0, 1398553.0, '2025-04-01');
INSERT INTO operations (id, action_id, wilaya_id, title, year, status, observation) VALUES ('b92d5fe1-d6d8-4ec2-a9dc-02bc20a089ef', NULL, 'ce9e8816-8ca8-4a26-b798-c5088a9692a4', 'Opération inconnue', 2025, 'nan', 'nan');
INSERT INTO wilayas (id, code, name) VALUES ('ce9e8816-8ca8-4a26-b798-c5088a9692a4', '32', 'El bayadh');
INSERT INTO engagements (id, operation_id, amount, year, type) VALUES ('9ad800b2-2684-4d3c-aae1-0f9b9a691183', 'b92d5fe1-d6d8-4ec2-a9dc-02bc20a089ef', 2399105.0, 2025, 'initial');
INSERT INTO financial_operations (id, operation_id, executed_ae, executed_cp, execution_date) VALUES ('7dd35cb7-5961-4710-8b90-16b898bfe3ae', 'b92d5fe1-d6d8-4ec2-a9dc-02bc20a089ef', 2399105.0, 742717.0, '2025-04-01');
INSERT INTO operations (id, action_id, wilaya_id, title, year, status, observation) VALUES ('c3ab65d6-a7ff-41cd-9d0e-945e62fd8af9', NULL, '15ce1965-4893-4924-955f-791f8bd7d79a', 'Opération inconnue', 2025, 'nan', 'A l''arrêt pourv résiliation BET');
INSERT INTO wilayas (id, code, name) VALUES ('15ce1965-4893-4924-955f-791f8bd7d79a', '32', 'El bayadh');
INSERT INTO engagements (id, operation_id, amount, year, type) VALUES ('ab2c29e1-0625-4cca-8f32-7cfae61b50d3', 'c3ab65d6-a7ff-41cd-9d0e-945e62fd8af9', 1401097.0, 2025, 'initial');
INSERT INTO financial_operations (id, operation_id, executed_ae, executed_cp, execution_date) VALUES ('adb2e4fe-190b-46cd-a8a9-18250ef22b37', 'c3ab65d6-a7ff-41cd-9d0e-945e62fd8af9', 1401097.0, 2238.0, '2025-04-01');
INSERT INTO operations (id, action_id, wilaya_id, title, year, status, observation) VALUES ('faca2588-e94d-4bc3-b479-0c65a3622350', NULL, 'd44528ac-73eb-4e4e-88a0-446a8b83ee05', 'Opération inconnue', 2025, 'nan', 'nan');
INSERT INTO wilayas (id, code, name) VALUES ('d44528ac-73eb-4e4e-88a0-446a8b83ee05', '32', 'El bayadh');
INSERT INTO engagements (id, operation_id, amount, year, type) VALUES ('4bcf176d-18da-48c3-b838-9ad50d99db19', 'faca2588-e94d-4bc3-b479-0c65a3622350', 5648316.0, 2025, 'initial');
INSERT INTO financial_operations (id, operation_id, executed_ae, executed_cp, execution_date) VALUES ('cb11bf0b-92f6-4ef8-a086-a761b89a1ea3', 'faca2588-e94d-4bc3-b479-0c65a3622350', 5648316.0, 2143508.0, '2025-04-01');
INSERT INTO operations (id, action_id, wilaya_id, title, year, status, observation) VALUES ('4037b0b1-8950-4242-9856-1e34248d5101', NULL, '1cefe997-29d3-4d47-bf49-0bd9e02b85a2', 'Opération inconnue', 2025, 'nan', 'Reste stand de tir');
INSERT INTO wilayas (id, code, name) VALUES ('1cefe997-29d3-4d47-bf49-0bd9e02b85a2', '32', 'El bayadh');
INSERT INTO engagements (id, operation_id, amount, year, type) VALUES ('16bffa11-9737-4c73-a710-f9bf214dc8d0', '4037b0b1-8950-4242-9856-1e34248d5101', 926530.0, 2025, 'initial');
INSERT INTO financial_operations (id, operation_id, executed_ae, executed_cp, execution_date) VALUES ('5dddd48a-b20f-4517-a45c-ef1e751b9417', '4037b0b1-8950-4242-9856-1e34248d5101', 926530.0, 907820.0, '2025-04-01');
INSERT INTO operations (id, action_id, wilaya_id, title, year, status, observation) VALUES ('a33e9b12-ee14-41c5-a3aa-62862dbb892b', NULL, 'a5e67cab-9d6f-4cde-a2e2-820137d788a2', 'Opération inconnue', 2025, 'nan', 'nan');
INSERT INTO wilayas (id, code, name) VALUES ('a5e67cab-9d6f-4cde-a2e2-820137d788a2', '32', 'El bayadh');
INSERT INTO engagements (id, operation_id, amount, year, type) VALUES ('9ac22c06-143f-42d4-99b0-8493a4ab313f', 'a33e9b12-ee14-41c5-a3aa-62862dbb892b', 567280.0, 2025, 'initial');
INSERT INTO financial_operations (id, operation_id, executed_ae, executed_cp, execution_date) VALUES ('2cee4358-7a32-4f74-af2b-c7ab5004d27b', 'a33e9b12-ee14-41c5-a3aa-62862dbb892b', 567280.0, 0.0, '2025-04-01');
INSERT INTO operations (id, action_id, wilaya_id, title, year, status, observation) VALUES ('9f06cc4c-c454-4899-b599-7fe7a276bc07', NULL, '08ef5662-978e-4a4a-925c-dcac95759d74', 'Opération inconnue', 2025, 'nan', 'nan');
INSERT INTO wilayas (id, code, name) VALUES ('08ef5662-978e-4a4a-925c-dcac95759d74', '32', 'El bayadh');
INSERT INTO engagements (id, operation_id, amount, year, type) VALUES ('c6eec7b6-573d-4b99-af3a-af7906b4e5d0', '9f06cc4c-c454-4899-b599-7fe7a276bc07', 1493810.0, 2025, 'initial');
INSERT INTO financial_operations (id, operation_id, executed_ae, executed_cp, execution_date) VALUES ('8f1e1d95-7794-459f-9aef-fbc9c7c1ef9c', '9f06cc4c-c454-4899-b599-7fe7a276bc07', 1493810.0, 907820.0, '2025-04-01');
INSERT INTO operations (id, action_id, wilaya_id, title, year, status, observation) VALUES ('6b60c6ae-7fc2-437e-9e53-a8825a811b44', NULL, '96bf7361-6804-4fc1-b15c-73e928ba9990', 'Opération inconnue', 2025, 'nan', 'Plusieurs lots sont à l''arrêt suite à des résiliation pour augmentation du prix du bitume');
INSERT INTO wilayas (id, code, name) VALUES ('96bf7361-6804-4fc1-b15c-73e928ba9990', '32', 'El bayadh');
INSERT INTO engagements (id, operation_id, amount, year, type) VALUES ('0a388e28-9bf3-405a-9126-4f60d5620f0b', '6b60c6ae-7fc2-437e-9e53-a8825a811b44', 893898.0, 2025, 'initial');
INSERT INTO financial_operations (id, operation_id, executed_ae, executed_cp, execution_date) VALUES ('df2640f4-3f6e-4b63-9773-ae778db76aa3', '6b60c6ae-7fc2-437e-9e53-a8825a811b44', 893898.0, 690814.0, '2025-04-01');
INSERT INTO operations (id, action_id, wilaya_id, title, year, status, observation) VALUES ('40befa17-a33d-4581-a340-405d2382760e', NULL, 'cfc7e685-52f2-4787-9887-19c805cafda6', 'Opération inconnue', 2025, 'nan', 'nan');
INSERT INTO wilayas (id, code, name) VALUES ('cfc7e685-52f2-4787-9887-19c805cafda6', '32', 'El bayadh');
INSERT INTO engagements (id, operation_id, amount, year, type) VALUES ('d150fd6c-ef85-4b7b-9fa0-ba0b901ce903', '40befa17-a33d-4581-a340-405d2382760e', 1490573.0, 2025, 'initial');
INSERT INTO financial_operations (id, operation_id, executed_ae, executed_cp, execution_date) VALUES ('3439c554-74cd-4836-b152-51e4819cd110', '40befa17-a33d-4581-a340-405d2382760e', 1490573.0, 1167398.0, '2025-04-01');
INSERT INTO operations (id, action_id, wilaya_id, title, year, status, observation) VALUES ('9ca6f230-1a9b-48bd-b6b7-3e6399be28cb', NULL, 'e863180d-e1fd-4cd0-9591-141d714b041e', 'Opération inconnue', 2025, 'nan', 'nan');
INSERT INTO wilayas (id, code, name) VALUES ('e863180d-e1fd-4cd0-9591-141d714b041e', '32', 'El bayadh');
INSERT INTO engagements (id, operation_id, amount, year, type) VALUES ('a8067c73-cf6c-4c68-b158-951fc590e0c2', '9ca6f230-1a9b-48bd-b6b7-3e6399be28cb', 2384471.0, 2025, 'initial');
INSERT INTO financial_operations (id, operation_id, executed_ae, executed_cp, execution_date) VALUES ('0db373c6-2d4d-49a4-a610-3d2c5f6d6d31', '9ca6f230-1a9b-48bd-b6b7-3e6399be28cb', 2384471.0, 1858212.0, '2025-04-01');
INSERT INTO operations (id, action_id, wilaya_id, title, year, status, observation) VALUES ('9c2a629a-4d58-47d1-bd9e-01971b1fc3d3', NULL, '7656b6c6-1948-4eec-b340-965fdc76793b', 'Opération inconnue', 2025, 'nan', 'nan');
INSERT INTO wilayas (id, code, name) VALUES ('7656b6c6-1948-4eec-b340-965fdc76793b', '32', 'El bayadh');
INSERT INTO engagements (id, operation_id, amount, year, type) VALUES ('a79461c0-a1c8-4402-bd25-c380244be078', '9c2a629a-4d58-47d1-bd9e-01971b1fc3d3', 1182853.0, 2025, 'initial');
INSERT INTO financial_operations (id, operation_id, executed_ae, executed_cp, execution_date) VALUES ('a60fa8af-780e-49dd-851c-a7a382f2e0cf', '9c2a629a-4d58-47d1-bd9e-01971b1fc3d3', 1182853.0, 996542.0, '2025-04-01');
INSERT INTO operations (id, action_id, wilaya_id, title, year, status, observation) VALUES ('af252137-0a17-40e4-ab29-e28d51586741', NULL, '6fe9e211-2485-4009-8a3d-12285319a96d', 'Opération inconnue', 2025, 'nan', 'Reste hall téchnologique en voie de lancement');
INSERT INTO wilayas (id, code, name) VALUES ('6fe9e211-2485-4009-8a3d-12285319a96d', '32', 'El bayadh');
INSERT INTO engagements (id, operation_id, amount, year, type) VALUES ('b3693be7-8813-466e-83b2-287a896877da', 'af252137-0a17-40e4-ab29-e28d51586741', 990669.0, 2025, 'initial');
INSERT INTO financial_operations (id, operation_id, executed_ae, executed_cp, execution_date) VALUES ('ef9e9aa8-f1a3-4042-b6c1-ee2f047aa00a', 'af252137-0a17-40e4-ab29-e28d51586741', 990669.0, 967483.0, '2025-04-01');
INSERT INTO operations (id, action_id, wilaya_id, title, year, status, observation) VALUES ('be1b961c-2eb2-410e-a32a-9a709fae880c', NULL, '16dc4135-8070-4b9a-bed5-e3366bc86285', 'Opération inconnue', 2025, 'nan', 'AAO  en date 27/03/2025');
INSERT INTO wilayas (id, code, name) VALUES ('16dc4135-8070-4b9a-bed5-e3366bc86285', '32', 'El bayadh');
INSERT INTO engagements (id, operation_id, amount, year, type) VALUES ('c470ed76-9ce6-4559-8ee3-0fd5549bbeef', 'be1b961c-2eb2-410e-a32a-9a709fae880c', 0.0, 2025, 'initial');
INSERT INTO financial_operations (id, operation_id, executed_ae, executed_cp, execution_date) VALUES ('31a71b2d-d043-46ee-b692-168a73882eb2', 'be1b961c-2eb2-410e-a32a-9a709fae880c', 0.0, 0.0, '2025-04-01');
INSERT INTO operations (id, action_id, wilaya_id, title, year, status, observation) VALUES ('937d04e7-1cca-4769-b664-ed2f37457605', NULL, 'cd5c2489-655c-48b7-b1b8-41ee7827ef40', 'Opération inconnue', 2025, 'nan', '6 centres en cours,  1 centre en cours de lancement');
INSERT INTO wilayas (id, code, name) VALUES ('cd5c2489-655c-48b7-b1b8-41ee7827ef40', '32', 'El bayadh');
INSERT INTO engagements (id, operation_id, amount, year, type) VALUES ('919229c3-f770-4706-8904-c5727f4f859d', '937d04e7-1cca-4769-b664-ed2f37457605', 1415972.0, 2025, 'initial');
INSERT INTO financial_operations (id, operation_id, executed_ae, executed_cp, execution_date) VALUES ('477c4058-5528-4b28-84c7-2b0fdeb2f807', '937d04e7-1cca-4769-b664-ed2f37457605', 1415972.0, 13708.0, '2025-04-01');
INSERT INTO operations (id, action_id, wilaya_id, title, year, status, observation) VALUES ('86f165e8-70ba-4a28-b75c-a4aa2d8f8889', NULL, '2807dd72-3868-44c6-995a-0dbe03e55747', 'Opération inconnue', 2025, 'nan', 'nan');
INSERT INTO wilayas (id, code, name) VALUES ('2807dd72-3868-44c6-995a-0dbe03e55747', '32', 'El bayadh');
INSERT INTO engagements (id, operation_id, amount, year, type) VALUES ('9f3dc389-3fbe-4386-9b92-8e4dd1260cba', '86f165e8-70ba-4a28-b75c-a4aa2d8f8889', 1415972.0, 2025, 'initial');
INSERT INTO financial_operations (id, operation_id, executed_ae, executed_cp, execution_date) VALUES ('66088ce7-bab7-4043-844e-1c16baeb04b0', '86f165e8-70ba-4a28-b75c-a4aa2d8f8889', 1415972.0, 13708.0, '2025-04-01');
INSERT INTO operations (id, action_id, wilaya_id, title, year, status, observation) VALUES ('35411cad-bfb6-4baf-97ec-1a40c76ad96c', NULL, '7811b5af-6bed-4fc2-9f90-65a6c8558365', 'Opération inconnue', 2025, 'nan', 'nan');
INSERT INTO wilayas (id, code, name) VALUES ('7811b5af-6bed-4fc2-9f90-65a6c8558365', '32', 'El bayadh');
INSERT INTO engagements (id, operation_id, amount, year, type) VALUES ('ba6104e5-0e84-4ccc-b4b0-bf6d7b1895a8', '35411cad-bfb6-4baf-97ec-1a40c76ad96c', 1028094.0, 2025, 'initial');
INSERT INTO financial_operations (id, operation_id, executed_ae, executed_cp, execution_date) VALUES ('25c9799c-3372-4551-91a5-94719e87d6b0', '35411cad-bfb6-4baf-97ec-1a40c76ad96c', 1028094.0, 1017397.0, '2025-04-01');
INSERT INTO operations (id, action_id, wilaya_id, title, year, status, observation) VALUES ('25a8f5c3-cf1c-43c6-bda1-6d46b2cf41a6', NULL, 'c90d6aa3-6955-47d1-a1f4-58bf95386b45', 'Opération inconnue', 2025, 'nan', 'nan');
INSERT INTO wilayas (id, code, name) VALUES ('c90d6aa3-6955-47d1-a1f4-58bf95386b45', '32', 'El bayadh');
INSERT INTO engagements (id, operation_id, amount, year, type) VALUES ('29aa96a8-c646-4fdb-9246-49165b5cdf25', '25a8f5c3-cf1c-43c6-bda1-6d46b2cf41a6', 1086807.0, 2025, 'initial');
INSERT INTO financial_operations (id, operation_id, executed_ae, executed_cp, execution_date) VALUES ('2c023211-7755-4098-8539-e9859c3f4657', '25a8f5c3-cf1c-43c6-bda1-6d46b2cf41a6', 1086807.0, 1055880.0, '2025-04-01');
INSERT INTO operations (id, action_id, wilaya_id, title, year, status, observation) VALUES ('1212dab4-a0ea-4e53-a62e-4eabab0049b9', NULL, 'a1eb9b7b-a82e-463d-8dd7-3d0117ccbe09', 'Opération inconnue', 2025, 'nan', 'nan');
INSERT INTO wilayas (id, code, name) VALUES ('a1eb9b7b-a82e-463d-8dd7-3d0117ccbe09', '32', 'El bayadh');
INSERT INTO engagements (id, operation_id, amount, year, type) VALUES ('23ceab5e-5900-446a-aa17-7648bda65233', '1212dab4-a0ea-4e53-a62e-4eabab0049b9', 2114901.0, 2025, 'initial');
INSERT INTO financial_operations (id, operation_id, executed_ae, executed_cp, execution_date) VALUES ('e240139a-a42b-40d5-b406-d8ffa0010deb', '1212dab4-a0ea-4e53-a62e-4eabab0049b9', 2114901.0, 2073277.0, '2025-04-01');
INSERT INTO operations (id, action_id, wilaya_id, title, year, status, observation) VALUES ('7ee36efa-7613-4cf0-bf61-46e8e06f8d55', NULL, '39c36713-3c38-4e2c-aa60-eb3b5f75fc9c', 'Opération inconnue', 2025, 'nan', 'nan');
INSERT INTO wilayas (id, code, name) VALUES ('39c36713-3c38-4e2c-aa60-eb3b5f75fc9c', '32', 'El bayadh');
INSERT INTO engagements (id, operation_id, amount, year, type) VALUES ('ceff6ec6-998b-4f77-8ab1-ab17aea53311', '7ee36efa-7613-4cf0-bf61-46e8e06f8d55', 1275529.0, 2025, 'initial');
INSERT INTO financial_operations (id, operation_id, executed_ae, executed_cp, execution_date) VALUES ('a2e0d49b-7e04-4909-bdc4-914174dd4b01', '7ee36efa-7613-4cf0-bf61-46e8e06f8d55', 1275529.0, 366834.0, '2025-04-01');
INSERT INTO operations (id, action_id, wilaya_id, title, year, status, observation) VALUES ('86b3d5b0-c163-4aec-91c0-b8c574679b4f', NULL, 'e06048bf-96e6-453f-8c8e-3eb5c44a9cfc', 'Opération inconnue', 2025, 'nan', 'nan');
INSERT INTO wilayas (id, code, name) VALUES ('e06048bf-96e6-453f-8c8e-3eb5c44a9cfc', '32', 'El bayadh');
INSERT INTO engagements (id, operation_id, amount, year, type) VALUES ('dd7050f2-3829-4df6-a0af-d6739b8055e4', '86b3d5b0-c163-4aec-91c0-b8c574679b4f', 17022505.0, 2025, 'initial');
INSERT INTO financial_operations (id, operation_id, executed_ae, executed_cp, execution_date) VALUES ('5b363e58-9317-40e9-b800-a410f3b9bb97', '86b3d5b0-c163-4aec-91c0-b8c574679b4f', 17022505.0, 2215327.0, '2025-04-01');
INSERT INTO operations (id, action_id, wilaya_id, title, year, status, observation) VALUES ('34dba83f-8d55-400e-a6af-9f389444871e', NULL, '0a01cbce-f109-4bba-ae1d-1a76968fba7a', 'Opération inconnue', 2025, 'nan', 'nan');
INSERT INTO wilayas (id, code, name) VALUES ('0a01cbce-f109-4bba-ae1d-1a76968fba7a', '32', 'El bayadh');
INSERT INTO engagements (id, operation_id, amount, year, type) VALUES ('2e84eeda-b932-4857-b2a2-e396d11d2629', '34dba83f-8d55-400e-a6af-9f389444871e', 18298034.0, 2025, 'initial');
INSERT INTO financial_operations (id, operation_id, executed_ae, executed_cp, execution_date) VALUES ('0e2e3644-2d41-43bd-b053-0c15f7579cda', '34dba83f-8d55-400e-a6af-9f389444871e', 18298034.0, 2582161.0, '2025-04-01');
INSERT INTO operations (id, action_id, wilaya_id, title, year, status, observation) VALUES ('a4720b05-269d-4c7d-bf64-e6e0b4a178fb', NULL, '541705cf-be15-4c8b-8a85-fe1033cfa49a', 'Opération inconnue', 2025, 'nan', 'nan');
INSERT INTO wilayas (id, code, name) VALUES ('541705cf-be15-4c8b-8a85-fe1033cfa49a', '32', 'El bayadh');
INSERT INTO engagements (id, operation_id, amount, year, type) VALUES ('7a6c83a3-4af9-499a-92e9-94b8a435260a', 'a4720b05-269d-4c7d-bf64-e6e0b4a178fb', NULL, 2025, 'initial');
INSERT INTO financial_operations (id, operation_id, executed_ae, executed_cp, execution_date) VALUES ('8ac90c20-2f8e-403c-b618-1f345c124f87', 'a4720b05-269d-4c7d-bf64-e6e0b4a178fb', NULL, 38500000.0, '2025-04-01');
INSERT INTO operations (id, action_id, wilaya_id, title, year, status, observation) VALUES ('f0daa1d4-466e-414e-b63c-c77f6b1060be', NULL, 'e17991a0-70ce-401e-a721-5490ab77c65f', 'Opération inconnue', 2025, 'nan', 'nan');
INSERT INTO wilayas (id, code, name) VALUES ('e17991a0-70ce-401e-a721-5490ab77c65f', '32', 'El bayadh');
INSERT INTO engagements (id, operation_id, amount, year, type) VALUES ('c35f67cf-c0b2-48db-ac98-61204e64790a', 'f0daa1d4-466e-414e-b63c-c77f6b1060be', NULL, 2025, 'initial');
INSERT INTO financial_operations (id, operation_id, executed_ae, executed_cp, execution_date) VALUES ('6fed8554-5e7d-4a92-aad3-c585b6de3b5d', 'f0daa1d4-466e-414e-b63c-c77f6b1060be', NULL, NULL, '2025-04-01');
INSERT INTO operations (id, action_id, wilaya_id, title, year, status, observation) VALUES ('83c614de-4840-4b37-941e-69d859970ee3', NULL, '2b2661e1-fe22-4e87-bcbc-ac467c3c3e75', 'Opération inconnue', 2025, 'nan', 'Phase lancement génie civil');
INSERT INTO wilayas (id, code, name) VALUES ('2b2661e1-fe22-4e87-bcbc-ac467c3c3e75', '32', 'El bayadh');
INSERT INTO engagements (id, operation_id, amount, year, type) VALUES ('74788be0-be10-4d98-b9f7-4edfe6b5ddcd', '83c614de-4840-4b37-941e-69d859970ee3', NULL, 2025, 'initial');
INSERT INTO financial_operations (id, operation_id, executed_ae, executed_cp, execution_date) VALUES ('bd16e700-72cc-4428-a7d7-915b88cc7168', '83c614de-4840-4b37-941e-69d859970ee3', NULL, NULL, '2025-04-01');
INSERT INTO operations (id, action_id, wilaya_id, title, year, status, observation) VALUES ('4125a725-e864-4d56-b10e-723e2665bdc4', NULL, '3657f527-6921-49de-8ef0-228831498f08', 'Opération inconnue', 2025, 'nan', 'nan');
INSERT INTO wilayas (id, code, name) VALUES ('3657f527-6921-49de-8ef0-228831498f08', '32', 'El bayadh');
INSERT INTO engagements (id, operation_id, amount, year, type) VALUES ('13e92d4b-0ea7-48b6-9137-41425c5b1b82', '4125a725-e864-4d56-b10e-723e2665bdc4', NULL, 2025, 'initial');
INSERT INTO financial_operations (id, operation_id, executed_ae, executed_cp, execution_date) VALUES ('0c7a8584-5ae0-4d91-bea1-a557cd78ef33', '4125a725-e864-4d56-b10e-723e2665bdc4', NULL, NULL, '2025-04-01');
INSERT INTO operations (id, action_id, wilaya_id, title, year, status, observation) VALUES ('19ab1e2c-a472-4609-8bef-a91c635139c2', NULL, 'ee20149a-4299-4419-a38a-4ce25f1219a6', 'Opération inconnue', 2025, 'nan', 'Zones concernées : Bordj El May- El Faraa – Dair El Hessiane – Oum Djrabiaa – Chaaba Beida et Lighen –   El Khodr  ');
INSERT INTO wilayas (id, code, name) VALUES ('ee20149a-4299-4419-a38a-4ce25f1219a6', '32', 'El bayadh');
INSERT INTO engagements (id, operation_id, amount, year, type) VALUES ('b333155f-3e45-44a0-a1f9-6a0e322e86cb', '19ab1e2c-a472-4609-8bef-a91c635139c2', 3600000.0, 2025, 'initial');
INSERT INTO financial_operations (id, operation_id, executed_ae, executed_cp, execution_date) VALUES ('9fa21081-7dad-4635-bd97-94b8a9010255', '19ab1e2c-a472-4609-8bef-a91c635139c2', 3600000.0, NULL, '2025-04-01');
INSERT INTO operations (id, action_id, wilaya_id, title, year, status, observation) VALUES ('d2994a2a-a266-4ee6-8a61-971e46428839', NULL, 'fa8c795f-9a30-4d40-9531-395388c211bf', 'Opération inconnue', 2025, 'nan', 'nan');
INSERT INTO wilayas (id, code, name) VALUES ('fa8c795f-9a30-4d40-9531-395388c211bf', '32', 'El bayadh');
INSERT INTO engagements (id, operation_id, amount, year, type) VALUES ('bd1c24dd-b077-4063-a75a-5e0cb8e64fa1', 'd2994a2a-a266-4ee6-8a61-971e46428839', 3600000.0, 2025, 'initial');
INSERT INTO financial_operations (id, operation_id, executed_ae, executed_cp, execution_date) VALUES ('0e4d23f8-7449-4011-9efe-400d1f2f2bc3', 'd2994a2a-a266-4ee6-8a61-971e46428839', 3600000.0, 0.0, '2025-04-01');
INSERT INTO operations (id, action_id, wilaya_id, title, year, status, observation) VALUES ('450beb0c-a9cf-4b71-8a69-02cd0515d739', NULL, '6e53304b-c0b1-41ac-97f3-13a57541d097', 'Opération inconnue', 2025, 'nan', 'les procédures administratives de lancement été entamées, ce projet nécessite l’insertion du suivi dans l’intitulé de l’opération pour une meilleure prise charge lors de son exécution ');
INSERT INTO wilayas (id, code, name) VALUES ('6e53304b-c0b1-41ac-97f3-13a57541d097', '01', 'Adrar');
INSERT INTO engagements (id, operation_id, amount, year, type) VALUES ('a6181f0e-9f52-4cb6-8aa6-d4946467731b', '450beb0c-a9cf-4b71-8a69-02cd0515d739', 0.0, 2025, 'initial');
INSERT INTO financial_operations (id, operation_id, executed_ae, executed_cp, execution_date) VALUES ('b835f14c-f5c2-4646-8fc2-2cdce111619b', '450beb0c-a9cf-4b71-8a69-02cd0515d739', 0.0, 0.0, '2025-04-01');
INSERT INTO operations (id, action_id, wilaya_id, title, year, status, observation) VALUES ('b464bf7c-2293-48f6-a100-79e54a59e618', NULL, '223988ec-9ea7-46f5-bd19-b6882a29157a', 'Opération inconnue', 2025, 'nan', 'procédures administratives lancées ');
INSERT INTO wilayas (id, code, name) VALUES ('223988ec-9ea7-46f5-bd19-b6882a29157a', '01', 'Adrar');
INSERT INTO engagements (id, operation_id, amount, year, type) VALUES ('d86998dc-e55b-44be-9f9f-f64416f2b3fb', 'b464bf7c-2293-48f6-a100-79e54a59e618', 0.0, 2025, 'initial');
INSERT INTO financial_operations (id, operation_id, executed_ae, executed_cp, execution_date) VALUES ('af6865cf-3e9b-4eb3-aa43-67fdf8c3fc2e', 'b464bf7c-2293-48f6-a100-79e54a59e618', 0.0, 0.0, '2025-04-01');
INSERT INTO operations (id, action_id, wilaya_id, title, year, status, observation) VALUES ('f790fd21-551f-4d51-96c2-857eb913d8e5', NULL, '2ccff289-c84c-45ed-910a-0499f5e4150f', 'Opération inconnue', 2025, 'nan', 'en cours, ce projet nécessite un besoin en matières des crédits de paiement de l’ordre de 1418 millions de DA et une réévaluation de 400 millions de DA ');
INSERT INTO wilayas (id, code, name) VALUES ('2ccff289-c84c-45ed-910a-0499f5e4150f', '01', 'Adrar');
INSERT INTO engagements (id, operation_id, amount, year, type) VALUES ('af56e5c0-256d-44c1-8c51-22ab96037b2c', 'f790fd21-551f-4d51-96c2-857eb913d8e5', 2590291.0, 2025, 'initial');
INSERT INTO financial_operations (id, operation_id, executed_ae, executed_cp, execution_date) VALUES ('e2fb4115-2b55-4809-8ab1-8602985789f5', 'f790fd21-551f-4d51-96c2-857eb913d8e5', 2590291.0, 179870.0, '2025-04-01');
INSERT INTO operations (id, action_id, wilaya_id, title, year, status, observation) VALUES ('465ecfcb-49de-4998-a634-10781f445978', NULL, 'f891b683-301f-4469-adae-0d6b2023f0a4', 'Opération inconnue', 2025, 'nan', 'nan');
INSERT INTO wilayas (id, code, name) VALUES ('f891b683-301f-4469-adae-0d6b2023f0a4', '01', 'Adrar');
INSERT INTO engagements (id, operation_id, amount, year, type) VALUES ('0c0603f6-31a7-4b79-a03b-d6f3921e74e9', '465ecfcb-49de-4998-a634-10781f445978', 2590291.0, 2025, 'initial');
INSERT INTO financial_operations (id, operation_id, executed_ae, executed_cp, execution_date) VALUES ('c1b606d0-6b24-4041-88ef-6d78863db4ae', '465ecfcb-49de-4998-a634-10781f445978', 2590291.0, 179870.0, '2025-04-01');
INSERT INTO operations (id, action_id, wilaya_id, title, year, status, observation) VALUES ('41b7abf9-cbca-46f5-bf88-f714e8f31bf9', NULL, '3629d712-9608-4c99-bd07-06abf7f05077', 'Opération inconnue', 2025, 'nan', 'lancée');
INSERT INTO wilayas (id, code, name) VALUES ('3629d712-9608-4c99-bd07-06abf7f05077', '01', 'Adrar');
INSERT INTO engagements (id, operation_id, amount, year, type) VALUES ('4ccc8cde-2779-4dec-93ed-0082f46b37b8', '41b7abf9-cbca-46f5-bf88-f714e8f31bf9', 0.0, 2025, 'initial');
INSERT INTO financial_operations (id, operation_id, executed_ae, executed_cp, execution_date) VALUES ('4c0e16c3-5908-4377-b6a0-f67f498619e4', '41b7abf9-cbca-46f5-bf88-f714e8f31bf9', 0.0, 0.0, '2025-04-01');
INSERT INTO operations (id, action_id, wilaya_id, title, year, status, observation) VALUES ('bd2bb52a-568c-427a-9937-c98878aa9887', NULL, '068f9962-b347-4a20-aa0e-3e98b78f5e3f', 'Opération inconnue', 2025, 'nan', 'en cours');
INSERT INTO wilayas (id, code, name) VALUES ('068f9962-b347-4a20-aa0e-3e98b78f5e3f', '01', 'Adrar');
INSERT INTO engagements (id, operation_id, amount, year, type) VALUES ('27bd7619-3e47-435b-9b5b-7a1c210884f5', 'bd2bb52a-568c-427a-9937-c98878aa9887', 3801162.0, 2025, 'initial');
INSERT INTO financial_operations (id, operation_id, executed_ae, executed_cp, execution_date) VALUES ('0c2402eb-4d1f-48bc-a893-cf23c1fdc06f', 'bd2bb52a-568c-427a-9937-c98878aa9887', 3801162.0, 399109.0, '2025-04-01');
INSERT INTO operations (id, action_id, wilaya_id, title, year, status, observation) VALUES ('98bcb4d5-0732-433b-b68f-5a7284b5183d', NULL, '5de6728b-dbb3-4496-a7a5-bba4873d6f03', 'Opération inconnue', 2025, 'nan', 'en cours');
INSERT INTO wilayas (id, code, name) VALUES ('5de6728b-dbb3-4496-a7a5-bba4873d6f03', '01', 'Adrar');
INSERT INTO engagements (id, operation_id, amount, year, type) VALUES ('05b292dc-2540-4393-9e4c-1000a4ed9c03', '98bcb4d5-0732-433b-b68f-5a7284b5183d', 3782556.0, 2025, 'initial');
INSERT INTO financial_operations (id, operation_id, executed_ae, executed_cp, execution_date) VALUES ('0904d184-e3ca-47e2-9c03-4a3dd0070d51', '98bcb4d5-0732-433b-b68f-5a7284b5183d', 3782556.0, 821935.0, '2025-04-01');
INSERT INTO operations (id, action_id, wilaya_id, title, year, status, observation) VALUES ('45f3f3b4-4880-432f-9d92-f4664e3fc642', NULL, 'ab2978c0-a760-4429-a745-6e9ad298138d', 'Opération inconnue', 2025, 'nan', 'en cours');
INSERT INTO wilayas (id, code, name) VALUES ('ab2978c0-a760-4429-a745-6e9ad298138d', '01', 'Adrar');
INSERT INTO engagements (id, operation_id, amount, year, type) VALUES ('b9219237-6a90-43cf-b1a7-d075490dc3c6', '45f3f3b4-4880-432f-9d92-f4664e3fc642', 4730789.0, 2025, 'initial');
INSERT INTO financial_operations (id, operation_id, executed_ae, executed_cp, execution_date) VALUES ('4a6cdc9f-dc97-470e-8684-eb5fe7bfb04e', '45f3f3b4-4880-432f-9d92-f4664e3fc642', 4730789.0, 421255.0, '2025-04-01');
INSERT INTO operations (id, action_id, wilaya_id, title, year, status, observation) VALUES ('a2718985-85d2-4288-a680-491357749a5c', NULL, 'f8bf6d5e-f0f6-4372-84a6-e82f2a3a1a94', 'Opération inconnue', 2025, 'nan', 'en cours');
INSERT INTO wilayas (id, code, name) VALUES ('f8bf6d5e-f0f6-4372-84a6-e82f2a3a1a94', '01', 'Adrar');
INSERT INTO engagements (id, operation_id, amount, year, type) VALUES ('f0df22cd-fe9b-46ce-a32c-371037c669ff', 'a2718985-85d2-4288-a680-491357749a5c', 4191770.0, 2025, 'initial');
INSERT INTO financial_operations (id, operation_id, executed_ae, executed_cp, execution_date) VALUES ('dfc00420-01dd-4bb3-9b9a-578b77c7e049', 'a2718985-85d2-4288-a680-491357749a5c', 4191770.0, 2184926.0, '2025-04-01');
INSERT INTO operations (id, action_id, wilaya_id, title, year, status, observation) VALUES ('f1b141f6-1365-4835-b681-9bbbbde66260', NULL, '4e19a02f-457f-43f1-951d-926bba5ed9e8', 'Opération inconnue', 2025, 'nan', 'en cours');
INSERT INTO wilayas (id, code, name) VALUES ('4e19a02f-457f-43f1-951d-926bba5ed9e8', '01', 'Adrar');
INSERT INTO engagements (id, operation_id, amount, year, type) VALUES ('0d768e43-2c71-4942-8583-2cc186ba64aa', 'f1b141f6-1365-4835-b681-9bbbbde66260', 616982.0, 2025, 'initial');
INSERT INTO financial_operations (id, operation_id, executed_ae, executed_cp, execution_date) VALUES ('b34a8d21-4c59-4cfd-8324-e1efde1a25da', 'f1b141f6-1365-4835-b681-9bbbbde66260', 616982.0, 262446.0, '2025-04-01');
INSERT INTO operations (id, action_id, wilaya_id, title, year, status, observation) VALUES ('e1d38125-efec-4942-a93a-ea4d39f9b04b', NULL, '18ac1b29-3634-4a25-8f29-8591ebe23a36', 'Opération inconnue', 2025, 'nan', 'en cours');
INSERT INTO wilayas (id, code, name) VALUES ('18ac1b29-3634-4a25-8f29-8591ebe23a36', '01', 'Adrar');
INSERT INTO engagements (id, operation_id, amount, year, type) VALUES ('46017dcb-dca9-4281-849c-7bd8a389c5a7', 'e1d38125-efec-4942-a93a-ea4d39f9b04b', 1251753.0, 2025, 'initial');
INSERT INTO financial_operations (id, operation_id, executed_ae, executed_cp, execution_date) VALUES ('a6c59f27-5634-495c-a533-d2516daf17f9', 'e1d38125-efec-4942-a93a-ea4d39f9b04b', 1251753.0, 1215635.0, '2025-04-01');
INSERT INTO operations (id, action_id, wilaya_id, title, year, status, observation) VALUES ('d27b67bd-e120-4937-9dc3-c08a24522fb2', NULL, '68fdc460-fdc1-42c8-adc0-fd4709604769', 'Opération inconnue', 2025, 'nan', 'nan');
INSERT INTO wilayas (id, code, name) VALUES ('68fdc460-fdc1-42c8-adc0-fd4709604769', '01', 'Adrar');
INSERT INTO engagements (id, operation_id, amount, year, type) VALUES ('456e5bc1-8dad-4f5d-bab9-92310e0e453c', 'd27b67bd-e120-4937-9dc3-c08a24522fb2', 18375012.0, 2025, 'initial');
INSERT INTO financial_operations (id, operation_id, executed_ae, executed_cp, execution_date) VALUES ('c4758fa8-7cd2-4d00-909c-16efcf68c83d', 'd27b67bd-e120-4937-9dc3-c08a24522fb2', 18375012.0, 5305306.0, '2025-04-01');
INSERT INTO operations (id, action_id, wilaya_id, title, year, status, observation) VALUES ('c855fb23-6aec-4647-88a6-242871a0210f', NULL, 'effecac8-ebb4-40ed-a4b4-297d710dc70e', 'Opération inconnue', 2025, 'nan', 'lancée');
INSERT INTO wilayas (id, code, name) VALUES ('effecac8-ebb4-40ed-a4b4-297d710dc70e', '01', 'Adrar');
INSERT INTO engagements (id, operation_id, amount, year, type) VALUES ('40cf7c9a-a5fa-442d-8a04-90f81a0e409d', 'c855fb23-6aec-4647-88a6-242871a0210f', 0.0, 2025, 'initial');
INSERT INTO financial_operations (id, operation_id, executed_ae, executed_cp, execution_date) VALUES ('c5b1f3b8-2687-4b12-8f12-24a5731c3fbd', 'c855fb23-6aec-4647-88a6-242871a0210f', 0.0, 0.0, '2025-04-01');
INSERT INTO operations (id, action_id, wilaya_id, title, year, status, observation) VALUES ('1e238140-1f18-41fe-98e0-edf153ef86b0', NULL, '6db5a69a-6917-4e9c-8240-40f297507665', 'Opération inconnue', 2025, 'nan', 'en cours');
INSERT INTO wilayas (id, code, name) VALUES ('6db5a69a-6917-4e9c-8240-40f297507665', '01', 'Adrar');
INSERT INTO engagements (id, operation_id, amount, year, type) VALUES ('ffe57fd3-51bc-430c-8561-f56b400a2b0f', '1e238140-1f18-41fe-98e0-edf153ef86b0', 4486348.0, 2025, 'initial');
INSERT INTO financial_operations (id, operation_id, executed_ae, executed_cp, execution_date) VALUES ('1a68fa5b-e512-472e-abe9-4205623c3451', '1e238140-1f18-41fe-98e0-edf153ef86b0', 4486348.0, 3873676.0, '2025-04-01');
INSERT INTO operations (id, action_id, wilaya_id, title, year, status, observation) VALUES ('b0cf2f1f-9d28-40d7-b9e4-5177d72b40b4', NULL, '67d9e48d-f1ba-4abd-bb01-6ba937b5b30d', 'Opération inconnue', 2025, 'nan', 'nan');
INSERT INTO wilayas (id, code, name) VALUES ('67d9e48d-f1ba-4abd-bb01-6ba937b5b30d', '01', 'Adrar');
INSERT INTO engagements (id, operation_id, amount, year, type) VALUES ('ba307f1f-34d5-45e3-83e0-133913cbe3bd', 'b0cf2f1f-9d28-40d7-b9e4-5177d72b40b4', 4486348.0, 2025, 'initial');
INSERT INTO financial_operations (id, operation_id, executed_ae, executed_cp, execution_date) VALUES ('7eb42a2b-b159-433f-946b-1a12de9e7eb7', 'b0cf2f1f-9d28-40d7-b9e4-5177d72b40b4', 4486348.0, 3873676.0, '2025-04-01');
INSERT INTO operations (id, action_id, wilaya_id, title, year, status, observation) VALUES ('80964ae6-f2c2-437b-ab20-60f135315cd2', NULL, '15d7adf4-5597-420b-942f-03eadf5eac2b', 'Opération inconnue', 2025, 'nan', 'en cours');
INSERT INTO wilayas (id, code, name) VALUES ('15d7adf4-5597-420b-942f-03eadf5eac2b', '01', 'Adrar');
INSERT INTO engagements (id, operation_id, amount, year, type) VALUES ('3aaa05b2-d8b2-45b0-baf0-4f37f3faa66f', '80964ae6-f2c2-437b-ab20-60f135315cd2', 1495698.0, 2025, 'initial');
INSERT INTO financial_operations (id, operation_id, executed_ae, executed_cp, execution_date) VALUES ('2be20742-11ef-40b7-a349-90804084501c', '80964ae6-f2c2-437b-ab20-60f135315cd2', 1495698.0, 1048774.0, '2025-04-01');
INSERT INTO operations (id, action_id, wilaya_id, title, year, status, observation) VALUES ('f04c6655-52b7-479b-9c9c-b7eb2cd48041', NULL, '9f70a557-37dc-4c55-8253-6d4ceb826d20', 'Opération inconnue', 2025, 'nan', 'en cours');
INSERT INTO wilayas (id, code, name) VALUES ('9f70a557-37dc-4c55-8253-6d4ceb826d20', '01', 'Adrar');
INSERT INTO engagements (id, operation_id, amount, year, type) VALUES ('46217d63-4eba-4967-ab3d-18c2644cfd1d', 'f04c6655-52b7-479b-9c9c-b7eb2cd48041', 1343157.0, 2025, 'initial');
INSERT INTO financial_operations (id, operation_id, executed_ae, executed_cp, execution_date) VALUES ('9a0e0846-5b1c-48d8-bd4d-1800049b7bda', 'f04c6655-52b7-479b-9c9c-b7eb2cd48041', 1343157.0, 798928.0, '2025-04-01');
INSERT INTO operations (id, action_id, wilaya_id, title, year, status, observation) VALUES ('576d903d-15fa-4a24-8e76-157ab1240271', NULL, 'f2862f55-449b-4654-a972-0e7c68aedcfc', 'Opération inconnue', 2025, 'nan', 'en cours');
INSERT INTO wilayas (id, code, name) VALUES ('f2862f55-449b-4654-a972-0e7c68aedcfc', '01', 'Adrar');
INSERT INTO engagements (id, operation_id, amount, year, type) VALUES ('00de4bae-79ca-43cc-802d-128e8c4163d0', '576d903d-15fa-4a24-8e76-157ab1240271', 1365021.0, 2025, 'initial');
INSERT INTO financial_operations (id, operation_id, executed_ae, executed_cp, execution_date) VALUES ('70c08f33-15a3-4370-8ffb-b0fae81f0e08', '576d903d-15fa-4a24-8e76-157ab1240271', 1365021.0, 41529.0, '2025-04-01');
INSERT INTO operations (id, action_id, wilaya_id, title, year, status, observation) VALUES ('88947221-ba9a-4618-8eb0-54bfd0ee9f00', NULL, 'bb9fcc9a-90e0-4810-8b9e-276d62644502', 'Opération inconnue', 2025, 'nan', 'nan');
INSERT INTO wilayas (id, code, name) VALUES ('bb9fcc9a-90e0-4810-8b9e-276d62644502', '01', 'Adrar');
INSERT INTO engagements (id, operation_id, amount, year, type) VALUES ('61bb3896-a65e-42de-a011-b165138cdb48', '88947221-ba9a-4618-8eb0-54bfd0ee9f00', 4203876.0, 2025, 'initial');
INSERT INTO financial_operations (id, operation_id, executed_ae, executed_cp, execution_date) VALUES ('bda2c424-73bb-4951-bf93-ac5ef02eacac', '88947221-ba9a-4618-8eb0-54bfd0ee9f00', 4203876.0, NULL, '2025-04-01');
INSERT INTO operations (id, action_id, wilaya_id, title, year, status, observation) VALUES ('7b60adcc-0756-4339-9898-f94b1ba77b4b', NULL, '970b59ab-cc61-4b13-bcbf-742aca5993bd', 'Opération inconnue', 2025, 'nan', 'en cours');
INSERT INTO wilayas (id, code, name) VALUES ('970b59ab-cc61-4b13-bcbf-742aca5993bd', '01', 'Adrar');
INSERT INTO engagements (id, operation_id, amount, year, type) VALUES ('a3174a5d-9884-4b99-afbe-5d15a95deef7', '7b60adcc-0756-4339-9898-f94b1ba77b4b', 1413716.0, 2025, 'initial');
INSERT INTO financial_operations (id, operation_id, executed_ae, executed_cp, execution_date) VALUES ('b9d4394d-25c5-439f-a7f2-218ea473f202', '7b60adcc-0756-4339-9898-f94b1ba77b4b', 1413716.0, 1990350.0, '2025-04-01');
INSERT INTO operations (id, action_id, wilaya_id, title, year, status, observation) VALUES ('25acfbb1-f960-4569-b1d9-3f39efe61711', NULL, '53f6f5cb-b973-4c84-be44-f9b49a5ae423', 'Opération inconnue', 2025, 'nan', 'en cours');
INSERT INTO wilayas (id, code, name) VALUES ('53f6f5cb-b973-4c84-be44-f9b49a5ae423', '01', 'Adrar');
INSERT INTO engagements (id, operation_id, amount, year, type) VALUES ('bb2d4ad1-edef-4fb3-b18b-f01ee62137c2', '25acfbb1-f960-4569-b1d9-3f39efe61711', 5171738.0, 2025, 'initial');
INSERT INTO financial_operations (id, operation_id, executed_ae, executed_cp, execution_date) VALUES ('bf10205d-cc11-49c8-8a11-952991fad293', '25acfbb1-f960-4569-b1d9-3f39efe61711', 5171738.0, 2347093.0, '2025-04-01');
INSERT INTO operations (id, action_id, wilaya_id, title, year, status, observation) VALUES ('bbee868a-8abd-468a-9661-9d223ea90fbd', NULL, 'ea01b714-77b1-43d7-8ad6-b94ab879628f', 'Opération inconnue', 2025, 'nan', 'en cours');
INSERT INTO wilayas (id, code, name) VALUES ('ea01b714-77b1-43d7-8ad6-b94ab879628f', '01', 'Adrar');
INSERT INTO engagements (id, operation_id, amount, year, type) VALUES ('797763f9-6b9f-4dc7-af10-ed07a84345dd', 'bbee868a-8abd-468a-9661-9d223ea90fbd', 1958887.0, 2025, 'initial');
INSERT INTO financial_operations (id, operation_id, executed_ae, executed_cp, execution_date) VALUES ('934f28f0-2ff5-4ce9-9b2a-1839660a03f5', 'bbee868a-8abd-468a-9661-9d223ea90fbd', 1958887.0, 1256459.0, '2025-04-01');
INSERT INTO operations (id, action_id, wilaya_id, title, year, status, observation) VALUES ('d8bbb7fa-545a-44d4-8006-8e65e73f877a', NULL, '78fad27e-5fad-4f78-9e4f-31d89a41ba07', 'Opération inconnue', 2025, 'nan', 'en cours');
INSERT INTO wilayas (id, code, name) VALUES ('78fad27e-5fad-4f78-9e4f-31d89a41ba07', '01', 'Adrar');
INSERT INTO engagements (id, operation_id, amount, year, type) VALUES ('b05c7a19-db06-43a5-b5fe-aadbbe7569b8', 'd8bbb7fa-545a-44d4-8006-8e65e73f877a', 1573149.0, 2025, 'initial');
INSERT INTO financial_operations (id, operation_id, executed_ae, executed_cp, execution_date) VALUES ('3fbc28ad-42f1-4509-9fa9-2c0e591e81ed', 'd8bbb7fa-545a-44d4-8006-8e65e73f877a', 1573149.0, 1303935.0, '2025-04-01');
INSERT INTO operations (id, action_id, wilaya_id, title, year, status, observation) VALUES ('c7262ef4-9785-4181-ae4b-fe59899136ef', NULL, '2e2edb0f-0bb1-4aa8-98cc-76caf342c26f', 'Opération inconnue', 2025, 'nan', 'nan');
INSERT INTO wilayas (id, code, name) VALUES ('2e2edb0f-0bb1-4aa8-98cc-76caf342c26f', '01', 'Adrar');
INSERT INTO engagements (id, operation_id, amount, year, type) VALUES ('7607be02-89dc-4464-959e-6e293069c7fd', 'c7262ef4-9785-4181-ae4b-fe59899136ef', 8703774.0, 2025, 'initial');
INSERT INTO financial_operations (id, operation_id, executed_ae, executed_cp, execution_date) VALUES ('17957f50-ec7f-4195-b79b-14ba527c73a1', 'c7262ef4-9785-4181-ae4b-fe59899136ef', 8703774.0, 4907487.0, '2025-04-01');
INSERT INTO operations (id, action_id, wilaya_id, title, year, status, observation) VALUES ('6a5aa17a-efd9-41ac-9da3-b0861d783c89', NULL, 'bc82caa9-c542-48c1-9c2e-72ff09b4bf52', 'Opération inconnue', 2025, 'nan', 'en cours');
INSERT INTO wilayas (id, code, name) VALUES ('bc82caa9-c542-48c1-9c2e-72ff09b4bf52', '01', 'Adrar');
INSERT INTO engagements (id, operation_id, amount, year, type) VALUES ('1d98e9dd-cd50-4cc4-868b-420e1d9d849b', '6a5aa17a-efd9-41ac-9da3-b0861d783c89', 3152919.0, 2025, 'initial');
INSERT INTO financial_operations (id, operation_id, executed_ae, executed_cp, execution_date) VALUES ('d7a1d4fc-0b2a-40e7-b099-fd6d135628d0', '6a5aa17a-efd9-41ac-9da3-b0861d783c89', 3152919.0, 1729204.0, '2025-04-01');
INSERT INTO operations (id, action_id, wilaya_id, title, year, status, observation) VALUES ('21415719-7207-485a-b360-7a279be4f2ff', NULL, '1810a3fc-2f78-409f-b8d3-e82f9d3c9e58', 'Opération inconnue', 2025, 'nan', 'EN COURS');
INSERT INTO wilayas (id, code, name) VALUES ('1810a3fc-2f78-409f-b8d3-e82f9d3c9e58', '08', 'Bechar');
INSERT INTO engagements (id, operation_id, amount, year, type) VALUES ('9380cc45-c6e4-4b40-84e9-89e30bdf5539', '21415719-7207-485a-b360-7a279be4f2ff', 1796419.0, 2025, 'initial');
INSERT INTO financial_operations (id, operation_id, executed_ae, executed_cp, execution_date) VALUES ('f9337d48-4388-4a54-b39b-bb1e312f1f02', '21415719-7207-485a-b360-7a279be4f2ff', 1796419.0, 1583884.0, '2025-04-01');
INSERT INTO operations (id, action_id, wilaya_id, title, year, status, observation) VALUES ('fc92bcc3-91f0-4b63-90a8-45f8ae7fea20', NULL, '12b834e9-28cd-4b9a-a93b-7b90526d33e1', 'Opération inconnue', 2025, 'nan', 'EN COURS');
INSERT INTO wilayas (id, code, name) VALUES ('12b834e9-28cd-4b9a-a93b-7b90526d33e1', '08', 'Bechar');
INSERT INTO engagements (id, operation_id, amount, year, type) VALUES ('16994497-db9f-49b6-a03a-ebc7a538a68e', 'fc92bcc3-91f0-4b63-90a8-45f8ae7fea20', 1498260.0, 2025, 'initial');
INSERT INTO financial_operations (id, operation_id, executed_ae, executed_cp, execution_date) VALUES ('835d34b7-49db-4f40-8e55-43b13e6de00a', 'fc92bcc3-91f0-4b63-90a8-45f8ae7fea20', 1498260.0, 1141482.0, '2025-04-01');
INSERT INTO operations (id, action_id, wilaya_id, title, year, status, observation) VALUES ('41199c7f-3472-4437-80d2-387a0cc3386b', NULL, '8dc7e87d-fb9f-4887-a7ed-c4c7cbc40bbc', 'Opération inconnue', 2025, 'nan', 'EN COURS');
INSERT INTO wilayas (id, code, name) VALUES ('8dc7e87d-fb9f-4887-a7ed-c4c7cbc40bbc', '08', 'Bechar');
INSERT INTO engagements (id, operation_id, amount, year, type) VALUES ('557e7d94-baed-400a-958a-b780361c4b54', '41199c7f-3472-4437-80d2-387a0cc3386b', 197366.0, 2025, 'initial');
INSERT INTO financial_operations (id, operation_id, executed_ae, executed_cp, execution_date) VALUES ('ba7e676b-6c11-45bf-a070-3ba22e62fd67', '41199c7f-3472-4437-80d2-387a0cc3386b', 197366.0, 42411.0, '2025-04-01');
INSERT INTO operations (id, action_id, wilaya_id, title, year, status, observation) VALUES ('087cfa96-fb06-4a55-a243-207b4fc381c1', NULL, '04e90c73-76fd-4bfe-b227-c2e2ea18cd07', 'Opération inconnue', 2025, 'nan', 'nan');
INSERT INTO wilayas (id, code, name) VALUES ('04e90c73-76fd-4bfe-b227-c2e2ea18cd07', '08', 'Bechar');
INSERT INTO engagements (id, operation_id, amount, year, type) VALUES ('8a7c7b94-5507-40a6-86ae-fd2c45cdfb89', '087cfa96-fb06-4a55-a243-207b4fc381c1', 1695626.0, 2025, 'initial');
INSERT INTO financial_operations (id, operation_id, executed_ae, executed_cp, execution_date) VALUES ('a9a8fa89-d108-4d1f-9e97-348eaa84ab3a', '087cfa96-fb06-4a55-a243-207b4fc381c1', 1695626.0, 1183893.0, '2025-04-01');
INSERT INTO operations (id, action_id, wilaya_id, title, year, status, observation) VALUES ('bbf6f3c4-3a98-4a66-b9eb-fff5d35a45e2', NULL, 'b4b69310-a388-4f7f-96b9-98b068edbcde', 'Opération inconnue', 2025, 'nan', 'Cahier des charges étude et suivi déposé au niveau  de la commission sectorielle ministère de la santé
Besoin en reevaluation de
25 000 000 000 DA ');
INSERT INTO wilayas (id, code, name) VALUES ('b4b69310-a388-4f7f-96b9-98b068edbcde', '08', 'Bechar');
INSERT INTO engagements (id, operation_id, amount, year, type) VALUES ('9eebbb3a-5cf6-4208-9539-689f5043f962', 'bbf6f3c4-3a98-4a66-b9eb-fff5d35a45e2', 5018.0, 2025, 'initial');
INSERT INTO financial_operations (id, operation_id, executed_ae, executed_cp, execution_date) VALUES ('91307d08-4672-4bf5-921c-2700345e1a4c', 'bbf6f3c4-3a98-4a66-b9eb-fff5d35a45e2', 5018.0, 5018.0, '2025-04-01');
INSERT INTO operations (id, action_id, wilaya_id, title, year, status, observation) VALUES ('06b57cae-fde1-4866-aa81-0cade9931b45', NULL, '394b63a4-b48f-4484-a6c0-641f8c483b3b', 'Opération inconnue', 2025, 'nan', 'EN COURS');
INSERT INTO wilayas (id, code, name) VALUES ('394b63a4-b48f-4484-a6c0-641f8c483b3b', '08', 'Bechar');
INSERT INTO engagements (id, operation_id, amount, year, type) VALUES ('1efa98a6-5903-4c7e-bed8-cf47a3c9e072', '06b57cae-fde1-4866-aa81-0cade9931b45', 1807922.0, 2025, 'initial');
INSERT INTO financial_operations (id, operation_id, executed_ae, executed_cp, execution_date) VALUES ('57963705-fd22-49fb-acbe-f478d0d7f2e8', '06b57cae-fde1-4866-aa81-0cade9931b45', 1807922.0, 1483077.0, '2025-04-01');
INSERT INTO operations (id, action_id, wilaya_id, title, year, status, observation) VALUES ('f44e23f5-30dc-4b4b-9612-1461d5e46b17', NULL, 'c89dbd55-dd5d-44ad-a56e-11183a4517b4', 'Opération inconnue', 2025, 'nan', 'EN COURS');
INSERT INTO wilayas (id, code, name) VALUES ('c89dbd55-dd5d-44ad-a56e-11183a4517b4', '08', 'Bechar');
INSERT INTO engagements (id, operation_id, amount, year, type) VALUES ('0c86e581-68e1-4096-83d1-07c80cedacea', 'f44e23f5-30dc-4b4b-9612-1461d5e46b17', 955639.0, 2025, 'initial');
INSERT INTO financial_operations (id, operation_id, executed_ae, executed_cp, execution_date) VALUES ('6fc17d30-6588-43cf-9450-eac38c5f0035', 'f44e23f5-30dc-4b4b-9612-1461d5e46b17', 955639.0, 912399.0, '2025-04-01');
INSERT INTO operations (id, action_id, wilaya_id, title, year, status, observation) VALUES ('850dfb51-e9b0-429a-9294-fc1d30af9f9a', NULL, '62c7f4c9-cd00-42fd-b247-c1fdabfb572e', 'Opération inconnue', 2025, 'nan', 'nan');
INSERT INTO wilayas (id, code, name) VALUES ('62c7f4c9-cd00-42fd-b247-c1fdabfb572e', '08', 'Bechar');
INSERT INTO engagements (id, operation_id, amount, year, type) VALUES ('2cfa130e-a09d-4745-bdba-8cb1a9c4fe0e', '850dfb51-e9b0-429a-9294-fc1d30af9f9a', 2768579.0, 2025, 'initial');
INSERT INTO financial_operations (id, operation_id, executed_ae, executed_cp, execution_date) VALUES ('cea39764-8a38-4ec7-bdab-4ce093d04815', '850dfb51-e9b0-429a-9294-fc1d30af9f9a', 2768579.0, 2400494.0, '2025-04-01');
INSERT INTO operations (id, action_id, wilaya_id, title, year, status, observation) VALUES ('344daf1b-1498-43dd-a5e9-77817ebdcb4b', NULL, 'd60632ff-0e38-4249-bf4e-fe75914ec014', 'Opération inconnue', 2025, 'nan', 'EN COURS');
INSERT INTO wilayas (id, code, name) VALUES ('d60632ff-0e38-4249-bf4e-fe75914ec014', '08', 'Bechar');
INSERT INTO engagements (id, operation_id, amount, year, type) VALUES ('fb71875a-e9fe-4f2a-a878-b7f5d774bf8c', '344daf1b-1498-43dd-a5e9-77817ebdcb4b', 4833170.0, 2025, 'initial');
INSERT INTO financial_operations (id, operation_id, executed_ae, executed_cp, execution_date) VALUES ('4fae313d-2237-45e0-b422-b2d036544a04', '344daf1b-1498-43dd-a5e9-77817ebdcb4b', 4833170.0, 3554920.0, '2025-04-01');
INSERT INTO operations (id, action_id, wilaya_id, title, year, status, observation) VALUES ('a8b2e269-4327-4e5a-ad75-08a614d23aae', NULL, 'e8970c89-7bf3-41fc-84d5-e4def428f5de', 'Opération inconnue', 2025, 'nan', 'EN COURS');
INSERT INTO wilayas (id, code, name) VALUES ('e8970c89-7bf3-41fc-84d5-e4def428f5de', '08', 'Bechar');
INSERT INTO engagements (id, operation_id, amount, year, type) VALUES ('e1a48bb8-6f63-42d3-b317-9e3c62a4fe7d', 'a8b2e269-4327-4e5a-ad75-08a614d23aae', 2016877.0, 2025, 'initial');
INSERT INTO financial_operations (id, operation_id, executed_ae, executed_cp, execution_date) VALUES ('0fa01292-1890-40eb-a39c-fada91fdba37', 'a8b2e269-4327-4e5a-ad75-08a614d23aae', 2016877.0, 1535444.0, '2025-04-01');
INSERT INTO operations (id, action_id, wilaya_id, title, year, status, observation) VALUES ('39e9e647-5f4d-41aa-82e4-a05b2f39405e', NULL, '5fbbd811-5339-472e-82bc-635c798a8eb6', 'Opération inconnue', 2025, 'nan', 'Cahier des charges  au niveau  de la commission sectorielle ');
INSERT INTO wilayas (id, code, name) VALUES ('5fbbd811-5339-472e-82bc-635c798a8eb6', '08', 'Bechar');
INSERT INTO engagements (id, operation_id, amount, year, type) VALUES ('b8d362e8-8606-434e-b266-1a869160bff5', '39e9e647-5f4d-41aa-82e4-a05b2f39405e', 0.0, 2025, 'initial');
INSERT INTO financial_operations (id, operation_id, executed_ae, executed_cp, execution_date) VALUES ('28a11e03-d677-487f-a52c-a777a9f09538', '39e9e647-5f4d-41aa-82e4-a05b2f39405e', 0.0, 0.0, '2025-04-01');
INSERT INTO operations (id, action_id, wilaya_id, title, year, status, observation) VALUES ('d5b28b3e-e88d-41ab-9f3b-917f47c5156c', NULL, '13cedcd5-ef0c-4511-b267-6d6ede703a15', 'Opération inconnue', 2025, 'nan', 'EN COUR ');
INSERT INTO wilayas (id, code, name) VALUES ('13cedcd5-ef0c-4511-b267-6d6ede703a15', '08', 'Bechar');
INSERT INTO engagements (id, operation_id, amount, year, type) VALUES ('307e9c70-d3be-4b7f-8437-4039f79b24c4', 'd5b28b3e-e88d-41ab-9f3b-917f47c5156c', 970670.0, 2025, 'initial');
INSERT INTO financial_operations (id, operation_id, executed_ae, executed_cp, execution_date) VALUES ('5454cdae-4128-4944-aa8b-3cd6186a90d5', 'd5b28b3e-e88d-41ab-9f3b-917f47c5156c', 970670.0, 0.0, '2025-04-01');
INSERT INTO operations (id, action_id, wilaya_id, title, year, status, observation) VALUES ('ff8ab45c-affc-4f9f-97cf-c5b3eda16e37', NULL, '4839bf6f-d2fa-4837-a65b-962cbc854296', 'Opération inconnue', 2025, 'nan', 'Réquisition délivrée
 le 11/11/2024');
INSERT INTO wilayas (id, code, name) VALUES ('4839bf6f-d2fa-4837-a65b-962cbc854296', '08', 'Bechar');
INSERT INTO engagements (id, operation_id, amount, year, type) VALUES ('3ead114c-385d-4833-99d6-07095e269173', 'ff8ab45c-affc-4f9f-97cf-c5b3eda16e37', 0.0, 2025, 'initial');
INSERT INTO financial_operations (id, operation_id, executed_ae, executed_cp, execution_date) VALUES ('16f8d21c-89ad-4fea-aaed-e1ac9c47dc3b', 'ff8ab45c-affc-4f9f-97cf-c5b3eda16e37', 0.0, 0.0, '2025-04-01');
INSERT INTO operations (id, action_id, wilaya_id, title, year, status, observation) VALUES ('5011b6b2-3ba7-4fb5-9cba-84a1d1302764', NULL, '69b38a0a-4b3f-404b-930f-a21bafce619c', 'Opération inconnue', 2025, 'nan', 'PROJETS DE MARCHES AU NIVEAU DES COMMISSIONS DES MARCHES COMPETENTES');
INSERT INTO wilayas (id, code, name) VALUES ('69b38a0a-4b3f-404b-930f-a21bafce619c', '08', 'Bechar');
INSERT INTO engagements (id, operation_id, amount, year, type) VALUES ('5b1ac67d-bc26-4025-b746-11245f87fdda', '5011b6b2-3ba7-4fb5-9cba-84a1d1302764', 0.0, 2025, 'initial');
INSERT INTO financial_operations (id, operation_id, executed_ae, executed_cp, execution_date) VALUES ('2806dcf9-00dd-4d86-b8a7-7909edc70ca9', '5011b6b2-3ba7-4fb5-9cba-84a1d1302764', 0.0, 0.0, '2025-04-01');
INSERT INTO operations (id, action_id, wilaya_id, title, year, status, observation) VALUES ('cc172970-00e6-4572-9d43-c4ffc7fb9e4d', NULL, '7cdb94ef-5314-4ada-bbd8-85ccc01d01a1', 'Opération inconnue', 2025, 'nan', 'nan');
INSERT INTO wilayas (id, code, name) VALUES ('7cdb94ef-5314-4ada-bbd8-85ccc01d01a1', '08', 'Bechar');
INSERT INTO engagements (id, operation_id, amount, year, type) VALUES ('2f73c913-8d20-4f82-bc29-9cf941cb00e3', 'cc172970-00e6-4572-9d43-c4ffc7fb9e4d', 970670.0, 2025, 'initial');
INSERT INTO financial_operations (id, operation_id, executed_ae, executed_cp, execution_date) VALUES ('92efb486-4514-4f6b-af41-48b4a62249cb', 'cc172970-00e6-4572-9d43-c4ffc7fb9e4d', 970670.0, 0.0, '2025-04-01');
INSERT INTO operations (id, action_id, wilaya_id, title, year, status, observation) VALUES ('c2c8e106-9802-4bc1-9550-856c91a0dc46', NULL, '36140656-481a-4754-bc93-5e8cb7b16f65', 'Opération inconnue', 2025, 'nan', '/');
INSERT INTO wilayas (id, code, name) VALUES ('36140656-481a-4754-bc93-5e8cb7b16f65', '08', 'Bechar');
INSERT INTO engagements (id, operation_id, amount, year, type) VALUES ('b1638c80-84aa-421c-b05a-7807e2be026e', 'c2c8e106-9802-4bc1-9550-856c91a0dc46', NULL, 2025, 'initial');
INSERT INTO financial_operations (id, operation_id, executed_ae, executed_cp, execution_date) VALUES ('45b1ccaf-3876-43e3-a869-08e07168e6fc', 'c2c8e106-9802-4bc1-9550-856c91a0dc46', NULL, 4940000.0, '2025-04-01');
INSERT INTO operations (id, action_id, wilaya_id, title, year, status, observation) VALUES ('b6e60def-a038-4651-b6c1-4ff92ce66907', NULL, '541dcce4-37a4-4c76-96a4-02cbfa8e8e2d', 'Opération inconnue', 2025, 'nan', '/');
INSERT INTO wilayas (id, code, name) VALUES ('541dcce4-37a4-4c76-96a4-02cbfa8e8e2d', '08', 'Bechar');
INSERT INTO engagements (id, operation_id, amount, year, type) VALUES ('32987931-3fa7-4975-b475-000b55301388', 'b6e60def-a038-4651-b6c1-4ff92ce66907', NULL, 2025, 'initial');
INSERT INTO financial_operations (id, operation_id, executed_ae, executed_cp, execution_date) VALUES ('a111f181-6bfd-4210-bc33-0e79db5e9d71', 'b6e60def-a038-4651-b6c1-4ff92ce66907', NULL, 0.0, '2025-04-01');
INSERT INTO operations (id, action_id, wilaya_id, title, year, status, observation) VALUES ('9dcf5a5f-05f5-4c82-b9b6-f9f78ecdd624', NULL, '5f555189-2567-44a4-ae4d-6aafc3fa9959', 'Opération inconnue', 2025, 'nan', 'GESTION TRANSFERER 
À  L''ANRIE');
INSERT INTO wilayas (id, code, name) VALUES ('5f555189-2567-44a4-ae4d-6aafc3fa9959', '08', 'Bechar');
INSERT INTO engagements (id, operation_id, amount, year, type) VALUES ('2e055de0-b338-4e64-8472-6499ceadabfe', '9dcf5a5f-05f5-4c82-b9b6-f9f78ecdd624', NULL, 2025, 'initial');
INSERT INTO financial_operations (id, operation_id, executed_ae, executed_cp, execution_date) VALUES ('10348ba0-3e24-4a62-9601-7a3cbce1b126', '9dcf5a5f-05f5-4c82-b9b6-f9f78ecdd624', NULL, 1753249.0, '2025-04-01');
INSERT INTO operations (id, action_id, wilaya_id, title, year, status, observation) VALUES ('c764c560-4d8e-4799-9210-a4096ec7775a', NULL, '5b7ad4f9-78ec-4572-b041-8314969e1ff1', 'Opération inconnue', 2025, 'nan', '/');
INSERT INTO wilayas (id, code, name) VALUES ('5b7ad4f9-78ec-4572-b041-8314969e1ff1', '08', 'Bechar');
INSERT INTO engagements (id, operation_id, amount, year, type) VALUES ('0dcaa137-0198-4dad-983f-92cee5e47499', 'c764c560-4d8e-4799-9210-a4096ec7775a', NULL, 2025, 'initial');
INSERT INTO financial_operations (id, operation_id, executed_ae, executed_cp, execution_date) VALUES ('04961b30-121f-4f24-9a94-86598e38eb93', 'c764c560-4d8e-4799-9210-a4096ec7775a', NULL, 23900000.0, '2025-04-01');
INSERT INTO operations (id, action_id, wilaya_id, title, year, status, observation) VALUES ('acb2dd24-36ed-424c-8a7a-0dd06333ef07', NULL, 'e3c39fdd-b0e5-4755-9a7d-ec116f66ef3f', 'Opération inconnue', 2025, 'nan', 'nan');
INSERT INTO wilayas (id, code, name) VALUES ('e3c39fdd-b0e5-4755-9a7d-ec116f66ef3f', '45', 'Naama');
INSERT INTO engagements (id, operation_id, amount, year, type) VALUES ('a27763b7-7f51-45ce-9c76-d841e702d2ce', 'acb2dd24-36ed-424c-8a7a-0dd06333ef07', 955091.47426, 2025, 'initial');
INSERT INTO financial_operations (id, operation_id, executed_ae, executed_cp, execution_date) VALUES ('1b702779-8868-4433-b664-b512f8a34cb3', 'acb2dd24-36ed-424c-8a7a-0dd06333ef07', 955091.47426, 924400.83664, '2025-04-01');
INSERT INTO operations (id, action_id, wilaya_id, title, year, status, observation) VALUES ('a7ab3fec-7439-4dbb-9b0b-df78ecb700d2', NULL, 'e8746513-6c36-4965-b824-a2dc9555b6db', 'Opération inconnue', 2025, 'nan', 'nan');
INSERT INTO wilayas (id, code, name) VALUES ('e8746513-6c36-4965-b824-a2dc9555b6db', '45', 'Naama');
INSERT INTO engagements (id, operation_id, amount, year, type) VALUES ('2692991f-beb0-49c1-962e-75165c4f9141', 'a7ab3fec-7439-4dbb-9b0b-df78ecb700d2', 1007597.70303, 2025, 'initial');
INSERT INTO financial_operations (id, operation_id, executed_ae, executed_cp, execution_date) VALUES ('49714cbe-4b68-4574-b7cf-3128e9c67acd', 'a7ab3fec-7439-4dbb-9b0b-df78ecb700d2', 1007597.70303, 994534.5060700001, '2025-04-01');
INSERT INTO operations (id, action_id, wilaya_id, title, year, status, observation) VALUES ('e994016e-e375-4049-b06d-dbf6dc69b292', NULL, 'f0951ba1-2ca8-4b55-aa8c-058e4f970f3a', 'Opération inconnue', 2025, 'nan', 'nan');
INSERT INTO wilayas (id, code, name) VALUES ('f0951ba1-2ca8-4b55-aa8c-058e4f970f3a', '45', 'Naama');
INSERT INTO engagements (id, operation_id, amount, year, type) VALUES ('9180b4d2-3e93-43d4-8576-2c9d5fd405d7', 'e994016e-e375-4049-b06d-dbf6dc69b292', 1962689.17729, 2025, 'initial');
INSERT INTO financial_operations (id, operation_id, executed_ae, executed_cp, execution_date) VALUES ('592ed5fd-d1e0-4ad4-9e41-9c0b18193dc9', 'e994016e-e375-4049-b06d-dbf6dc69b292', 1962689.17729, 1918935.34271, '2025-04-01');
INSERT INTO operations (id, action_id, wilaya_id, title, year, status, observation) VALUES ('f6565e75-cada-4af9-98c2-db1b185456d2', NULL, '3d7e556f-07cc-43a7-bea6-00af795691dd', 'Opération inconnue', 2025, 'nan', 'nan');
INSERT INTO wilayas (id, code, name) VALUES ('3d7e556f-07cc-43a7-bea6-00af795691dd', '45', 'Naama');
INSERT INTO engagements (id, operation_id, amount, year, type) VALUES ('d9924237-5b38-4f70-917f-54889ff519b5', 'f6565e75-cada-4af9-98c2-db1b185456d2', 5984278.66468, 2025, 'initial');
INSERT INTO financial_operations (id, operation_id, executed_ae, executed_cp, execution_date) VALUES ('9cc61b06-72db-4c96-9ec3-2eba900b103f', 'f6565e75-cada-4af9-98c2-db1b185456d2', 5984278.66468, 5800323.91275, '2025-04-01');
INSERT INTO operations (id, action_id, wilaya_id, title, year, status, observation) VALUES ('87eb6f18-986f-4953-b5ab-bbe618569655', NULL, '981b1547-7ceb-4e09-ac02-046f65936400', 'Opération inconnue', 2025, 'nan', 'nan');
INSERT INTO wilayas (id, code, name) VALUES ('981b1547-7ceb-4e09-ac02-046f65936400', '45', 'Naama');
INSERT INTO engagements (id, operation_id, amount, year, type) VALUES ('f44fc7e3-236a-4462-bea0-110fc890006d', '87eb6f18-986f-4953-b5ab-bbe618569655', 1895673.2991900002, 2025, 'initial');
INSERT INTO financial_operations (id, operation_id, executed_ae, executed_cp, execution_date) VALUES ('9c902f76-267e-468d-97d0-32ec31e32857', '87eb6f18-986f-4953-b5ab-bbe618569655', 1895673.2991900002, 1879815.8291599995, '2025-04-01');
INSERT INTO operations (id, action_id, wilaya_id, title, year, status, observation) VALUES ('92b7246a-3c4e-4ee3-b52e-d719310c5ed5', NULL, '8a0595c9-6343-464e-8cb8-4de6b0f4edd6', 'Opération inconnue', 2025, 'nan', 'nan');
INSERT INTO wilayas (id, code, name) VALUES ('8a0595c9-6343-464e-8cb8-4de6b0f4edd6', '45', 'Naama');
INSERT INTO engagements (id, operation_id, amount, year, type) VALUES ('abee4d54-51d7-4978-8fd8-23c49ee44e93', '92b7246a-3c4e-4ee3-b52e-d719310c5ed5', 1915832.69321, 2025, 'initial');
INSERT INTO financial_operations (id, operation_id, executed_ae, executed_cp, execution_date) VALUES ('3d5e8875-8c1f-4ed3-8378-31a46bba4556', '92b7246a-3c4e-4ee3-b52e-d719310c5ed5', 1915832.69321, 1914304.0723700006, '2025-04-01');
INSERT INTO operations (id, action_id, wilaya_id, title, year, status, observation) VALUES ('75105909-97fe-4f11-b986-0ce689608042', NULL, '965f3e7c-3114-4b94-b72d-c1bea24f9c8f', 'Opération inconnue', 2025, 'nan', 'nan');
INSERT INTO wilayas (id, code, name) VALUES ('965f3e7c-3114-4b94-b72d-c1bea24f9c8f', '45', 'Naama');
INSERT INTO engagements (id, operation_id, amount, year, type) VALUES ('9eee1948-1d7d-4917-862a-9600fa034ca2', '75105909-97fe-4f11-b986-0ce689608042', 1476024.8841400002, 2025, 'initial');
INSERT INTO financial_operations (id, operation_id, executed_ae, executed_cp, execution_date) VALUES ('417cc8a1-0725-46f0-a6f0-645362932da6', '75105909-97fe-4f11-b986-0ce689608042', 1476024.8841400002, 1455793.88687, '2025-04-01');
INSERT INTO operations (id, action_id, wilaya_id, title, year, status, observation) VALUES ('a622a22f-0d04-4410-9128-650a9077d8fa', NULL, '435a17a8-6da3-487d-9123-0509ac8a3eef', 'Opération inconnue', 2025, 'nan', 'nan');
INSERT INTO wilayas (id, code, name) VALUES ('435a17a8-6da3-487d-9123-0509ac8a3eef', '45', 'Naama');
INSERT INTO engagements (id, operation_id, amount, year, type) VALUES ('49350ef8-9115-45c6-9551-2d139482bd44', 'a622a22f-0d04-4410-9128-650a9077d8fa', 959637.2128099999, 2025, 'initial');
INSERT INTO financial_operations (id, operation_id, executed_ae, executed_cp, execution_date) VALUES ('ab2a485e-7f86-43fd-b37c-c58971f80a78', 'a622a22f-0d04-4410-9128-650a9077d8fa', 959637.2128099999, 911207.7945000001, '2025-04-01');
INSERT INTO operations (id, action_id, wilaya_id, title, year, status, observation) VALUES ('9654a9da-67f1-42b3-92f0-856328c09928', NULL, '6a8f8db0-0207-4668-9cfc-ff11b43c6b93', 'Opération inconnue', 2025, 'nan', 'nan');
INSERT INTO wilayas (id, code, name) VALUES ('6a8f8db0-0207-4668-9cfc-ff11b43c6b93', '45', 'Naama');
INSERT INTO engagements (id, operation_id, amount, year, type) VALUES ('3731498a-4f5a-45cc-97fb-502cfff8ff57', '9654a9da-67f1-42b3-92f0-856328c09928', 12231446.75403, 2025, 'initial');
INSERT INTO financial_operations (id, operation_id, executed_ae, executed_cp, execution_date) VALUES ('3221515b-c35e-49e9-9a34-de732115c5e1', '9654a9da-67f1-42b3-92f0-856328c09928', 12231446.75403, 11961445.49565, '2025-04-01');
INSERT INTO operations (id, action_id, wilaya_id, title, year, status, observation) VALUES ('1bee172b-a0a6-4953-af4c-35e7b4c8b849', NULL, '5436038f-169e-44fb-b8c4-7111cc852277', 'Opération inconnue', 2025, 'nan', 'nan');
INSERT INTO wilayas (id, code, name) VALUES ('5436038f-169e-44fb-b8c4-7111cc852277', '45', 'Naama');
INSERT INTO engagements (id, operation_id, amount, year, type) VALUES ('6024c902-ee60-4eea-8748-fb9d00d3942a', '1bee172b-a0a6-4953-af4c-35e7b4c8b849', 755666.2911, 2025, 'initial');
INSERT INTO financial_operations (id, operation_id, executed_ae, executed_cp, execution_date) VALUES ('a61d5e72-ec50-4218-87ac-de44eda7564b', '1bee172b-a0a6-4953-af4c-35e7b4c8b849', 755666.2911, 332657.0506, '2025-04-01');
INSERT INTO operations (id, action_id, wilaya_id, title, year, status, observation) VALUES ('85e91085-8268-4c0f-a758-ae95b39f07b6', NULL, 'deba4336-6934-476c-b843-bbe3c96b5999', 'Opération inconnue', 2025, 'nan', 'Demande de fusionnement des deux tranche au niveau du MF pour régler le probléme de dépassement de l''AE');
INSERT INTO wilayas (id, code, name) VALUES ('deba4336-6934-476c-b843-bbe3c96b5999', '45', 'Naama');
INSERT INTO engagements (id, operation_id, amount, year, type) VALUES ('194f2339-4a2c-4748-8134-76c959965629', '85e91085-8268-4c0f-a758-ae95b39f07b6', 939400.36079, 2025, 'initial');
INSERT INTO financial_operations (id, operation_id, executed_ae, executed_cp, execution_date) VALUES ('4241f06a-8073-4fe1-b9b2-3003556240e5', '85e91085-8268-4c0f-a758-ae95b39f07b6', 939400.36079, 1001943.7507300001, '2025-04-01');
INSERT INTO operations (id, action_id, wilaya_id, title, year, status, observation) VALUES ('aa501e19-53df-40a1-98dc-1fa69a70377d', NULL, '2f17310f-4df6-4628-9bdb-7486e5198dce', 'Opération inconnue', 2025, 'nan', 'nan');
INSERT INTO wilayas (id, code, name) VALUES ('2f17310f-4df6-4628-9bdb-7486e5198dce', '45', 'Naama');
INSERT INTO engagements (id, operation_id, amount, year, type) VALUES ('7641fbab-ad57-44b3-aa75-55ec180a6e39', 'aa501e19-53df-40a1-98dc-1fa69a70377d', 1194695.33801, 2025, 'initial');
INSERT INTO financial_operations (id, operation_id, executed_ae, executed_cp, execution_date) VALUES ('d5460ce5-7b6c-47fe-9025-f3e132902879', 'aa501e19-53df-40a1-98dc-1fa69a70377d', 1194695.33801, 1132151.9480599998, '2025-04-01');
INSERT INTO operations (id, action_id, wilaya_id, title, year, status, observation) VALUES ('ffdb4494-e438-4de1-94c6-b3412a45c5ca', NULL, '13253259-4f5c-4321-a806-0ec9638118a4', 'Opération inconnue', 2025, 'nan', 'nan');
INSERT INTO wilayas (id, code, name) VALUES ('13253259-4f5c-4321-a806-0ec9638118a4', '45', 'Naama');
INSERT INTO engagements (id, operation_id, amount, year, type) VALUES ('d3cd3d81-6ecf-4928-a7b4-f11f55447afa', 'ffdb4494-e438-4de1-94c6-b3412a45c5ca', 2134095.6988, 2025, 'initial');
INSERT INTO financial_operations (id, operation_id, executed_ae, executed_cp, execution_date) VALUES ('6ee5c2a4-04de-473e-8ab4-1e071f8ada8e', 'ffdb4494-e438-4de1-94c6-b3412a45c5ca', 2134095.6988, 2134095.69879, '2025-04-01');
INSERT INTO operations (id, action_id, wilaya_id, title, year, status, observation) VALUES ('3e6d8754-0906-456e-a3eb-93cff4ee6d14', NULL, '7422e6f7-96f8-4296-9dac-4ab9448dd147', 'Opération inconnue', 2025, 'nan', 'nan');
INSERT INTO wilayas (id, code, name) VALUES ('7422e6f7-96f8-4296-9dac-4ab9448dd147', '45', 'Naama');
INSERT INTO engagements (id, operation_id, amount, year, type) VALUES ('824d1475-e049-4943-9dab-083d9a65c961', '3e6d8754-0906-456e-a3eb-93cff4ee6d14', 1216254.17552, 2025, 'initial');
INSERT INTO financial_operations (id, operation_id, executed_ae, executed_cp, execution_date) VALUES ('abc6d5d9-5483-4f91-a0a0-a7a06d3246aa', '3e6d8754-0906-456e-a3eb-93cff4ee6d14', 1216254.17552, 1124854.11895, '2025-04-01');
INSERT INTO operations (id, action_id, wilaya_id, title, year, status, observation) VALUES ('3d4a9450-ce26-4606-a0e6-edcb30e30a77', NULL, '10da3046-b5b9-4cb5-a33c-580494fb4afc', 'Opération inconnue', 2025, 'nan', 'nan');
INSERT INTO wilayas (id, code, name) VALUES ('10da3046-b5b9-4cb5-a33c-580494fb4afc', '45', 'Naama');
INSERT INTO engagements (id, operation_id, amount, year, type) VALUES ('71a4bccb-6aca-4c44-8460-1baf1116eb55', '3d4a9450-ce26-4606-a0e6-edcb30e30a77', 2086767.755270001, 2025, 'initial');
INSERT INTO financial_operations (id, operation_id, executed_ae, executed_cp, execution_date) VALUES ('0148680d-c965-49a0-952a-91c27d595c45', '3d4a9450-ce26-4606-a0e6-edcb30e30a77', 2086767.755270001, 1857077.5193599996, '2025-04-01');
INSERT INTO operations (id, action_id, wilaya_id, title, year, status, observation) VALUES ('7a1b80d8-f133-4c71-ad60-2e9b185bde6e', NULL, '8b7b8e3f-91fb-44ad-94df-cf8ec08a5c02', 'Opération inconnue', 2025, 'nan', 'nan');
INSERT INTO wilayas (id, code, name) VALUES ('8b7b8e3f-91fb-44ad-94df-cf8ec08a5c02', '45', 'Naama');
INSERT INTO engagements (id, operation_id, amount, year, type) VALUES ('249cfc65-edf6-46c5-b0af-4646ffeb4352', '7a1b80d8-f133-4c71-ad60-2e9b185bde6e', 3303021.930790001, 2025, 'initial');
INSERT INTO financial_operations (id, operation_id, executed_ae, executed_cp, execution_date) VALUES ('9db9976a-5765-4f14-bc2a-212502ed9812', '7a1b80d8-f133-4c71-ad60-2e9b185bde6e', 3303021.930790001, 2981931.6383099994, '2025-04-01');
INSERT INTO operations (id, action_id, wilaya_id, title, year, status, observation) VALUES ('2cd89f40-c55b-43cb-94fa-7f39eda3c6be', NULL, '197345b3-8582-40f1-868e-c2eed6fbe110', 'Opération inconnue', 2025, 'nan', 'nan');
INSERT INTO wilayas (id, code, name) VALUES ('197345b3-8582-40f1-868e-c2eed6fbe110', '45', 'Naama');
INSERT INTO engagements (id, operation_id, amount, year, type) VALUES ('90197045-1f07-44ee-9b8d-2def095c7e84', '2cd89f40-c55b-43cb-94fa-7f39eda3c6be', 2401183.24266, 2025, 'initial');
INSERT INTO financial_operations (id, operation_id, executed_ae, executed_cp, execution_date) VALUES ('520cb725-bf60-4e13-951c-ee0c0ea214fb', '2cd89f40-c55b-43cb-94fa-7f39eda3c6be', 2401183.24266, 2368986.2050099997, '2025-04-01');
INSERT INTO operations (id, action_id, wilaya_id, title, year, status, observation) VALUES ('0b87b5b5-96b4-4f21-b6ac-8e15909af4f9', NULL, '9501c4f7-1c24-4aa3-932f-c4fe251985c7', 'Opération inconnue', 2025, 'nan', 'nan');
INSERT INTO wilayas (id, code, name) VALUES ('9501c4f7-1c24-4aa3-932f-c4fe251985c7', '45', 'Naama');
INSERT INTO engagements (id, operation_id, amount, year, type) VALUES ('03d2cfec-accc-4925-b97a-7968d97e3937', '0b87b5b5-96b4-4f21-b6ac-8e15909af4f9', 5704205.173450001, 2025, 'initial');
INSERT INTO financial_operations (id, operation_id, executed_ae, executed_cp, execution_date) VALUES ('b3183e6a-af88-48bf-8f3a-2a64c2d11071', '0b87b5b5-96b4-4f21-b6ac-8e15909af4f9', 5704205.173450001, 5350917.843319999, '2025-04-01');
INSERT INTO operations (id, action_id, wilaya_id, title, year, status, observation) VALUES ('933fff07-4378-41a1-b0db-81ae4c79bbc0', NULL, 'b008940a-6f12-475d-9bec-a17040a20ddc', 'Opération inconnue', 2025, 'nan', 'nan');
INSERT INTO wilayas (id, code, name) VALUES ('b008940a-6f12-475d-9bec-a17040a20ddc', '45', 'Naama');
INSERT INTO engagements (id, operation_id, amount, year, type) VALUES ('14001eeb-bd23-4ae3-ab8a-747806611687', '933fff07-4378-41a1-b0db-81ae4c79bbc0', 8979498.29002, 2025, 'initial');
INSERT INTO financial_operations (id, operation_id, executed_ae, executed_cp, execution_date) VALUES ('e9c7e93c-aaae-4018-a215-19f6e3dcaa8a', '933fff07-4378-41a1-b0db-81ae4c79bbc0', 8979498.29002, 8969950.605269998, '2025-04-01');
INSERT INTO operations (id, action_id, wilaya_id, title, year, status, observation) VALUES ('8696faeb-ed9a-4670-ad39-5314519a34c9', NULL, '62b14314-7911-4495-9e47-b16f186dd7c7', 'Opération inconnue', 2025, 'nan', 'nan');
INSERT INTO wilayas (id, code, name) VALUES ('62b14314-7911-4495-9e47-b16f186dd7c7', '45', 'Naama');
INSERT INTO engagements (id, operation_id, amount, year, type) VALUES ('5a12ab5c-75b5-49d4-8616-46fdf9efa168', '8696faeb-ed9a-4670-ad39-5314519a34c9', 4856582.536, 2025, 'initial');
INSERT INTO financial_operations (id, operation_id, executed_ae, executed_cp, execution_date) VALUES ('95fdf495-1019-467d-a54a-54f95e1c4877', '8696faeb-ed9a-4670-ad39-5314519a34c9', 4856582.536, 4542655.445230001, '2025-04-01');
INSERT INTO operations (id, action_id, wilaya_id, title, year, status, observation) VALUES ('088025c8-be61-4a8a-97b7-06251857424d', NULL, '64503ed1-3e9b-46dc-8621-58445cf142b4', 'Opération inconnue', 2025, 'nan', 'nan');
INSERT INTO wilayas (id, code, name) VALUES ('64503ed1-3e9b-46dc-8621-58445cf142b4', '45', 'Naama');
INSERT INTO engagements (id, operation_id, amount, year, type) VALUES ('6eb05ba5-27ad-4077-a714-657af17aeb0c', '088025c8-be61-4a8a-97b7-06251857424d', 1966975.5164100002, 2025, 'initial');
INSERT INTO financial_operations (id, operation_id, executed_ae, executed_cp, execution_date) VALUES ('b6d7b40b-750c-4c4d-a194-ba2ffbe8cde6', '088025c8-be61-4a8a-97b7-06251857424d', 1966975.5164100002, 1840522.3861500002, '2025-04-01');
INSERT INTO operations (id, action_id, wilaya_id, title, year, status, observation) VALUES ('3a29efa2-21f5-4c7a-98b1-a10e3dfa1ca2', NULL, '8ee056db-2323-4933-b500-346076c004b7', 'Opération inconnue', 2025, 'nan', 'nan');
INSERT INTO wilayas (id, code, name) VALUES ('8ee056db-2323-4933-b500-346076c004b7', '45', 'Naama');
INSERT INTO engagements (id, operation_id, amount, year, type) VALUES ('abf7a582-fcf1-43b8-90be-d75bc289a498', '3a29efa2-21f5-4c7a-98b1-a10e3dfa1ca2', 858807.0, 2025, 'initial');
INSERT INTO financial_operations (id, operation_id, executed_ae, executed_cp, execution_date) VALUES ('e9365e08-a0f7-4966-9233-6562161f8d99', '3a29efa2-21f5-4c7a-98b1-a10e3dfa1ca2', 858807.0, 682716.0, '2025-04-01');
INSERT INTO operations (id, action_id, wilaya_id, title, year, status, observation) VALUES ('acd5c53f-8bb1-4641-b375-9dfed0f9aed4', NULL, '54788321-3f76-4200-a25d-f425d16109aa', 'Opération inconnue', 2025, 'nan', 'nan');
INSERT INTO wilayas (id, code, name) VALUES ('54788321-3f76-4200-a25d-f425d16109aa', '45', 'Naama');
INSERT INTO engagements (id, operation_id, amount, year, type) VALUES ('61732d05-701a-4a6b-a7b1-908d445af8df', 'acd5c53f-8bb1-4641-b375-9dfed0f9aed4', 3813323.0, 2025, 'initial');
INSERT INTO financial_operations (id, operation_id, executed_ae, executed_cp, execution_date) VALUES ('8ce15698-b64b-4051-924c-f163e7790f8c', 'acd5c53f-8bb1-4641-b375-9dfed0f9aed4', 3813323.0, 4627.0, '2025-04-01');
INSERT INTO operations (id, action_id, wilaya_id, title, year, status, observation) VALUES ('6971ae27-0009-4a7e-9694-9343d30de865', NULL, '595a4741-6189-44d7-af04-fd1d8f1de436', 'Opération inconnue', 2025, 'nan', '08 centres en cours ');
INSERT INTO wilayas (id, code, name) VALUES ('595a4741-6189-44d7-af04-fd1d8f1de436', '45', 'Naama');
INSERT INTO engagements (id, operation_id, amount, year, type) VALUES ('cc805700-4292-4f99-8d56-89975c3b00a0', '6971ae27-0009-4a7e-9694-9343d30de865', 2023771.424, 2025, 'initial');
INSERT INTO financial_operations (id, operation_id, executed_ae, executed_cp, execution_date) VALUES ('619763d7-273a-4ee6-bd3e-830ad81d58f0', '6971ae27-0009-4a7e-9694-9343d30de865', 2023771.424, 0.0, '2025-04-01');
INSERT INTO operations (id, action_id, wilaya_id, title, year, status, observation) VALUES ('e7d90fb1-6488-4be7-bec5-4271da516c01', NULL, '233209f7-f72f-4342-b27f-c051d0152f03', 'Opération inconnue', 2025, 'nan', 'nan');
INSERT INTO wilayas (id, code, name) VALUES ('233209f7-f72f-4342-b27f-c051d0152f03', '45', 'Naama');
INSERT INTO engagements (id, operation_id, amount, year, type) VALUES ('2caa2787-d54b-487c-b881-3043fb196510', 'e7d90fb1-6488-4be7-bec5-4271da516c01', 0.0, 2025, 'initial');
INSERT INTO financial_operations (id, operation_id, executed_ae, executed_cp, execution_date) VALUES ('7f79678b-d4fd-4053-bf28-c5db8b8469e0', 'e7d90fb1-6488-4be7-bec5-4271da516c01', 0.0, 0.0, '2025-04-01');
INSERT INTO operations (id, action_id, wilaya_id, title, year, status, observation) VALUES ('6379928d-7586-4a67-9ddd-67ee6aa03fe7', NULL, '50df8cd4-0cdb-4b35-8145-6f7c0120de3b', 'Opération inconnue', 2025, 'nan', 'nan');
INSERT INTO wilayas (id, code, name) VALUES ('50df8cd4-0cdb-4b35-8145-6f7c0120de3b', '45', 'Naama');
INSERT INTO engagements (id, operation_id, amount, year, type) VALUES ('598d9590-3cf8-40da-9639-10da5462a40b', '6379928d-7586-4a67-9ddd-67ee6aa03fe7', 2023771.424, 2025, 'initial');
INSERT INTO financial_operations (id, operation_id, executed_ae, executed_cp, execution_date) VALUES ('e8606e05-8d6e-4426-a0f9-fe827fd45c9d', '6379928d-7586-4a67-9ddd-67ee6aa03fe7', 2023771.424, 0.0, '2025-04-01');
INSERT INTO operations (id, action_id, wilaya_id, title, year, status, observation) VALUES ('c7d38e23-6707-428f-88a9-6ccc058c7fc6', NULL, 'e304c411-3602-4240-b424-eb77411f1d7f', 'Opération inconnue', 2025, 'nan', 'nan');
INSERT INTO wilayas (id, code, name) VALUES ('e304c411-3602-4240-b424-eb77411f1d7f', '45', 'Naama');
INSERT INTO engagements (id, operation_id, amount, year, type) VALUES ('f0d49d5f-7e47-44af-b099-b135a9d67b94', 'c7d38e23-6707-428f-88a9-6ccc058c7fc6', 1492235.72449, 2025, 'initial');
INSERT INTO financial_operations (id, operation_id, executed_ae, executed_cp, execution_date) VALUES ('0c555e54-128c-4b8d-8d83-3ed07c2f5e35', 'c7d38e23-6707-428f-88a9-6ccc058c7fc6', 1492235.72449, 59689.42808, '2025-04-01');
INSERT INTO operations (id, action_id, wilaya_id, title, year, status, observation) VALUES ('8aa45791-fe8a-4d8d-8bfc-8e023e2f350a', NULL, '45969d41-6912-48e7-ab3d-4978aa480018', 'Opération inconnue', 2025, 'nan', 'nan');
INSERT INTO wilayas (id, code, name) VALUES ('45969d41-6912-48e7-ab3d-4978aa480018', '45', 'Naama');
INSERT INTO engagements (id, operation_id, amount, year, type) VALUES ('2029bca8-83ea-42d0-9648-ec4336447f67', '8aa45791-fe8a-4d8d-8bfc-8e023e2f350a', 913686.1905499999, 2025, 'initial');
INSERT INTO financial_operations (id, operation_id, executed_ae, executed_cp, execution_date) VALUES ('5c4075bf-c65a-47dc-a55a-678769ec5026', '8aa45791-fe8a-4d8d-8bfc-8e023e2f350a', 913686.1905499999, 0.0, '2025-04-01');
INSERT INTO operations (id, action_id, wilaya_id, title, year, status, observation) VALUES ('83e6300c-bb19-4fdc-bf37-ae1184964647', NULL, '23e27426-55cb-41a8-9ed2-f81d4fe3aa80', 'Opération inconnue', 2025, 'nan', 'nan');
INSERT INTO wilayas (id, code, name) VALUES ('23e27426-55cb-41a8-9ed2-f81d4fe3aa80', '45', 'Naama');
INSERT INTO engagements (id, operation_id, amount, year, type) VALUES ('88424cee-4011-44df-a454-d18a3151bd6d', '83e6300c-bb19-4fdc-bf37-ae1184964647', 2405921.91504, 2025, 'initial');
INSERT INTO financial_operations (id, operation_id, executed_ae, executed_cp, execution_date) VALUES ('b4e84f5d-8732-4c56-987d-0eed3464b12b', '83e6300c-bb19-4fdc-bf37-ae1184964647', 2405921.91504, 59689.42808, '2025-04-01');
INSERT INTO operations (id, action_id, wilaya_id, title, year, status, observation) VALUES ('cc4e6005-4b10-416e-a340-cf749733a0e9', NULL, '43fe39c2-6dd3-45c5-a9f6-d9d62b978fd7', 'Opération inconnue', 2025, 'nan', 'nan');
INSERT INTO wilayas (id, code, name) VALUES ('43fe39c2-6dd3-45c5-a9f6-d9d62b978fd7', '45', 'Naama');
INSERT INTO engagements (id, operation_id, amount, year, type) VALUES ('ff7fc63f-6cad-4b71-98d8-2446df3d3d07', 'cc4e6005-4b10-416e-a340-cf749733a0e9', 0.0, 2025, 'initial');
INSERT INTO financial_operations (id, operation_id, executed_ae, executed_cp, execution_date) VALUES ('744071a4-2e71-490f-a98e-093c33f02d81', 'cc4e6005-4b10-416e-a340-cf749733a0e9', 0.0, 0.0, '2025-04-01');
INSERT INTO operations (id, action_id, wilaya_id, title, year, status, observation) VALUES ('3f79bb77-c49e-41f3-9e2c-43ccd5e3d37a', NULL, 'f4e71dab-4eba-47a8-adfa-03d6a50cb17b', 'Opération inconnue', 2025, 'nan', 'nan');
INSERT INTO wilayas (id, code, name) VALUES ('f4e71dab-4eba-47a8-adfa-03d6a50cb17b', '45', 'Naama');
INSERT INTO engagements (id, operation_id, amount, year, type) VALUES ('4afaea04-b260-47c3-a732-4d7af56edb96', '3f79bb77-c49e-41f3-9e2c-43ccd5e3d37a', 0.0, 2025, 'initial');
INSERT INTO financial_operations (id, operation_id, executed_ae, executed_cp, execution_date) VALUES ('571d5551-adb5-4bb7-97ca-9f59162a408b', '3f79bb77-c49e-41f3-9e2c-43ccd5e3d37a', 0.0, 0.0, '2025-04-01');
INSERT INTO operations (id, action_id, wilaya_id, title, year, status, observation) VALUES ('c7107657-612c-4897-b887-6ddecb8af506', NULL, 'bf1c6745-449e-4678-ad7a-38e11b12962e', 'Opération inconnue', 2025, 'nan', 'nan');
INSERT INTO wilayas (id, code, name) VALUES ('bf1c6745-449e-4678-ad7a-38e11b12962e', '45', 'Naama');
INSERT INTO engagements (id, operation_id, amount, year, type) VALUES ('60bee854-a5ad-4cf0-b919-64dcd22aa410', 'c7107657-612c-4897-b887-6ddecb8af506', 0.0, 2025, 'initial');
INSERT INTO financial_operations (id, operation_id, executed_ae, executed_cp, execution_date) VALUES ('89746907-6adc-42ab-9d82-a5f727503620', 'c7107657-612c-4897-b887-6ddecb8af506', 0.0, 0.0, '2025-04-01');
INSERT INTO operations (id, action_id, wilaya_id, title, year, status, observation) VALUES ('f1facaf7-39bc-4fc9-9683-10d5cb267900', NULL, '892d859f-fe30-4914-b43d-f7f9ad9ee9a6', 'Opération inconnue', 2025, 'nan', 'Notifiée en 2025');
INSERT INTO wilayas (id, code, name) VALUES ('892d859f-fe30-4914-b43d-f7f9ad9ee9a6', '52', 'Beni Abbes');
INSERT INTO engagements (id, operation_id, amount, year, type) VALUES ('0419d861-0e81-4dff-807f-3a18b748faa8', 'f1facaf7-39bc-4fc9-9683-10d5cb267900', 0.0, 2025, 'initial');
INSERT INTO financial_operations (id, operation_id, executed_ae, executed_cp, execution_date) VALUES ('e8ea0153-2f47-4c70-ad7e-ac2c87de2c79', 'f1facaf7-39bc-4fc9-9683-10d5cb267900', 0.0, 0.0, '2025-04-01');
INSERT INTO operations (id, action_id, wilaya_id, title, year, status, observation) VALUES ('511168c7-7649-4717-8720-6d6616939b51', NULL, '388ef1b5-8eac-4cba-ae15-282eb5f122e1', 'Opération inconnue', 2025, 'nan', 'réevaluée en 2025 Pou
AE=205.000.000DA');
INSERT INTO wilayas (id, code, name) VALUES ('388ef1b5-8eac-4cba-ae15-282eb5f122e1', '30', 'Ouargla');
INSERT INTO engagements (id, operation_id, amount, year, type) VALUES ('19d4c009-4b5a-410f-9730-a8f7536c8aad', '511168c7-7649-4717-8720-6d6616939b51', 1595608.82315, 2025, 'initial');
INSERT INTO financial_operations (id, operation_id, executed_ae, executed_cp, execution_date) VALUES ('3030e8f2-82e6-4b79-97e5-95b139856284', '511168c7-7649-4717-8720-6d6616939b51', 1595608.82315, 1069196.52726, '2025-04-01');
INSERT INTO operations (id, action_id, wilaya_id, title, year, status, observation) VALUES ('9b0e1d0a-babf-46f6-931a-278123591dfe', NULL, '1d8156b0-6640-4d6f-8317-d3f282d102ab', 'Opération inconnue', 2025, 'nan', 'en cours d''élaboration le CC de réalisation');
INSERT INTO wilayas (id, code, name) VALUES ('1d8156b0-6640-4d6f-8317-d3f282d102ab', '30', 'Ouargla');
INSERT INTO engagements (id, operation_id, amount, year, type) VALUES ('3de30490-85f8-410b-9aba-46f503401490', '9b0e1d0a-babf-46f6-931a-278123591dfe', 1172441.412, 2025, 'initial');
INSERT INTO financial_operations (id, operation_id, executed_ae, executed_cp, execution_date) VALUES ('a3d21b29-9295-4ee2-b0b3-e926e3f770ff', '9b0e1d0a-babf-46f6-931a-278123591dfe', 1172441.412, 388525.0, '2025-04-01');
INSERT INTO operations (id, action_id, wilaya_id, title, year, status, observation) VALUES ('59ac3d44-e9d1-45e7-8449-bd3b0c833562', NULL, 'e5e9121a-c1d2-4535-9af5-c82f8c754125', 'Opération inconnue', 2025, 'nan', '3');
INSERT INTO wilayas (id, code, name) VALUES ('e5e9121a-c1d2-4535-9af5-c82f8c754125', '30', 'Ouargla');
INSERT INTO engagements (id, operation_id, amount, year, type) VALUES ('754241b3-4cab-4451-8c76-c14ce95dc4d2', '59ac3d44-e9d1-45e7-8449-bd3b0c833562', 3147188.77018, 2025, 'initial');
INSERT INTO financial_operations (id, operation_id, executed_ae, executed_cp, execution_date) VALUES ('aa8a0835-5c5b-4173-9533-bb2ba56d30d0', '59ac3d44-e9d1-45e7-8449-bd3b0c833562', 3147188.77018, 1511369.28142, '2025-04-01');
INSERT INTO operations (id, action_id, wilaya_id, title, year, status, observation) VALUES ('4303fe60-f58b-43d2-9cb7-1c8a8c2eb952', NULL, '711d749f-8fcb-48b6-b818-c882bd08f793', 'Opération inconnue', 2025, 'nan', 'reste equipement et réseau ');
INSERT INTO wilayas (id, code, name) VALUES ('711d749f-8fcb-48b6-b818-c882bd08f793', '30', 'Ouargla');
INSERT INTO engagements (id, operation_id, amount, year, type) VALUES ('9158d237-8694-4d53-8084-7af8cac05802', '4303fe60-f58b-43d2-9cb7-1c8a8c2eb952', 1213944.3656300001, 2025, 'initial');
INSERT INTO financial_operations (id, operation_id, executed_ae, executed_cp, execution_date) VALUES ('d586d1cf-df86-4d49-99aa-ad8342e45bf6', '4303fe60-f58b-43d2-9cb7-1c8a8c2eb952', 1213944.3656300001, 1190478.7422, '2025-04-01');
INSERT INTO operations (id, action_id, wilaya_id, title, year, status, observation) VALUES ('03970332-f8d8-4f43-a6a6-0b30ee241cd1', NULL, '964759b0-70a9-4f11-a565-870ed7e38651', 'Opération inconnue', 2025, 'nan', 'achevée');
INSERT INTO wilayas (id, code, name) VALUES ('964759b0-70a9-4f11-a565-870ed7e38651', '30', 'Ouargla');
INSERT INTO engagements (id, operation_id, amount, year, type) VALUES ('7298991b-2084-4d2a-a765-1d5e80fab1af', '03970332-f8d8-4f43-a6a6-0b30ee241cd1', 1843758.9983299999, 2025, 'initial');
INSERT INTO financial_operations (id, operation_id, executed_ae, executed_cp, execution_date) VALUES ('87574d74-a281-498b-a737-c897005e9713', '03970332-f8d8-4f43-a6a6-0b30ee241cd1', 1843758.9983299999, 1843191.2396300002, '2025-04-01');
INSERT INTO operations (id, action_id, wilaya_id, title, year, status, observation) VALUES ('a9abc954-ee1c-4be5-bc76-d595986e42d3', NULL, 'bacd13c2-7655-4226-824c-e5d576f3de89', 'Opération inconnue', 2025, 'nan', 'en instance décision DGB de transfert à wilaya de touggourt');
INSERT INTO wilayas (id, code, name) VALUES ('bacd13c2-7655-4226-824c-e5d576f3de89', '30', 'Ouargla');
INSERT INTO engagements (id, operation_id, amount, year, type) VALUES ('20b15c37-e4ee-4f95-bb78-fe38dbd4fbc8', 'a9abc954-ee1c-4be5-bc76-d595986e42d3', 1913768.5094100002, 2025, 'initial');
INSERT INTO financial_operations (id, operation_id, executed_ae, executed_cp, execution_date) VALUES ('72cb1227-0b34-4684-b9d8-a0e1ddd3d63c', 'a9abc954-ee1c-4be5-bc76-d595986e42d3', 1913768.5094100002, 1909369.31461, '2025-04-01');
INSERT INTO operations (id, action_id, wilaya_id, title, year, status, observation) VALUES ('c8af4ed4-8298-48d0-8a5a-42c8397f0556', NULL, '0e27452f-b0df-47f7-a841-70e1c51a8a6f', 'Opération inconnue', 2025, 'nan', 'nan');
INSERT INTO wilayas (id, code, name) VALUES ('0e27452f-b0df-47f7-a841-70e1c51a8a6f', '30', 'Ouargla');
INSERT INTO engagements (id, operation_id, amount, year, type) VALUES ('d12c6672-ea3e-401b-ac7a-c286a00d617d', 'c8af4ed4-8298-48d0-8a5a-42c8397f0556', NULL, 2025, 'initial');
INSERT INTO financial_operations (id, operation_id, executed_ae, executed_cp, execution_date) VALUES ('98d3f905-31ba-4e66-9e54-7c576e6d111e', 'c8af4ed4-8298-48d0-8a5a-42c8397f0556', NULL, NULL, '2025-04-01');
INSERT INTO operations (id, action_id, wilaya_id, title, year, status, observation) VALUES ('cb4a4952-70fd-4103-b4a3-fee1fa0eb575', NULL, '12700727-fb77-45a5-878b-33412a8ba7f5', 'Opération inconnue', 2025, 'nan', 'gelée');
INSERT INTO wilayas (id, code, name) VALUES ('12700727-fb77-45a5-878b-33412a8ba7f5', '30', 'Ouargla');
INSERT INTO engagements (id, operation_id, amount, year, type) VALUES ('5c006349-7389-484f-9782-df33b18738c3', 'cb4a4952-70fd-4103-b4a3-fee1fa0eb575', 139.28148000000002, 2025, 'initial');
INSERT INTO financial_operations (id, operation_id, executed_ae, executed_cp, execution_date) VALUES ('179b3fb1-09f7-4275-8215-b1d3c1d00baa', 'cb4a4952-70fd-4103-b4a3-fee1fa0eb575', 139.28148000000002, 139.28148000000002, '2025-04-01');
INSERT INTO operations (id, action_id, wilaya_id, title, year, status, observation) VALUES ('5c9d638d-3022-4ced-9116-797dc895f93f', NULL, '51d36e99-a464-48e4-a674-467ef015580f', 'Opération inconnue', 2025, 'nan', 'En cours');
INSERT INTO wilayas (id, code, name) VALUES ('51d36e99-a464-48e4-a674-467ef015580f', '30', 'Ouargla');
INSERT INTO engagements (id, operation_id, amount, year, type) VALUES ('51125d1b-11a0-4c75-8fed-e6434330c664', '5c9d638d-3022-4ced-9116-797dc895f93f', 6055151.7649799995, 2025, 'initial');
INSERT INTO financial_operations (id, operation_id, executed_ae, executed_cp, execution_date) VALUES ('89bc4fa1-3853-44d4-8a60-2428e197ff81', '5c9d638d-3022-4ced-9116-797dc895f93f', 6055151.7649799995, 5351323.04485, '2025-04-01');
INSERT INTO operations (id, action_id, wilaya_id, title, year, status, observation) VALUES ('16867274-af79-483d-b5aa-6daeb751a2b3', NULL, '739ecd53-0f7c-48a4-8158-8acd9d926c5b', 'Opération inconnue', 2025, 'nan', 'Achevée ');
INSERT INTO wilayas (id, code, name) VALUES ('739ecd53-0f7c-48a4-8158-8acd9d926c5b', '30', 'Ouargla');
INSERT INTO engagements (id, operation_id, amount, year, type) VALUES ('b34da894-a766-472e-8e0f-259f5d2e31f4', '16867274-af79-483d-b5aa-6daeb751a2b3', 1824430.2120899998, 2025, 'initial');
INSERT INTO financial_operations (id, operation_id, executed_ae, executed_cp, execution_date) VALUES ('b5e0aba8-f5c8-4a33-8d1d-7aaaa015646a', '16867274-af79-483d-b5aa-6daeb751a2b3', 1824430.2120899998, 1810721.88576, '2025-04-01');
INSERT INTO operations (id, action_id, wilaya_id, title, year, status, observation) VALUES ('00db0754-c6a6-43b0-aa4a-e912134122fe', NULL, 'ab1916ef-c726-4de6-ab82-f7fb8a76323f', 'Opération inconnue', 2025, 'nan', 'gelée');
INSERT INTO wilayas (id, code, name) VALUES ('ab1916ef-c726-4de6-ab82-f7fb8a76323f', '30', 'Ouargla');
INSERT INTO engagements (id, operation_id, amount, year, type) VALUES ('ab31017e-0ec4-4794-ae4f-c7ea44fe9719', '00db0754-c6a6-43b0-aa4a-e912134122fe', 944.40996, 2025, 'initial');
INSERT INTO financial_operations (id, operation_id, executed_ae, executed_cp, execution_date) VALUES ('e1b28ce3-db88-4010-ad52-b97fab85c8ea', '00db0754-c6a6-43b0-aa4a-e912134122fe', 944.40996, 944.40996, '2025-04-01');
INSERT INTO operations (id, action_id, wilaya_id, title, year, status, observation) VALUES ('0ab11e2a-6db6-496b-a922-0dbb81ed4dde', NULL, '78ebb602-3cc4-4b45-864c-1ac19cbf3a83', 'Opération inconnue', 2025, 'nan', '4');
INSERT INTO wilayas (id, code, name) VALUES ('78ebb602-3cc4-4b45-864c-1ac19cbf3a83', '30', 'Ouargla');
INSERT INTO engagements (id, operation_id, amount, year, type) VALUES ('25d23ce0-d888-429e-9502-770a58b101f8', '0ab11e2a-6db6-496b-a922-0dbb81ed4dde', 7880665.668509999, 2025, 'initial');
INSERT INTO financial_operations (id, operation_id, executed_ae, executed_cp, execution_date) VALUES ('41ee8132-a07a-40b9-accd-13655b62c3ad', '0ab11e2a-6db6-496b-a922-0dbb81ed4dde', 7880665.668509999, 7163128.62205, '2025-04-01');
INSERT INTO operations (id, action_id, wilaya_id, title, year, status, observation) VALUES ('f45d2080-a631-48a3-bd9d-b5723fab512a', NULL, 'a0f445f8-94c5-4c05-8534-5907a3963565', 'Opération inconnue', 2025, 'nan', 'Achevée réevalue en 2025 Pou une AE= 87 558 000 reste Equipement ');
INSERT INTO wilayas (id, code, name) VALUES ('a0f445f8-94c5-4c05-8534-5907a3963565', '30', 'Ouargla');
INSERT INTO engagements (id, operation_id, amount, year, type) VALUES ('1bd667b0-6d97-4b89-8ad2-1fcf05af622f', 'f45d2080-a631-48a3-bd9d-b5723fab512a', 996882.25139, 2025, 'initial');
INSERT INTO financial_operations (id, operation_id, executed_ae, executed_cp, execution_date) VALUES ('5efe44e1-bc40-43cb-acf5-ec062dbd48bd', 'f45d2080-a631-48a3-bd9d-b5723fab512a', 996882.25139, 996865.81183, '2025-04-01');
INSERT INTO operations (id, action_id, wilaya_id, title, year, status, observation) VALUES ('c265441d-f4d4-4881-a974-8e9fe998840a', NULL, 'c6fae6b9-061e-4d34-8663-6b59c177f20c', 'Opération inconnue', 2025, 'nan', 'En cours');
INSERT INTO wilayas (id, code, name) VALUES ('c6fae6b9-061e-4d34-8663-6b59c177f20c', '30', 'Ouargla');
INSERT INTO engagements (id, operation_id, amount, year, type) VALUES ('68c89193-983b-4c7f-b4dd-0f2efe65d56f', 'c265441d-f4d4-4881-a974-8e9fe998840a', 959593.90622, 2025, 'initial');
INSERT INTO financial_operations (id, operation_id, executed_ae, executed_cp, execution_date) VALUES ('90567239-372e-4f74-b9e6-263ffe881c0b', 'c265441d-f4d4-4881-a974-8e9fe998840a', 959593.90622, 789288.4842300001, '2025-04-01');
INSERT INTO operations (id, action_id, wilaya_id, title, year, status, observation) VALUES ('d1481b06-efb0-4305-abc2-f58246de9e13', NULL, '318c917a-f32e-4941-a9a7-738a86f452f8', 'Opération inconnue', 2025, 'nan', 'En cours reste equipement');
INSERT INTO wilayas (id, code, name) VALUES ('318c917a-f32e-4941-a9a7-738a86f452f8', '30', 'Ouargla');
INSERT INTO engagements (id, operation_id, amount, year, type) VALUES ('2de7203c-8350-420f-ac1a-8608cada8f8c', 'd1481b06-efb0-4305-abc2-f58246de9e13', 1707147.2703800001, 2025, 'initial');
INSERT INTO financial_operations (id, operation_id, executed_ae, executed_cp, execution_date) VALUES ('3ce78461-f7dd-403c-9566-211bb12abd64', 'd1481b06-efb0-4305-abc2-f58246de9e13', 1707147.2703800001, 1717555.4268800002, '2025-04-01');
INSERT INTO operations (id, action_id, wilaya_id, title, year, status, observation) VALUES ('58202703-8a35-46ca-93e4-3e895856105a', NULL, 'b1433c9b-425e-4051-be39-e8f93e78660d', 'Opération inconnue', 2025, 'nan', 'gelée');
INSERT INTO wilayas (id, code, name) VALUES ('b1433c9b-425e-4051-be39-e8f93e78660d', '30', 'Ouargla');
INSERT INTO engagements (id, operation_id, amount, year, type) VALUES ('4c0d16a8-f735-46d7-9b43-00b062df73ee', '58202703-8a35-46ca-93e4-3e895856105a', 0.0, 2025, 'initial');
INSERT INTO financial_operations (id, operation_id, executed_ae, executed_cp, execution_date) VALUES ('d1909384-4acb-4216-88e7-6e5488ce8a9f', '58202703-8a35-46ca-93e4-3e895856105a', 0.0, 0.0, '2025-04-01');
INSERT INTO operations (id, action_id, wilaya_id, title, year, status, observation) VALUES ('74f3f0bc-b994-4934-8a7b-f106a1a67b10', NULL, '8c9bb8d5-8dc3-41e1-8af5-b79111aeb75b', 'Opération inconnue', 2025, 'nan', 'En cours');
INSERT INTO wilayas (id, code, name) VALUES ('8c9bb8d5-8dc3-41e1-8af5-b79111aeb75b', '30', 'Ouargla');
INSERT INTO engagements (id, operation_id, amount, year, type) VALUES ('7bcb8fc0-4114-4abf-a703-071316ebfc2f', '74f3f0bc-b994-4934-8a7b-f106a1a67b10', 1745931.34655, 2025, 'initial');
INSERT INTO financial_operations (id, operation_id, executed_ae, executed_cp, execution_date) VALUES ('c13203e0-220b-43f4-8043-0d4f6f73edc4', '74f3f0bc-b994-4934-8a7b-f106a1a67b10', 1745931.34655, 1447097.70242, '2025-04-01');
INSERT INTO operations (id, action_id, wilaya_id, title, year, status, observation) VALUES ('c19400c5-032a-44e6-8aca-9eed664cdd08', NULL, 'db9e390b-7fbc-4ad5-a412-e13a22068e52', 'Opération inconnue', 2025, 'nan', 'En cours');
INSERT INTO wilayas (id, code, name) VALUES ('db9e390b-7fbc-4ad5-a412-e13a22068e52', '30', 'Ouargla');
INSERT INTO engagements (id, operation_id, amount, year, type) VALUES ('9439c3fd-7817-41d9-b2e6-a74708e32661', 'c19400c5-032a-44e6-8aca-9eed664cdd08', 1026443.6347899999, 2025, 'initial');
INSERT INTO financial_operations (id, operation_id, executed_ae, executed_cp, execution_date) VALUES ('cbcab0a9-9678-41f5-836c-711e8b9ddcf0', 'c19400c5-032a-44e6-8aca-9eed664cdd08', 1026443.6347899999, 768461.6474100001, '2025-04-01');
INSERT INTO operations (id, action_id, wilaya_id, title, year, status, observation) VALUES ('006b7465-ad2f-4885-b7e7-29347e1b2746', NULL, '3e93c3a7-9b62-4a64-be62-6f13405b0c8b', 'Opération inconnue', 2025, 'nan', 'en cours');
INSERT INTO wilayas (id, code, name) VALUES ('3e93c3a7-9b62-4a64-be62-6f13405b0c8b', '30', 'Ouargla');
INSERT INTO engagements (id, operation_id, amount, year, type) VALUES ('4a4d50a2-acb7-48e3-8ed3-dc2b38065761', '006b7465-ad2f-4885-b7e7-29347e1b2746', 1063288.14388, 2025, 'initial');
INSERT INTO financial_operations (id, operation_id, executed_ae, executed_cp, execution_date) VALUES ('b5ba8b3e-8d7e-482b-80d8-f0a47a66c697', '006b7465-ad2f-4885-b7e7-29347e1b2746', 1063288.14388, 930820.3863400001, '2025-04-01');
INSERT INTO operations (id, action_id, wilaya_id, title, year, status, observation) VALUES ('d0e01f5f-dc58-45b5-85ba-91534fa16e9e', NULL, 'e82c7610-e339-4f18-b623-f7c1d9160f42', 'Opération inconnue', 2025, 'nan', 'en cours');
INSERT INTO wilayas (id, code, name) VALUES ('e82c7610-e339-4f18-b623-f7c1d9160f42', '30', 'Ouargla');
INSERT INTO engagements (id, operation_id, amount, year, type) VALUES ('c2e05f34-6615-4dc5-b97f-65f99b99e7fc', 'd0e01f5f-dc58-45b5-85ba-91534fa16e9e', 1173955.87185, 2025, 'initial');
INSERT INTO financial_operations (id, operation_id, executed_ae, executed_cp, execution_date) VALUES ('6a776483-3c76-4f4a-8032-db1ae9b4b091', 'd0e01f5f-dc58-45b5-85ba-91534fa16e9e', 1173955.87185, 883084.08653, '2025-04-01');
INSERT INTO operations (id, action_id, wilaya_id, title, year, status, observation) VALUES ('28ec5aff-de78-49ca-bbeb-a16fbcdc7abe', NULL, '062b292d-e16c-4fb5-b9da-d30c4b3f33eb', 'Opération inconnue', 2025, 'nan', 'en cours');
INSERT INTO wilayas (id, code, name) VALUES ('062b292d-e16c-4fb5-b9da-d30c4b3f33eb', '30', 'Ouargla');
INSERT INTO engagements (id, operation_id, amount, year, type) VALUES ('b6f3698e-0d44-4b9b-a565-fc35879c5b8b', '28ec5aff-de78-49ca-bbeb-a16fbcdc7abe', 946653.00539, 2025, 'initial');
INSERT INTO financial_operations (id, operation_id, executed_ae, executed_cp, execution_date) VALUES ('3be70023-9341-42c3-a52a-b5c6d965f41e', '28ec5aff-de78-49ca-bbeb-a16fbcdc7abe', 946653.00539, 830032.3225, '2025-04-01');
INSERT INTO operations (id, action_id, wilaya_id, title, year, status, observation) VALUES ('d12dd1bc-302c-4b70-903f-c252b2488edb', NULL, 'ce18bccb-e745-4876-ae36-f57560c529fa', 'Opération inconnue', 2025, 'nan', 'a l''arrêt en justice contentieux
330 logts achevées , 100 logts à l''arrêt');
INSERT INTO wilayas (id, code, name) VALUES ('ce18bccb-e745-4876-ae36-f57560c529fa', '30', 'Ouargla');
INSERT INTO engagements (id, operation_id, amount, year, type) VALUES ('1740c73b-1781-42c9-ae6a-24a5e07f3d75', 'd12dd1bc-302c-4b70-903f-c252b2488edb', 2720979.52784, 2025, 'initial');
INSERT INTO financial_operations (id, operation_id, executed_ae, executed_cp, execution_date) VALUES ('e7f4d0a8-18a1-4ecb-ae1d-6ac213043d4a', 'd12dd1bc-302c-4b70-903f-c252b2488edb', 2720979.52784, 2660229.69504, '2025-04-01');
INSERT INTO operations (id, action_id, wilaya_id, title, year, status, observation) VALUES ('924acb16-3fc7-4f10-afcd-9345baa9d366', NULL, '7ec46935-0c23-49d6-89ac-e1363929c41c', 'Opération inconnue', 2025, 'nan', 'En cours');
INSERT INTO wilayas (id, code, name) VALUES ('7ec46935-0c23-49d6-89ac-e1363929c41c', '30', 'Ouargla');
INSERT INTO engagements (id, operation_id, amount, year, type) VALUES ('02e92c86-9993-482f-b86c-9e38f74b2ee8', '924acb16-3fc7-4f10-afcd-9345baa9d366', 1304918.02701, 2025, 'initial');
INSERT INTO financial_operations (id, operation_id, executed_ae, executed_cp, execution_date) VALUES ('123ef3c0-e1b4-4e32-901d-0eb4093154ad', '924acb16-3fc7-4f10-afcd-9345baa9d366', 1304918.02701, 771976.81697, '2025-04-01');
INSERT INTO operations (id, action_id, wilaya_id, title, year, status, observation) VALUES ('000456bf-a885-44a3-b38d-f972f4e46714', NULL, 'be1f784f-b590-4572-aa86-363bfde5c4cc', 'Opération inconnue', 2025, 'nan', 'En cours');
INSERT INTO wilayas (id, code, name) VALUES ('be1f784f-b590-4572-aa86-363bfde5c4cc', '30', 'Ouargla');
INSERT INTO engagements (id, operation_id, amount, year, type) VALUES ('ed303828-597b-4623-9aa2-b8d9fbba1e96', '000456bf-a885-44a3-b38d-f972f4e46714', 1197586.37396, 2025, 'initial');
INSERT INTO financial_operations (id, operation_id, executed_ae, executed_cp, execution_date) VALUES ('85252753-56e2-46b2-abca-41f5374bac98', '000456bf-a885-44a3-b38d-f972f4e46714', 1197586.37396, 46828.81118, '2025-04-01');
INSERT INTO operations (id, action_id, wilaya_id, title, year, status, observation) VALUES ('d4642405-6473-4c12-a755-cd5a9e3de677', NULL, 'ad47a1e6-e995-440e-8b3e-744ed5979cb6', 'Opération inconnue', 2025, 'nan', 'En cours');
INSERT INTO wilayas (id, code, name) VALUES ('ad47a1e6-e995-440e-8b3e-744ed5979cb6', '30', 'Ouargla');
INSERT INTO engagements (id, operation_id, amount, year, type) VALUES ('f504e9ec-67f4-44c8-9b6f-997515c2dbe9', 'd4642405-6473-4c12-a755-cd5a9e3de677', 1754714.00987, 2025, 'initial');
INSERT INTO financial_operations (id, operation_id, executed_ae, executed_cp, execution_date) VALUES ('43bdc98d-029a-45e0-9652-972e4f820e5e', 'd4642405-6473-4c12-a755-cd5a9e3de677', 1754714.00987, 340640.52132, '2025-04-01');
INSERT INTO operations (id, action_id, wilaya_id, title, year, status, observation) VALUES ('d9490cc3-0038-4d97-9e0d-1cf0c3f05153', NULL, '5d02e974-924c-4051-98c5-27f38e9e4dec', 'Opération inconnue', 2025, 'nan', 'Procédures en cours (comité sectorielle');
INSERT INTO wilayas (id, code, name) VALUES ('5d02e974-924c-4051-98c5-27f38e9e4dec', '30', 'Ouargla');
INSERT INTO engagements (id, operation_id, amount, year, type) VALUES ('1a635233-6710-432d-a055-0dcbd09498f2', 'd9490cc3-0038-4d97-9e0d-1cf0c3f05153', 31091.867489999997, 2025, 'initial');
INSERT INTO financial_operations (id, operation_id, executed_ae, executed_cp, execution_date) VALUES ('47e108f6-8b88-4996-96f1-d048bdb1d718', 'd9490cc3-0038-4d97-9e0d-1cf0c3f05153', 31091.867489999997, 4237.61379, '2025-04-01');
INSERT INTO operations (id, action_id, wilaya_id, title, year, status, observation) VALUES ('9a3d81aa-b7b3-4372-b7a9-c810354a7f01', NULL, '261b7059-b122-43da-9f3e-36b315555191', 'Opération inconnue', 2025, 'nan', 'En cours');
INSERT INTO wilayas (id, code, name) VALUES ('261b7059-b122-43da-9f3e-36b315555191', '30', 'Ouargla');
INSERT INTO engagements (id, operation_id, amount, year, type) VALUES ('80fd3a82-a7d8-471f-86eb-150a5868c195', '9a3d81aa-b7b3-4372-b7a9-c810354a7f01', 2706416.07183, 2025, 'initial');
INSERT INTO financial_operations (id, operation_id, executed_ae, executed_cp, execution_date) VALUES ('c4a469bf-3ba8-424d-91fb-a4beb597426a', '9a3d81aa-b7b3-4372-b7a9-c810354a7f01', 2706416.07183, 737492.51923, '2025-04-01');
INSERT INTO operations (id, action_id, wilaya_id, title, year, status, observation) VALUES ('73de3bdc-94bf-4e18-937b-8c0f7edb66a4', NULL, 'ce7d9d55-7a41-458d-8f8a-b82f41990c50', 'Opération inconnue', 2025, 'nan', 'En cours
');
INSERT INTO wilayas (id, code, name) VALUES ('ce7d9d55-7a41-458d-8f8a-b82f41990c50', '30', 'Ouargla');
INSERT INTO engagements (id, operation_id, amount, year, type) VALUES ('6abde3c0-8678-4edb-97c7-2c7a3187184d', '73de3bdc-94bf-4e18-937b-8c0f7edb66a4', 23977964.659110002, 2025, 'initial');
INSERT INTO financial_operations (id, operation_id, executed_ae, executed_cp, execution_date) VALUES ('e84a8b36-a938-40f0-a9ca-5b79270d3696', '73de3bdc-94bf-4e18-937b-8c0f7edb66a4', 23977964.659110002, 3893705.9654099997, '2025-04-01');
INSERT INTO operations (id, action_id, wilaya_id, title, year, status, observation) VALUES ('faaba42c-c7b0-4091-b942-f459d748ea40', NULL, 'c540d37d-b138-4b65-b601-6e7e77d253ed', 'Opération inconnue', 2025, 'nan', 'en cours d''achevement ');
INSERT INTO wilayas (id, code, name) VALUES ('c540d37d-b138-4b65-b601-6e7e77d253ed', '30', 'Ouargla');
INSERT INTO engagements (id, operation_id, amount, year, type) VALUES ('5fd76255-355a-4125-8c22-a3aa144bfed5', 'faaba42c-c7b0-4091-b942-f459d748ea40', 1383159.6507, 2025, 'initial');
INSERT INTO financial_operations (id, operation_id, executed_ae, executed_cp, execution_date) VALUES ('b5831e84-0f82-451e-bb29-02234e308bbc', 'faaba42c-c7b0-4091-b942-f459d748ea40', 1383159.6507, 1061921.20862, '2025-04-01');
INSERT INTO operations (id, action_id, wilaya_id, title, year, status, observation) VALUES ('2939add2-9b1f-4f3d-9d47-a93caae4b74f', NULL, '95935012-b268-4902-b79f-e48d24e8f6e0', 'Opération inconnue', 2025, 'nan', 'nan');
INSERT INTO wilayas (id, code, name) VALUES ('95935012-b268-4902-b79f-e48d24e8f6e0', '55', 'Tougourt');
INSERT INTO engagements (id, operation_id, amount, year, type) VALUES ('2d23628f-340e-4d10-8af4-716098632c6f', '2939add2-9b1f-4f3d-9d47-a93caae4b74f', 2573379.0, 2025, 'initial');
INSERT INTO financial_operations (id, operation_id, executed_ae, executed_cp, execution_date) VALUES ('03b7398c-a3ba-47fb-a820-5a98f0f1a934', '2939add2-9b1f-4f3d-9d47-a93caae4b74f', 2573379.0, 883361.0, '2025-04-01');
INSERT INTO operations (id, action_id, wilaya_id, title, year, status, observation) VALUES ('43ca86d8-dac4-4ffe-973e-0a22842f5b21', NULL, '251281ab-5cbf-4b66-be99-69d2dfbac5e6', 'Opération inconnue', 2025, 'nan', 'Opération (commune) a été notifiée à la wilaya de Ouargla en 2018 et transférée (partiellement) à wilaya de Touggourt en date du 27/12/2023.');
INSERT INTO wilayas (id, code, name) VALUES ('251281ab-5cbf-4b66-be99-69d2dfbac5e6', '55', 'Tougourt');
INSERT INTO engagements (id, operation_id, amount, year, type) VALUES ('3a7cc972-b580-4bf0-8632-decc6a75eae8', '43ca86d8-dac4-4ffe-973e-0a22842f5b21', 221270.0, 2025, 'initial');
INSERT INTO financial_operations (id, operation_id, executed_ae, executed_cp, execution_date) VALUES ('37bb6588-e214-4370-8faf-11a674ff8172', '43ca86d8-dac4-4ffe-973e-0a22842f5b21', 221270.0, 221270.0, '2025-04-01');
INSERT INTO operations (id, action_id, wilaya_id, title, year, status, observation) VALUES ('a875b77f-db3c-4843-91be-4d67daa1e840', NULL, 'd477ee54-5647-4fae-b732-8f7d6f8d7e73', 'Opération inconnue', 2025, 'nan', 'Opération a été notifiée à la wilaya de Ouargla en 2013 et transférée à wilaya de Touggourt en Juin 2022.');
INSERT INTO wilayas (id, code, name) VALUES ('d477ee54-5647-4fae-b732-8f7d6f8d7e73', '55', 'Tougourt');
INSERT INTO engagements (id, operation_id, amount, year, type) VALUES ('3cc2036f-f172-491a-a5f8-530dbe060fa5', 'a875b77f-db3c-4843-91be-4d67daa1e840', 1248685.0, 2025, 'initial');
INSERT INTO financial_operations (id, operation_id, executed_ae, executed_cp, execution_date) VALUES ('cdc3d37e-e143-4804-97fe-415b2c29d2af', 'a875b77f-db3c-4843-91be-4d67daa1e840', 1248685.0, 1248685.0, '2025-04-01');
INSERT INTO operations (id, action_id, wilaya_id, title, year, status, observation) VALUES ('3b8c8ea3-36f9-4eaf-a9e0-ac06bff0a9d3', NULL, '1208fefb-4b51-42ad-8457-a4ec11287db9', 'Opération inconnue', 2025, 'nan', 'Opération a été notifiée à la wilaya de Ouargla en 2013 et transférée à la wilaya de Touggourt en date du 23/10/2023.');
INSERT INTO wilayas (id, code, name) VALUES ('1208fefb-4b51-42ad-8457-a4ec11287db9', '55', 'Tougourt');
INSERT INTO engagements (id, operation_id, amount, year, type) VALUES ('bdf0474b-28d2-475a-95c5-8981500c01a9', '3b8c8ea3-36f9-4eaf-a9e0-ac06bff0a9d3', 1226844.0, 2025, 'initial');
INSERT INTO financial_operations (id, operation_id, executed_ae, executed_cp, execution_date) VALUES ('eefb553c-27d2-45e0-a016-f505d89c4961', '3b8c8ea3-36f9-4eaf-a9e0-ac06bff0a9d3', 1226844.0, 239020.0, '2025-04-01');
INSERT INTO operations (id, action_id, wilaya_id, title, year, status, observation) VALUES ('f72a012e-6334-4d88-a4c6-dbfa512be769', NULL, 'ecef35a7-6aa4-4ad8-86f1-af6e811fe505', 'Opération inconnue', 2025, 'nan', 'Opération Gelée');
INSERT INTO wilayas (id, code, name) VALUES ('ecef35a7-6aa4-4ad8-86f1-af6e811fe505', '39', 'El Oued');
INSERT INTO engagements (id, operation_id, amount, year, type) VALUES ('a955f2c9-40c1-4f16-97c9-94df11c70952', 'f72a012e-6334-4d88-a4c6-dbfa512be769', 29895.0, 2025, 'initial');
INSERT INTO financial_operations (id, operation_id, executed_ae, executed_cp, execution_date) VALUES ('02fbeaa4-6121-4acc-a680-734c876c4266', 'f72a012e-6334-4d88-a4c6-dbfa512be769', 29895.0, 28459.572620000003, '2025-04-01');
INSERT INTO operations (id, action_id, wilaya_id, title, year, status, observation) VALUES ('055ec958-84db-4744-997d-a7fb675dfa04', NULL, '88d3469c-fbc7-40b8-8458-30ab0e3410ed', 'Opération inconnue', 2025, 'nan', 'Opération Gelée');
INSERT INTO wilayas (id, code, name) VALUES ('88d3469c-fbc7-40b8-8458-30ab0e3410ed', '39', 'El Oued');
INSERT INTO engagements (id, operation_id, amount, year, type) VALUES ('0db8ec9a-6760-4df1-bbf2-1fc7c2550e8a', '055ec958-84db-4744-997d-a7fb675dfa04', 16640.0, 2025, 'initial');
INSERT INTO financial_operations (id, operation_id, executed_ae, executed_cp, execution_date) VALUES ('20cb10e8-4400-4511-8234-113fce7ae92d', '055ec958-84db-4744-997d-a7fb675dfa04', 16640.0, 16310.22517, '2025-04-01');
INSERT INTO operations (id, action_id, wilaya_id, title, year, status, observation) VALUES ('67c4b5b2-62a1-4e91-aad1-4d307e493321', NULL, 'fa073b13-cb26-4969-b61a-8e785a88efc6', 'Opération inconnue', 2025, 'nan', 'Achevée');
INSERT INTO wilayas (id, code, name) VALUES ('fa073b13-cb26-4969-b61a-8e785a88efc6', '39', 'El Oued');
INSERT INTO engagements (id, operation_id, amount, year, type) VALUES ('514e38c2-74e0-4321-94fe-7804ea783f80', '67c4b5b2-62a1-4e91-aad1-4d307e493321', 1490013.0, 2025, 'initial');
INSERT INTO financial_operations (id, operation_id, executed_ae, executed_cp, execution_date) VALUES ('68ea94d1-1b14-48fd-8604-c917f271d9ec', '67c4b5b2-62a1-4e91-aad1-4d307e493321', 1490013.0, 1478610.83009, '2025-04-01');
INSERT INTO operations (id, action_id, wilaya_id, title, year, status, observation) VALUES ('7a5c1f92-e777-457b-8c76-a18354469c5f', NULL, 'e4ad3c1f-b7b8-43d7-a9a4-95831d64553a', 'Opération inconnue', 2025, 'nan', 'Achevée');
INSERT INTO wilayas (id, code, name) VALUES ('e4ad3c1f-b7b8-43d7-a9a4-95831d64553a', '39', 'El Oued');
INSERT INTO engagements (id, operation_id, amount, year, type) VALUES ('060a3f3f-901d-49c1-927a-7bd04719727d', '7a5c1f92-e777-457b-8c76-a18354469c5f', 3065910.0, 2025, 'initial');
INSERT INTO financial_operations (id, operation_id, executed_ae, executed_cp, execution_date) VALUES ('9375ba01-bdbd-4290-94a1-f3827e609c16', '7a5c1f92-e777-457b-8c76-a18354469c5f', 3065910.0, 3057058.87698, '2025-04-01');
INSERT INTO operations (id, action_id, wilaya_id, title, year, status, observation) VALUES ('d4ab8d36-0e1f-43ca-9ffa-6f40f84aab1d', NULL, 'a864a342-ce1a-493a-960a-81ea72f80898', 'Opération inconnue', 2025, 'nan', 'En Cours ');
INSERT INTO wilayas (id, code, name) VALUES ('a864a342-ce1a-493a-960a-81ea72f80898', '39', 'El Oued');
INSERT INTO engagements (id, operation_id, amount, year, type) VALUES ('e36563d5-ec71-46b0-ad69-298e47c1266c', 'd4ab8d36-0e1f-43ca-9ffa-6f40f84aab1d', 1691351.0, 2025, 'initial');
INSERT INTO financial_operations (id, operation_id, executed_ae, executed_cp, execution_date) VALUES ('1dbf762f-ef82-47ac-9361-2ab0cc3e59d0', 'd4ab8d36-0e1f-43ca-9ffa-6f40f84aab1d', 1691351.0, 957852.6695, '2025-04-01');
INSERT INTO operations (id, action_id, wilaya_id, title, year, status, observation) VALUES ('47b9d2ae-a317-42d7-81ff-0c096c2f1d73', NULL, 'ebfeb9db-a27c-4d37-a330-fd55c4fc9e80', 'Opération inconnue', 2025, 'nan', 'Achevée');
INSERT INTO wilayas (id, code, name) VALUES ('ebfeb9db-a27c-4d37-a330-fd55c4fc9e80', '39', 'El Oued');
INSERT INTO engagements (id, operation_id, amount, year, type) VALUES ('00da6eb2-9fa2-4893-a5c7-1b46d4205520', '47b9d2ae-a317-42d7-81ff-0c096c2f1d73', 2854809.0, 2025, 'initial');
INSERT INTO financial_operations (id, operation_id, executed_ae, executed_cp, execution_date) VALUES ('1f797c1e-f952-4a32-b0bb-5903248e651b', '47b9d2ae-a317-42d7-81ff-0c096c2f1d73', 2854809.0, 2714835.5651700003, '2025-04-01');
INSERT INTO operations (id, action_id, wilaya_id, title, year, status, observation) VALUES ('5d2ec01a-ee50-4c85-a824-0431f4c38af5', NULL, 'bff61f1f-e49b-4fe4-9f1f-189e34bd76dc', 'Opération inconnue', 2025, 'nan', 'En cours');
INSERT INTO wilayas (id, code, name) VALUES ('bff61f1f-e49b-4fe4-9f1f-189e34bd76dc', '39', 'El Oued');
INSERT INTO engagements (id, operation_id, amount, year, type) VALUES ('3a0f1904-024a-43c9-8394-9932435da767', '5d2ec01a-ee50-4c85-a824-0431f4c38af5', 434473.0, 2025, 'initial');
INSERT INTO financial_operations (id, operation_id, executed_ae, executed_cp, execution_date) VALUES ('af250b9d-0ac8-468a-9c9a-5e137c693f7d', '5d2ec01a-ee50-4c85-a824-0431f4c38af5', 434473.0, 102459.8625, '2025-04-01');
INSERT INTO operations (id, action_id, wilaya_id, title, year, status, observation) VALUES ('724f4b6b-9e27-486a-aab8-a3c4aac32544', NULL, 'd4cf4e76-f530-471c-899d-eae800b17e05', 'Opération inconnue', 2025, 'nan', 'En Cours ');
INSERT INTO wilayas (id, code, name) VALUES ('d4cf4e76-f530-471c-899d-eae800b17e05', '39', 'El Oued');
INSERT INTO engagements (id, operation_id, amount, year, type) VALUES ('11669a05-1b31-4fc5-99b4-d18595bf2fda', '724f4b6b-9e27-486a-aab8-a3c4aac32544', 2244858.0, 2025, 'initial');
INSERT INTO financial_operations (id, operation_id, executed_ae, executed_cp, execution_date) VALUES ('6f737a23-f96e-4efb-a232-419451e9bc44', '724f4b6b-9e27-486a-aab8-a3c4aac32544', 2244858.0, 1925463.4642, '2025-04-01');
INSERT INTO operations (id, action_id, wilaya_id, title, year, status, observation) VALUES ('7a06f531-847a-4d11-8618-c382e1dd5935', NULL, 'cd66b33b-4f62-4d78-a7ca-7b4fab5d5abf', 'Opération inconnue', 2025, 'nan', 'En Cours ');
INSERT INTO wilayas (id, code, name) VALUES ('cd66b33b-4f62-4d78-a7ca-7b4fab5d5abf', '39', 'El Oued');
INSERT INTO engagements (id, operation_id, amount, year, type) VALUES ('9d5231c8-b7d4-4df0-b143-99d74f36ba6f', '7a06f531-847a-4d11-8618-c382e1dd5935', 727956.0, 2025, 'initial');
INSERT INTO financial_operations (id, operation_id, executed_ae, executed_cp, execution_date) VALUES ('e6f5e663-2625-4594-8d0f-7118093327e5', '7a06f531-847a-4d11-8618-c382e1dd5935', 727956.0, 618847.9294499999, '2025-04-01');
INSERT INTO operations (id, action_id, wilaya_id, title, year, status, observation) VALUES ('8a4e568d-4b99-4508-afc2-51906916961b', NULL, '5acbcb10-7bad-4878-a898-11dbc1d452df', 'Opération inconnue', 2025, 'nan', 'En Cours');
INSERT INTO wilayas (id, code, name) VALUES ('5acbcb10-7bad-4878-a898-11dbc1d452df', '39', 'El Oued');
INSERT INTO engagements (id, operation_id, amount, year, type) VALUES ('49f134c7-f98d-4852-89c2-752328a1d33c', '8a4e568d-4b99-4508-afc2-51906916961b', 3880909.0, 2025, 'initial');
INSERT INTO financial_operations (id, operation_id, executed_ae, executed_cp, execution_date) VALUES ('7452d5a7-3337-4001-883c-632bc138ea1c', '8a4e568d-4b99-4508-afc2-51906916961b', 3880909.0, 2755539.2608399997, '2025-04-01');
INSERT INTO operations (id, action_id, wilaya_id, title, year, status, observation) VALUES ('b865ab0f-158a-4aa8-8f62-f99438c57561', NULL, 'd5af5e83-6e8f-44b4-8e61-64ed0e804b21', 'Opération inconnue', 2025, 'nan', 'En Cours ');
INSERT INTO wilayas (id, code, name) VALUES ('d5af5e83-6e8f-44b4-8e61-64ed0e804b21', '39', 'El Oued');
INSERT INTO engagements (id, operation_id, amount, year, type) VALUES ('fbc2d420-8972-419c-98da-acd0c26f6416', 'b865ab0f-158a-4aa8-8f62-f99438c57561', 3914424.0, 2025, 'initial');
INSERT INTO financial_operations (id, operation_id, executed_ae, executed_cp, execution_date) VALUES ('87d4319f-1a57-4802-ae75-25564da80255', 'b865ab0f-158a-4aa8-8f62-f99438c57561', 3914424.0, 3897680.61719, '2025-04-01');
INSERT INTO operations (id, action_id, wilaya_id, title, year, status, observation) VALUES ('c828fd56-be25-4094-b18c-de4ff64c82ac', NULL, 'f671ccd8-1127-4764-a16f-6197843dab5a', 'Opération inconnue', 2025, 'nan', 'En Cours');
INSERT INTO wilayas (id, code, name) VALUES ('f671ccd8-1127-4764-a16f-6197843dab5a', '39', 'El Oued');
INSERT INTO engagements (id, operation_id, amount, year, type) VALUES ('33d44f56-f706-4a8e-9f29-1628b4ed05c9', 'c828fd56-be25-4094-b18c-de4ff64c82ac', 165893.0, 2025, 'initial');
INSERT INTO financial_operations (id, operation_id, executed_ae, executed_cp, execution_date) VALUES ('2f275ddc-75cb-4920-8896-b8f85c6a1139', 'c828fd56-be25-4094-b18c-de4ff64c82ac', 165893.0, 62104.633, '2025-04-01');
INSERT INTO operations (id, action_id, wilaya_id, title, year, status, observation) VALUES ('31fb7d59-4101-4f12-a4d0-8aab635db53e', NULL, '00e708d7-9df9-4238-afae-c6beacb312aa', 'Opération inconnue', 2025, 'nan', 'En Cours ');
INSERT INTO wilayas (id, code, name) VALUES ('00e708d7-9df9-4238-afae-c6beacb312aa', '39', 'El Oued');
INSERT INTO engagements (id, operation_id, amount, year, type) VALUES ('d9c3f86f-8469-42c8-8326-cdd4374358ac', '31fb7d59-4101-4f12-a4d0-8aab635db53e', 1115018.0, 2025, 'initial');
INSERT INTO financial_operations (id, operation_id, executed_ae, executed_cp, execution_date) VALUES ('18ca0a57-fba9-4181-ac7d-6b9c47c098f5', '31fb7d59-4101-4f12-a4d0-8aab635db53e', 1115018.0, 935632.54172, '2025-04-01');
INSERT INTO operations (id, action_id, wilaya_id, title, year, status, observation) VALUES ('4c632d4f-469c-4d71-97a7-6c9576d004fa', NULL, '8234757d-57a4-46ba-817a-c26db6ed105a', 'Opération inconnue', 2025, 'nan', 'Achevée');
INSERT INTO wilayas (id, code, name) VALUES ('8234757d-57a4-46ba-817a-c26db6ed105a', '39', 'El Oued');
INSERT INTO engagements (id, operation_id, amount, year, type) VALUES ('58a2fbac-54cd-4316-8274-4d3a52b775b7', '4c632d4f-469c-4d71-97a7-6c9576d004fa', 4573964.0, 2025, 'initial');
INSERT INTO financial_operations (id, operation_id, executed_ae, executed_cp, execution_date) VALUES ('c43fa03f-14f9-4ee6-be32-8c8892bdd4ef', '4c632d4f-469c-4d71-97a7-6c9576d004fa', 4573964.0, 3481534.4893899993, '2025-04-01');
INSERT INTO operations (id, action_id, wilaya_id, title, year, status, observation) VALUES ('4a231b58-ff01-41ed-9cf3-fed058a696bd', NULL, '37c3d70b-a2ef-4fd4-a493-cfa0d2bb2d6c', 'Opération inconnue', 2025, 'nan', 'En Cours');
INSERT INTO wilayas (id, code, name) VALUES ('37c3d70b-a2ef-4fd4-a493-cfa0d2bb2d6c', '57', 'El Maghair');
INSERT INTO engagements (id, operation_id, amount, year, type) VALUES ('ca5ff71f-6a2d-49cf-8076-687128261a48', '4a231b58-ff01-41ed-9cf3-fed058a696bd', 863681.0, 2025, 'initial');
INSERT INTO financial_operations (id, operation_id, executed_ae, executed_cp, execution_date) VALUES ('17f3e697-3bc9-4a5e-8604-cd0fe6d928a1', '4a231b58-ff01-41ed-9cf3-fed058a696bd', 863681.0, 13744.0, '2025-04-01');
INSERT INTO operations (id, action_id, wilaya_id, title, year, status, observation) VALUES ('5b82caa5-d558-4eb9-a3f9-f114e765f672', NULL, 'c7f601d2-6e40-40cf-80e5-f81f909c82c4', 'Opération inconnue', 2025, 'nan', 'En Cours');
INSERT INTO wilayas (id, code, name) VALUES ('c7f601d2-6e40-40cf-80e5-f81f909c82c4', '57', 'El Maghair');
INSERT INTO engagements (id, operation_id, amount, year, type) VALUES ('e547d0d0-09ae-43e5-b516-aa859c097cd1', '5b82caa5-d558-4eb9-a3f9-f114e765f672', 122598.0, 2025, 'initial');
INSERT INTO financial_operations (id, operation_id, executed_ae, executed_cp, execution_date) VALUES ('5b2cec60-2999-435b-90fb-bcad64dae17a', '5b82caa5-d558-4eb9-a3f9-f114e765f672', 122598.0, 245.0, '2025-04-01');
INSERT INTO operations (id, action_id, wilaya_id, title, year, status, observation) VALUES ('9c166ffe-c842-4579-a540-b03db25bb662', NULL, 'da76d1bf-63e0-432d-b527-d4f57222d024', 'Opération inconnue', 2025, 'nan', 'En Cours');
INSERT INTO wilayas (id, code, name) VALUES ('da76d1bf-63e0-432d-b527-d4f57222d024', '57', 'El Maghair');
INSERT INTO engagements (id, operation_id, amount, year, type) VALUES ('8552cc02-bfde-45d1-ae5b-0afb09f205ad', '9c166ffe-c842-4579-a540-b03db25bb662', 1371741.0, 2025, 'initial');
INSERT INTO financial_operations (id, operation_id, executed_ae, executed_cp, execution_date) VALUES ('e20c0bd9-6084-4024-a4a2-56be8bac4be6', '9c166ffe-c842-4579-a540-b03db25bb662', 1371741.0, 1233334.0, '2025-04-01');
INSERT INTO operations (id, action_id, wilaya_id, title, year, status, observation) VALUES ('14da853c-f71d-4d5e-89ef-1c6ee5c6e6a3', NULL, '2a6c056e-60b0-4087-a525-51277bce260a', 'Opération inconnue', 2025, 'nan', 'En Cours');
INSERT INTO wilayas (id, code, name) VALUES ('2a6c056e-60b0-4087-a525-51277bce260a', '57', 'El Maghair');
INSERT INTO engagements (id, operation_id, amount, year, type) VALUES ('4461cef2-f2b8-48b0-a8c0-5fb03ce88142', '14da853c-f71d-4d5e-89ef-1c6ee5c6e6a3', 1661774.0, 2025, 'initial');
INSERT INTO financial_operations (id, operation_id, executed_ae, executed_cp, execution_date) VALUES ('ee7efdf1-03b6-4c58-ac46-6032826c1550', '14da853c-f71d-4d5e-89ef-1c6ee5c6e6a3', 1661774.0, 631367.0, '2025-04-01');
INSERT INTO operations (id, action_id, wilaya_id, title, year, status, observation) VALUES ('c75b7dc1-acb4-451d-bc2c-840e529cfdc2', NULL, '0a147826-342f-4d9f-9b32-56abc754a78a', 'Opération inconnue', 2025, 'nan', 'nan');
INSERT INTO wilayas (id, code, name) VALUES ('0a147826-342f-4d9f-9b32-56abc754a78a', '07', 'Biskra');
INSERT INTO engagements (id, operation_id, amount, year, type) VALUES ('f78ab3cf-95ef-4be5-a7fe-42bbb26c936a', 'c75b7dc1-acb4-451d-bc2c-840e529cfdc2', 1083832.0, 2025, 'initial');
INSERT INTO financial_operations (id, operation_id, executed_ae, executed_cp, execution_date) VALUES ('56b31ae8-14b6-4914-bfce-1cadb343e7f4', 'c75b7dc1-acb4-451d-bc2c-840e529cfdc2', 1083832.0, 1012970.0, '2025-04-01');
INSERT INTO operations (id, action_id, wilaya_id, title, year, status, observation) VALUES ('bc72594f-bf1b-4c44-9e17-db14572f9230', NULL, 'e40e1999-2fa7-4349-a772-083efaa91680', 'Opération inconnue', 2025, 'nan', 'Gelée');
INSERT INTO wilayas (id, code, name) VALUES ('e40e1999-2fa7-4349-a772-083efaa91680', '07', 'Biskra');
INSERT INTO engagements (id, operation_id, amount, year, type) VALUES ('df1220dc-1551-4a36-adbf-6c3aed1b2161', 'bc72594f-bf1b-4c44-9e17-db14572f9230', 89285.0, 2025, 'initial');
INSERT INTO financial_operations (id, operation_id, executed_ae, executed_cp, execution_date) VALUES ('d8f60823-5833-49ec-8e63-26110b344c0c', 'bc72594f-bf1b-4c44-9e17-db14572f9230', 89285.0, 64133.0, '2025-04-01');
INSERT INTO operations (id, action_id, wilaya_id, title, year, status, observation) VALUES ('0d3ab989-1d76-416f-8f7b-cfccba5155dc', NULL, '96f752d6-1b05-4bb3-b9e9-dae0689a224a', 'Opération inconnue', 2025, 'nan', '4000 places achevée et fonctionnele. 2000 places en cours à 98%');
INSERT INTO wilayas (id, code, name) VALUES ('96f752d6-1b05-4bb3-b9e9-dae0689a224a', '07', 'Biskra');
INSERT INTO engagements (id, operation_id, amount, year, type) VALUES ('4077033f-d46e-4b4f-8d7b-8505d0041eac', '0d3ab989-1d76-416f-8f7b-cfccba5155dc', 2573730.0, 2025, 'initial');
INSERT INTO financial_operations (id, operation_id, executed_ae, executed_cp, execution_date) VALUES ('6f43e39a-0ba8-4d3c-bb59-ea9d171932f2', '0d3ab989-1d76-416f-8f7b-cfccba5155dc', 2573730.0, 2290066.0, '2025-04-01');
INSERT INTO operations (id, action_id, wilaya_id, title, year, status, observation) VALUES ('ffcee9ec-53a1-4a2c-9a66-d2d37f12923a', NULL, 'aadfa383-8697-4f7c-985f-3afe784a3b04', 'Opération inconnue', 2025, 'nan', 'Reste paiement de créances');
INSERT INTO wilayas (id, code, name) VALUES ('aadfa383-8697-4f7c-985f-3afe784a3b04', '07', 'Biskra');
INSERT INTO engagements (id, operation_id, amount, year, type) VALUES ('0906f285-db25-4b0c-b209-b8f2681d38a1', 'ffcee9ec-53a1-4a2c-9a66-d2d37f12923a', 1514318.0, 2025, 'initial');
INSERT INTO financial_operations (id, operation_id, executed_ae, executed_cp, execution_date) VALUES ('acf966a2-27b5-4aae-8d2f-970abf384ec9', 'ffcee9ec-53a1-4a2c-9a66-d2d37f12923a', 1514318.0, 1505560.0, '2025-04-01');
INSERT INTO operations (id, action_id, wilaya_id, title, year, status, observation) VALUES ('e2750309-3116-4582-a487-e5bae1d65ce4', NULL, 'cf9a336d-5351-4806-9754-3c86a102c62d', 'Opération inconnue', 2025, 'nan', 'Evaluation B.E.T en cours');
INSERT INTO wilayas (id, code, name) VALUES ('cf9a336d-5351-4806-9754-3c86a102c62d', '07', 'Biskra');
INSERT INTO engagements (id, operation_id, amount, year, type) VALUES ('c4eac331-9999-4fe5-a33f-d47c645b3d2a', 'e2750309-3116-4582-a487-e5bae1d65ce4', 0.0, 2025, 'initial');
INSERT INTO financial_operations (id, operation_id, executed_ae, executed_cp, execution_date) VALUES ('294171af-a99c-4221-bc8b-bbda24f607ab', 'e2750309-3116-4582-a487-e5bae1d65ce4', 0.0, 0.0, '2025-04-01');
INSERT INTO operations (id, action_id, wilaya_id, title, year, status, observation) VALUES ('8840bb8e-32f5-49e9-9a35-ca7c0d426bf8', NULL, '6338f5de-e238-48cd-ac7c-9e355663524d', 'Opération inconnue', 2025, 'nan', 'Reste paiement de créances');
INSERT INTO wilayas (id, code, name) VALUES ('6338f5de-e238-48cd-ac7c-9e355663524d', '07', 'Biskra');
INSERT INTO engagements (id, operation_id, amount, year, type) VALUES ('b87b455a-e58e-4191-ad05-217b1f109c82', '8840bb8e-32f5-49e9-9a35-ca7c0d426bf8', 1317631.0, 2025, 'initial');
INSERT INTO financial_operations (id, operation_id, executed_ae, executed_cp, execution_date) VALUES ('d7d83328-9862-4aad-a628-fd6beb2fe3df', '8840bb8e-32f5-49e9-9a35-ca7c0d426bf8', 1317631.0, 1309697.0, '2025-04-01');
INSERT INTO operations (id, action_id, wilaya_id, title, year, status, observation) VALUES ('faad96fa-4563-4144-93a6-17a478512b17', NULL, '85940e98-fb96-443e-911d-25e5e158cd87', 'Opération inconnue', 2025, 'nan', 'nan');
INSERT INTO wilayas (id, code, name) VALUES ('85940e98-fb96-443e-911d-25e5e158cd87', '07', 'Biskra');
INSERT INTO engagements (id, operation_id, amount, year, type) VALUES ('f4628fc1-3806-489b-974f-42393aeafa71', 'faad96fa-4563-4144-93a6-17a478512b17', 717230.0, 2025, 'initial');
INSERT INTO financial_operations (id, operation_id, executed_ae, executed_cp, execution_date) VALUES ('70b4632e-6623-4a30-bd3e-07faa5b11d8f', 'faad96fa-4563-4144-93a6-17a478512b17', 717230.0, 182169.0, '2025-04-01');
INSERT INTO operations (id, action_id, wilaya_id, title, year, status, observation) VALUES ('03a356bf-91b0-480d-a56e-01bf413071ae', NULL, '679a0bba-d2c4-4d4a-92b7-2b8e8ddee395', 'Opération inconnue', 2025, 'nan', 'Etude achevée. Travaux d''aménagement : choix entreprise en cours');
INSERT INTO wilayas (id, code, name) VALUES ('679a0bba-d2c4-4d4a-92b7-2b8e8ddee395', '07', 'Biskra');
INSERT INTO engagements (id, operation_id, amount, year, type) VALUES ('823bd6eb-ba5b-4dc9-844d-0370236ceb98', '03a356bf-91b0-480d-a56e-01bf413071ae', 11762.0, 2025, 'initial');
INSERT INTO financial_operations (id, operation_id, executed_ae, executed_cp, execution_date) VALUES ('7a7bfb5e-29b6-421c-ade0-0d57875ea392', '03a356bf-91b0-480d-a56e-01bf413071ae', 11762.0, 2999.0, '2025-04-01');
INSERT INTO operations (id, action_id, wilaya_id, title, year, status, observation) VALUES ('741beed3-c1ef-46e5-b0f0-c78b33c1e194', NULL, '22a132d5-b660-4a61-8788-6579d1a7a9ce', 'Opération inconnue', 2025, 'nan', 'Reste indemnisation expropriation');
INSERT INTO wilayas (id, code, name) VALUES ('22a132d5-b660-4a61-8788-6579d1a7a9ce', '07', 'Biskra');
INSERT INTO engagements (id, operation_id, amount, year, type) VALUES ('7fd21543-162a-4d98-aba6-6ea43e2e9412', '741beed3-c1ef-46e5-b0f0-c78b33c1e194', 975633.0, 2025, 'initial');
INSERT INTO financial_operations (id, operation_id, executed_ae, executed_cp, execution_date) VALUES ('e456d44c-2483-4b78-8f8c-4dbb56873104', '741beed3-c1ef-46e5-b0f0-c78b33c1e194', 975633.0, 952835.0, '2025-04-01');
INSERT INTO operations (id, action_id, wilaya_id, title, year, status, observation) VALUES ('e6b6128e-3123-4139-9de6-b47d83174fb2', NULL, '6db1e1d3-3b8b-4d0e-bedf-8611ca257689', 'Opération inconnue', 2025, 'nan', 'Hôpital achevée et fonctionnelle. Reste installation chauffage central en cours à 85%');
INSERT INTO wilayas (id, code, name) VALUES ('6db1e1d3-3b8b-4d0e-bedf-8611ca257689', '07', 'Biskra');
INSERT INTO engagements (id, operation_id, amount, year, type) VALUES ('67e4a824-9688-456a-a945-dd9c0093bfab', 'e6b6128e-3123-4139-9de6-b47d83174fb2', 1187723.0, 2025, 'initial');
INSERT INTO financial_operations (id, operation_id, executed_ae, executed_cp, execution_date) VALUES ('78d6606f-6027-47b7-8d27-3c4ea8864baa', 'e6b6128e-3123-4139-9de6-b47d83174fb2', 1187723.0, 1125550.0, '2025-04-01');
INSERT INTO operations (id, action_id, wilaya_id, title, year, status, observation) VALUES ('e66e7ec1-8d03-48bc-b04a-733b26a92326', NULL, '82c1f065-b26c-4609-89cb-f1df9c52e78f', 'Opération inconnue', 2025, 'nan', 'Montant de la réevaluation 498.983.000 DA notifié en 2025');
INSERT INTO wilayas (id, code, name) VALUES ('82c1f065-b26c-4609-89cb-f1df9c52e78f', '07', 'Biskra');
INSERT INTO engagements (id, operation_id, amount, year, type) VALUES ('41d2810a-1641-4d2e-9464-cccc54fa6373', 'e66e7ec1-8d03-48bc-b04a-733b26a92326', 1605246.0, 2025, 'initial');
INSERT INTO financial_operations (id, operation_id, executed_ae, executed_cp, execution_date) VALUES ('da49a704-a889-4994-998c-f15aa4c514b5', 'e66e7ec1-8d03-48bc-b04a-733b26a92326', 1605246.0, 1178978.0, '2025-04-01');
INSERT INTO operations (id, action_id, wilaya_id, title, year, status, observation) VALUES ('305d4066-9b0c-4bf4-a0ca-cdc704fece26', NULL, '8b2d6191-4dea-4c1b-9780-0167c90fac42', 'Opération inconnue', 2025, 'nan', 'Appel d''offre lancé');
INSERT INTO wilayas (id, code, name) VALUES ('8b2d6191-4dea-4c1b-9780-0167c90fac42', '07', 'Biskra');
INSERT INTO engagements (id, operation_id, amount, year, type) VALUES ('11d544d6-cb48-49f6-b7e1-577d56435821', '305d4066-9b0c-4bf4-a0ca-cdc704fece26', 207.0, 2025, 'initial');
INSERT INTO financial_operations (id, operation_id, executed_ae, executed_cp, execution_date) VALUES ('df82fc19-1db4-4eb3-9588-a74429e26604', '305d4066-9b0c-4bf4-a0ca-cdc704fece26', 207.0, 0.0, '2025-04-01');
INSERT INTO operations (id, action_id, wilaya_id, title, year, status, observation) VALUES ('5fc702ab-ed34-40f0-8edd-8d453ca3acb1', NULL, '53774a15-aebf-401f-ac06-70217845a0da', 'Opération inconnue', 2025, 'nan', 'Montant de la réevaluation 4.983.000.000 DA notifié en 2025 ');
INSERT INTO wilayas (id, code, name) VALUES ('53774a15-aebf-401f-ac06-70217845a0da', '07', 'Biskra');
INSERT INTO engagements (id, operation_id, amount, year, type) VALUES ('77c5cd8d-eb30-4800-850b-c74488d5ac33', '5fc702ab-ed34-40f0-8edd-8d453ca3acb1', 3690356.0, 2025, 'initial');
INSERT INTO financial_operations (id, operation_id, executed_ae, executed_cp, execution_date) VALUES ('a8571739-7412-49b2-89f7-6b2b435ba3b7', '5fc702ab-ed34-40f0-8edd-8d453ca3acb1', 3690356.0, 891936.0, '2025-04-01');
INSERT INTO operations (id, action_id, wilaya_id, title, year, status, observation) VALUES ('09f10905-3d00-4233-bef5-c6c058eb13e6', NULL, 'a19807ca-beae-4a98-97d8-5314482979c7', 'Opération inconnue', 2025, 'nan', 'Etude achevée. Réalisation : Appel d''offre lancé');
INSERT INTO wilayas (id, code, name) VALUES ('a19807ca-beae-4a98-97d8-5314482979c7', '07', 'Biskra');
INSERT INTO engagements (id, operation_id, amount, year, type) VALUES ('56b57f50-2168-4104-a047-4c9469e8a6c9', '09f10905-3d00-4233-bef5-c6c058eb13e6', 123376.0, 2025, 'initial');
INSERT INTO financial_operations (id, operation_id, executed_ae, executed_cp, execution_date) VALUES ('88f79099-c396-41e5-bb99-c40c634b4280', '09f10905-3d00-4233-bef5-c6c058eb13e6', 123376.0, 2372.0, '2025-04-01');
INSERT INTO operations (id, action_id, wilaya_id, title, year, status, observation) VALUES ('31d04534-4e2c-411c-9130-bc9bdd119da5', NULL, '0f81be8e-eb92-42c2-87f9-a4c6abec67d3', 'Opération inconnue', 2025, 'nan', 'nan');
INSERT INTO wilayas (id, code, name) VALUES ('0f81be8e-eb92-42c2-87f9-a4c6abec67d3', '07', 'Biskra');
INSERT INTO engagements (id, operation_id, amount, year, type) VALUES ('ea615fcc-006d-417d-8247-d4eba5dec2f8', '31d04534-4e2c-411c-9130-bc9bdd119da5', 881930.0, 2025, 'initial');
INSERT INTO financial_operations (id, operation_id, executed_ae, executed_cp, execution_date) VALUES ('5efbe886-d118-49f1-843f-47934150b229', '31d04534-4e2c-411c-9130-bc9bdd119da5', 881930.0, 563865.0, '2025-04-01');
INSERT INTO operations (id, action_id, wilaya_id, title, year, status, observation) VALUES ('327fa19a-758b-4c5b-a124-9c0b0a4b4067', NULL, '59a326b4-8e03-4cb6-92d9-7f1c2e67e733', 'Opération inconnue', 2025, 'nan', 'nan');
INSERT INTO wilayas (id, code, name) VALUES ('59a326b4-8e03-4cb6-92d9-7f1c2e67e733', '07', 'Biskra');
INSERT INTO engagements (id, operation_id, amount, year, type) VALUES ('67992fdc-4a12-422c-a6b6-b5370ca0ee19', '327fa19a-758b-4c5b-a124-9c0b0a4b4067', 4040539.0, 2025, 'initial');
INSERT INTO financial_operations (id, operation_id, executed_ae, executed_cp, execution_date) VALUES ('aea4a861-ad1f-4a0e-a901-1204d3b4f9f3', '327fa19a-758b-4c5b-a124-9c0b0a4b4067', 4040539.0, 1092885.0, '2025-04-01');
INSERT INTO operations (id, action_id, wilaya_id, title, year, status, observation) VALUES ('fa19c739-e43f-4cb1-9428-89d6b89ce7a3', NULL, '09741247-e0c7-4c20-a844-d614b29f0aaa', 'Opération inconnue', 2025, 'nan', 'Clôture en cours');
INSERT INTO wilayas (id, code, name) VALUES ('09741247-e0c7-4c20-a844-d614b29f0aaa', '07', 'Biskra');
INSERT INTO engagements (id, operation_id, amount, year, type) VALUES ('3eeb5a76-cb91-47c5-bc71-0c40b7b82583', 'fa19c739-e43f-4cb1-9428-89d6b89ce7a3', 1276755.0, 2025, 'initial');
INSERT INTO financial_operations (id, operation_id, executed_ae, executed_cp, execution_date) VALUES ('1722057f-4adf-421a-a7f0-8487a2321577', 'fa19c739-e43f-4cb1-9428-89d6b89ce7a3', 1276755.0, 1250468.0, '2025-04-01');
INSERT INTO operations (id, action_id, wilaya_id, title, year, status, observation) VALUES ('1ad302fa-57ff-4d0a-875e-e1fef0c0c269', NULL, '8fb69f5e-12ac-4449-8209-9f3f3c0054f6', 'Opération inconnue', 2025, 'nan', 'في طور الإنجاز');
INSERT INTO wilayas (id, code, name) VALUES ('8fb69f5e-12ac-4449-8209-9f3f3c0054f6', '51', 'Ouled Djellal');
INSERT INTO engagements (id, operation_id, amount, year, type) VALUES ('88a11340-6f0a-4824-baec-593d72bce7ba', '1ad302fa-57ff-4d0a-875e-e1fef0c0c269', 1615525.97621, 2025, 'initial');
INSERT INTO financial_operations (id, operation_id, executed_ae, executed_cp, execution_date) VALUES ('75b28e63-bbe3-4c70-85d6-86298872d4c4', '1ad302fa-57ff-4d0a-875e-e1fef0c0c269', 1615525.97621, 1041339.69309, '2025-04-01');
INSERT INTO operations (id, action_id, wilaya_id, title, year, status, observation) VALUES ('a8c1dbda-6b95-45f5-968c-8bf8962bce5d', NULL, 'f69f0add-2e0c-47e4-8be7-9a22964d7d3e', 'Opération inconnue', 2025, 'nan', 'في طور الدراسة 
(العملية تحتاج الى إعادة التقييم)');
INSERT INTO wilayas (id, code, name) VALUES ('f69f0add-2e0c-47e4-8be7-9a22964d7d3e', '51', 'Ouled Djellal');
INSERT INTO engagements (id, operation_id, amount, year, type) VALUES ('f6bda17e-f2ce-4fa0-bbbe-5fc63d54f994', 'a8c1dbda-6b95-45f5-968c-8bf8962bce5d', 152003.3385, 2025, 'initial');
INSERT INTO financial_operations (id, operation_id, executed_ae, executed_cp, execution_date) VALUES ('ce3bf677-a1c3-49bd-a088-f65f14fc4e9e', 'a8c1dbda-6b95-45f5-968c-8bf8962bce5d', 152003.3385, 0.0, '2025-04-01');
INSERT INTO operations (id, action_id, wilaya_id, title, year, status, observation) VALUES ('02369526-0724-46e8-8e93-8ef949c6ef92', NULL, '8327857d-1f63-4728-938f-543645d4adff', 'Opération inconnue', 2025, 'nan', 'في طور الدراسة 
(العملية تحتاج الى إعادة التقييم)');
INSERT INTO wilayas (id, code, name) VALUES ('8327857d-1f63-4728-938f-543645d4adff', '51', 'Ouled Djellal');
INSERT INTO engagements (id, operation_id, amount, year, type) VALUES ('0666fbf3-b14a-4782-a876-20d38c302d53', '02369526-0724-46e8-8e93-8ef949c6ef92', 222559.27, 2025, 'initial');
INSERT INTO financial_operations (id, operation_id, executed_ae, executed_cp, execution_date) VALUES ('c3174546-6279-4bd9-848d-256ab3ebc209', '02369526-0724-46e8-8e93-8ef949c6ef92', 222559.27, 0.0, '2025-04-01');
INSERT INTO operations (id, action_id, wilaya_id, title, year, status, observation) VALUES ('d989010b-f820-48d9-8088-2a41d3017289', NULL, '8975402e-b8bb-4b65-bbd7-88aa6a5c82b2', 'Opération inconnue', 2025, 'nan', 'في طور الإنجاز');
INSERT INTO wilayas (id, code, name) VALUES ('8975402e-b8bb-4b65-bbd7-88aa6a5c82b2', '51', 'Ouled Djellal');
INSERT INTO engagements (id, operation_id, amount, year, type) VALUES ('fa1851ec-8e51-4be5-8991-2261568e39bb', 'd989010b-f820-48d9-8088-2a41d3017289', 3410044.4959, 2025, 'initial');
INSERT INTO financial_operations (id, operation_id, executed_ae, executed_cp, execution_date) VALUES ('bf6d30f6-0165-43c3-9263-137d051d714f', 'd989010b-f820-48d9-8088-2a41d3017289', 3410044.4959, 0.0, '2025-04-01');
INSERT INTO operations (id, action_id, wilaya_id, title, year, status, observation) VALUES ('397a9896-70d9-4a63-9e87-e47bbb5cb164', NULL, 'b6fd88ec-08ae-4a8a-bff1-16b2a201e227', 'Opération inconnue', 2025, 'nan', 'En cours');
INSERT INTO wilayas (id, code, name) VALUES ('b6fd88ec-08ae-4a8a-bff1-16b2a201e227', '47', 'Ghardaia');
INSERT INTO engagements (id, operation_id, amount, year, type) VALUES ('f15e7db9-15d7-4d35-a8e5-5dfa276ec142', '397a9896-70d9-4a63-9e87-e47bbb5cb164', 989494.98605, 2025, 'initial');
INSERT INTO financial_operations (id, operation_id, executed_ae, executed_cp, execution_date) VALUES ('cd65a23d-9ab2-4c89-abff-71aeae8fcb06', '397a9896-70d9-4a63-9e87-e47bbb5cb164', 989494.98605, 456955.25389, '2025-04-01');
INSERT INTO operations (id, action_id, wilaya_id, title, year, status, observation) VALUES ('28c29c82-a531-47e0-827e-c1505fa79334', NULL, 'bd136f92-2d10-4fc2-bea3-591c86d60a74', 'Opération inconnue', 2025, 'nan', 'En cours');
INSERT INTO wilayas (id, code, name) VALUES ('bd136f92-2d10-4fc2-bea3-591c86d60a74', '47', 'Ghardaia');
INSERT INTO engagements (id, operation_id, amount, year, type) VALUES ('f136770b-18b6-4417-8496-7aa537c3743d', '28c29c82-a531-47e0-827e-c1505fa79334', 517232.25, 2025, 'initial');
INSERT INTO financial_operations (id, operation_id, executed_ae, executed_cp, execution_date) VALUES ('212aa2a4-67e6-4544-aa9e-765787fd97a5', '28c29c82-a531-47e0-827e-c1505fa79334', 517232.25, 0.0, '2025-04-01');
INSERT INTO operations (id, action_id, wilaya_id, title, year, status, observation) VALUES ('2f82489b-240d-4149-a6c8-1848f6bf83b6', NULL, 'be9575e9-685c-4de2-852f-d7e54c0411e6', 'Opération inconnue', 2025, 'nan', 'Achevée, à cloturer');
INSERT INTO wilayas (id, code, name) VALUES ('be9575e9-685c-4de2-852f-d7e54c0411e6', '47', 'Ghardaia');
INSERT INTO engagements (id, operation_id, amount, year, type) VALUES ('60eff703-10c4-469f-9a82-a646438f62c0', '2f82489b-240d-4149-a6c8-1848f6bf83b6', 3087749.58483, 2025, 'initial');
INSERT INTO financial_operations (id, operation_id, executed_ae, executed_cp, execution_date) VALUES ('3dfe0607-779d-4191-92b7-d93ab40d78d7', '2f82489b-240d-4149-a6c8-1848f6bf83b6', 3087749.58483, 3084348.60507, '2025-04-01');
INSERT INTO operations (id, action_id, wilaya_id, title, year, status, observation) VALUES ('223c3e89-b68a-48d7-97c9-bd2cad766eb0', NULL, 'df72f214-b386-4924-b35b-1c691ad44be1', 'Opération inconnue', 2025, 'nan', 'nan');
INSERT INTO wilayas (id, code, name) VALUES ('df72f214-b386-4924-b35b-1c691ad44be1', '47', 'Ghardaia');
INSERT INTO engagements (id, operation_id, amount, year, type) VALUES ('22c6a013-57c6-4110-8c02-4f1a00609abf', '223c3e89-b68a-48d7-97c9-bd2cad766eb0', NULL, 2025, 'initial');
INSERT INTO financial_operations (id, operation_id, executed_ae, executed_cp, execution_date) VALUES ('cc8ac496-5478-446b-a6c6-51312f6f2b48', '223c3e89-b68a-48d7-97c9-bd2cad766eb0', NULL, NULL, '2025-04-01');
INSERT INTO operations (id, action_id, wilaya_id, title, year, status, observation) VALUES ('bb65cd03-7f27-49e8-8c8d-5afec4f1583f', NULL, 'f70dcc9a-05d0-4239-9e0f-484d5de98854', 'Opération inconnue', 2025, 'nan', 'nan');
INSERT INTO wilayas (id, code, name) VALUES ('f70dcc9a-05d0-4239-9e0f-484d5de98854', '47', 'Ghardaia');
INSERT INTO engagements (id, operation_id, amount, year, type) VALUES ('02182d49-219c-422e-82f9-24a1fa7f9d26', 'bb65cd03-7f27-49e8-8c8d-5afec4f1583f', NULL, 2025, 'initial');
INSERT INTO financial_operations (id, operation_id, executed_ae, executed_cp, execution_date) VALUES ('69470681-8fbe-4312-bda2-b0a7159e9dc5', 'bb65cd03-7f27-49e8-8c8d-5afec4f1583f', NULL, NULL, '2025-04-01');
INSERT INTO operations (id, action_id, wilaya_id, title, year, status, observation) VALUES ('9bcad435-7a11-421a-99ed-58b5f337339e', NULL, '05b25443-4e2d-4ad1-9093-e855efe26898', 'Opération inconnue', 2025, 'nan', 'En cours');
INSERT INTO wilayas (id, code, name) VALUES ('05b25443-4e2d-4ad1-9093-e855efe26898', '47', 'Ghardaia');
INSERT INTO engagements (id, operation_id, amount, year, type) VALUES ('64a62b0f-5755-4a99-9090-7ede50242342', '9bcad435-7a11-421a-99ed-58b5f337339e', 535696.9738500001, 2025, 'initial');
INSERT INTO financial_operations (id, operation_id, executed_ae, executed_cp, execution_date) VALUES ('29078394-f531-48ef-8be3-0fc8d991ecd6', '9bcad435-7a11-421a-99ed-58b5f337339e', 535696.9738500001, 6120.98515, '2025-04-01');
INSERT INTO operations (id, action_id, wilaya_id, title, year, status, observation) VALUES ('5802fbfc-7c51-447a-a226-41ba22ff91be', NULL, 'f7794802-1fe8-403e-82ef-aaf3c4a4eaf8', 'Opération inconnue', 2025, 'nan', 'Gelée');
INSERT INTO wilayas (id, code, name) VALUES ('f7794802-1fe8-403e-82ef-aaf3c4a4eaf8', '47', 'Ghardaia');
INSERT INTO engagements (id, operation_id, amount, year, type) VALUES ('5c56b5f7-7324-4522-afc3-a9bad5bdf66f', '5802fbfc-7c51-447a-a226-41ba22ff91be', 38198.83747, 2025, 'initial');
INSERT INTO financial_operations (id, operation_id, executed_ae, executed_cp, execution_date) VALUES ('4d47a0ff-aaa6-4e5f-9083-0a0498cd51f0', '5802fbfc-7c51-447a-a226-41ba22ff91be', 38198.83747, 31040.13953, '2025-04-01');
INSERT INTO operations (id, action_id, wilaya_id, title, year, status, observation) VALUES ('ceb6191c-0ae7-4604-b1db-f570e7444964', NULL, '1139db35-bdfa-4bac-b705-5da076784546', 'Opération inconnue', 2025, 'nan', 'En cours');
INSERT INTO wilayas (id, code, name) VALUES ('1139db35-bdfa-4bac-b705-5da076784546', '47', 'Ghardaia');
INSERT INTO engagements (id, operation_id, amount, year, type) VALUES ('af903ba2-650c-43c9-b68a-623957165f8f', 'ceb6191c-0ae7-4604-b1db-f570e7444964', 4962880.06562, 2025, 'initial');
INSERT INTO financial_operations (id, operation_id, executed_ae, executed_cp, execution_date) VALUES ('5c7469b7-0603-4425-ac20-daf18876627d', 'ceb6191c-0ae7-4604-b1db-f570e7444964', 4962880.06562, 4949597.8773, '2025-04-01');
INSERT INTO operations (id, action_id, wilaya_id, title, year, status, observation) VALUES ('b1b40e95-6236-4610-bed6-b50556dd08fc', NULL, '9e8012f1-b814-49de-a0a6-2ad6f42b588b', 'Opération inconnue', 2025, 'nan', 'En cours');
INSERT INTO wilayas (id, code, name) VALUES ('9e8012f1-b814-49de-a0a6-2ad6f42b588b', '47', 'Ghardaia');
INSERT INTO engagements (id, operation_id, amount, year, type) VALUES ('faf557dd-20ee-4944-8022-8bdf9df9e885', 'b1b40e95-6236-4610-bed6-b50556dd08fc', 2799424.94264, 2025, 'initial');
INSERT INTO financial_operations (id, operation_id, executed_ae, executed_cp, execution_date) VALUES ('4dc341d8-8668-4713-86ea-b388a5fec0ca', 'b1b40e95-6236-4610-bed6-b50556dd08fc', 2799424.94264, 2766528.7379, '2025-04-01');
INSERT INTO operations (id, action_id, wilaya_id, title, year, status, observation) VALUES ('a1cd6a92-abad-4f68-8a9f-4b581828d6d4', NULL, 'ad178ee3-6d46-45d3-b52f-95f5e0b58e13', 'Opération inconnue', 2025, 'nan', 'Achevée, à cloturer');
INSERT INTO wilayas (id, code, name) VALUES ('ad178ee3-6d46-45d3-b52f-95f5e0b58e13', '47', 'Ghardaia');
INSERT INTO engagements (id, operation_id, amount, year, type) VALUES ('517ca960-886c-4130-a587-3c8640fa4a01', 'a1cd6a92-abad-4f68-8a9f-4b581828d6d4', 2944506.0, 2025, 'initial');
INSERT INTO financial_operations (id, operation_id, executed_ae, executed_cp, execution_date) VALUES ('ef00aba0-9971-482f-a25d-7e1e8a114bc7', 'a1cd6a92-abad-4f68-8a9f-4b581828d6d4', 2944506.0, 2730117.0, '2025-04-01');
INSERT INTO operations (id, action_id, wilaya_id, title, year, status, observation) VALUES ('5bbc7436-adb3-4906-b0b7-fc36e2fd8538', NULL, '6f470acc-e723-4440-9a47-88c222b2814a', 'Opération inconnue', 2025, 'nan', 'En cours');
INSERT INTO wilayas (id, code, name) VALUES ('6f470acc-e723-4440-9a47-88c222b2814a', '47', 'Ghardaia');
INSERT INTO engagements (id, operation_id, amount, year, type) VALUES ('42cd148b-37e1-4491-8a61-e720c2281b45', '5bbc7436-adb3-4906-b0b7-fc36e2fd8538', 1299672.7009, 2025, 'initial');
INSERT INTO financial_operations (id, operation_id, executed_ae, executed_cp, execution_date) VALUES ('f7c9fb11-7585-415e-b493-b5391783a50c', '5bbc7436-adb3-4906-b0b7-fc36e2fd8538', 1299672.7009, 1239973.1208500003, '2025-04-01');
INSERT INTO operations (id, action_id, wilaya_id, title, year, status, observation) VALUES ('e6613cbc-5f64-4e77-966c-ddaf57baa88a', NULL, 'eedb79ed-c453-45f3-889c-376a8551c01e', 'Opération inconnue', 2025, 'nan', 'Gelée');
INSERT INTO wilayas (id, code, name) VALUES ('eedb79ed-c453-45f3-889c-376a8551c01e', '47', 'Ghardaia');
INSERT INTO engagements (id, operation_id, amount, year, type) VALUES ('2795964b-c878-4cd2-8d11-480ea6ae21bc', 'e6613cbc-5f64-4e77-966c-ddaf57baa88a', 626.5309100000858, 2025, 'initial');
INSERT INTO financial_operations (id, operation_id, executed_ae, executed_cp, execution_date) VALUES ('7c07e3ac-56d1-4cc5-82ba-608055128423', 'e6613cbc-5f64-4e77-966c-ddaf57baa88a', 626.5309100000858, 626.5309100000001, '2025-04-01');
INSERT INTO operations (id, action_id, wilaya_id, title, year, status, observation) VALUES ('dff03f45-ae41-48e1-83b7-172bb49e640e', NULL, '627b8e24-9548-4ef9-be38-2f7261662d5c', 'Opération inconnue', 2025, 'nan', 'En cours');
INSERT INTO wilayas (id, code, name) VALUES ('627b8e24-9548-4ef9-be38-2f7261662d5c', '47', 'Ghardaia');
INSERT INTO engagements (id, operation_id, amount, year, type) VALUES ('d99c9fa0-7e58-40cc-a579-cda4359e3a18', 'dff03f45-ae41-48e1-83b7-172bb49e640e', 1362085.0604699997, 2025, 'initial');
INSERT INTO financial_operations (id, operation_id, executed_ae, executed_cp, execution_date) VALUES ('438e809c-7862-470d-9503-9a4c16b2b5ee', 'dff03f45-ae41-48e1-83b7-172bb49e640e', 1362085.0604699997, 1360940.63757, '2025-04-01');
INSERT INTO operations (id, action_id, wilaya_id, title, year, status, observation) VALUES ('78a3d6d9-f2f6-4cb9-9304-4c39202a979d', NULL, '51d2f25f-6244-4e96-8e6b-c2b87476e55c', 'Opération inconnue', 2025, 'nan', 'En cours');
INSERT INTO wilayas (id, code, name) VALUES ('51d2f25f-6244-4e96-8e6b-c2b87476e55c', '47', 'Ghardaia');
INSERT INTO engagements (id, operation_id, amount, year, type) VALUES ('af5e7c63-facf-4030-bd3a-b9d738c04bfa', '78a3d6d9-f2f6-4cb9-9304-4c39202a979d', 4381828.58289, 2025, 'initial');
INSERT INTO financial_operations (id, operation_id, executed_ae, executed_cp, execution_date) VALUES ('c3f325f4-c4d1-4f1a-8c07-2857215f02a4', '78a3d6d9-f2f6-4cb9-9304-4c39202a979d', 4381828.58289, 3887117.03086, '2025-04-01');
INSERT INTO operations (id, action_id, wilaya_id, title, year, status, observation) VALUES ('7c015e67-f164-4cc3-b762-800f653a7d84', NULL, '9282e8bc-f762-4f5e-ac4e-15cd0317c567', 'Opération inconnue', 2025, 'nan', 'En cours');
INSERT INTO wilayas (id, code, name) VALUES ('9282e8bc-f762-4f5e-ac4e-15cd0317c567', '47', 'Ghardaia');
INSERT INTO engagements (id, operation_id, amount, year, type) VALUES ('1e162dd5-a669-4629-ae28-62c50a93f669', '7c015e67-f164-4cc3-b762-800f653a7d84', 326431.64513, 2025, 'initial');
INSERT INTO financial_operations (id, operation_id, executed_ae, executed_cp, execution_date) VALUES ('a663cb9f-73f3-4b93-8970-0e286bcbd322', '7c015e67-f164-4cc3-b762-800f653a7d84', 326431.64513, 75042.89961, '2025-04-01');
INSERT INTO operations (id, action_id, wilaya_id, title, year, status, observation) VALUES ('1aa008b6-16a1-4300-b865-af1799dbd578', NULL, 'f1b5f1b7-ae0b-4f2a-b339-c117245198ad', 'Opération inconnue', 2025, 'nan', 'Achevée, à cloturer');
INSERT INTO wilayas (id, code, name) VALUES ('f1b5f1b7-ae0b-4f2a-b339-c117245198ad', '47', 'Ghardaia');
INSERT INTO engagements (id, operation_id, amount, year, type) VALUES ('1cb9013f-f2be-4810-9c41-8c38336db42f', '1aa008b6-16a1-4300-b865-af1799dbd578', 1643459.0, 2025, 'initial');
INSERT INTO financial_operations (id, operation_id, executed_ae, executed_cp, execution_date) VALUES ('d3a48378-8592-4f1d-b832-cb518bff7542', '1aa008b6-16a1-4300-b865-af1799dbd578', 1643459.0, 1535585.0, '2025-04-01');
INSERT INTO operations (id, action_id, wilaya_id, title, year, status, observation) VALUES ('d9edca92-a797-4531-a724-51a8e5e07e8b', NULL, 'f2ee93cf-428f-4e1d-9428-752366293f88', 'Opération inconnue', 2025, 'nan', 'En cours');
INSERT INTO wilayas (id, code, name) VALUES ('f2ee93cf-428f-4e1d-9428-752366293f88', '47', 'Ghardaia');
INSERT INTO engagements (id, operation_id, amount, year, type) VALUES ('7e3d779f-dc2f-4686-aa62-9d304c9aa485', 'd9edca92-a797-4531-a724-51a8e5e07e8b', 1863984.0, 2025, 'initial');
INSERT INTO financial_operations (id, operation_id, executed_ae, executed_cp, execution_date) VALUES ('16cc97ad-adc4-4f9f-9d47-77efb0664422', 'd9edca92-a797-4531-a724-51a8e5e07e8b', 1863984.0, 1774364.0, '2025-04-01');
INSERT INTO operations (id, action_id, wilaya_id, title, year, status, observation) VALUES ('4629260f-f6a8-4b36-a69b-b412ef8e3854', NULL, 'd584d4c9-f6de-48de-94e5-1718b4c32a8e', 'Opération inconnue', 2025, 'nan', 'Achevée, à cloturer');
INSERT INTO wilayas (id, code, name) VALUES ('d584d4c9-f6de-48de-94e5-1718b4c32a8e', '47', 'Ghardaia');
INSERT INTO engagements (id, operation_id, amount, year, type) VALUES ('0ba11b80-2f6c-4f48-986c-b02d097c9ef3', '4629260f-f6a8-4b36-a69b-b412ef8e3854', 1497726.0, 2025, 'initial');
INSERT INTO financial_operations (id, operation_id, executed_ae, executed_cp, execution_date) VALUES ('873edeec-69e0-4376-a1c3-99a07b44fa05', '4629260f-f6a8-4b36-a69b-b412ef8e3854', 1497726.0, 1360116.0, '2025-04-01');
INSERT INTO operations (id, action_id, wilaya_id, title, year, status, observation) VALUES ('76c33856-4732-4870-80e8-9f40eca62d5a', NULL, 'd2fbf578-121f-4651-87ba-a2a4b8b3d5c6', 'Opération inconnue', 2025, 'nan', 'En cours');
INSERT INTO wilayas (id, code, name) VALUES ('d2fbf578-121f-4651-87ba-a2a4b8b3d5c6', '47', 'Ghardaia');
INSERT INTO engagements (id, operation_id, amount, year, type) VALUES ('67c20697-08a8-402c-a6b6-c49c469d6b70', '76c33856-4732-4870-80e8-9f40eca62d5a', 1528138.0, 2025, 'initial');
INSERT INTO financial_operations (id, operation_id, executed_ae, executed_cp, execution_date) VALUES ('d8679244-29bf-4e17-90db-d872b0625af7', '76c33856-4732-4870-80e8-9f40eca62d5a', 1528138.0, 1237628.0, '2025-04-01');
INSERT INTO operations (id, action_id, wilaya_id, title, year, status, observation) VALUES ('262a0215-ae34-4829-badb-e82483d0db2b', NULL, '5a778ce5-6e66-4cbf-a078-70d92412edfd', 'Opération inconnue', 2025, 'nan', 'En cours');
INSERT INTO wilayas (id, code, name) VALUES ('5a778ce5-6e66-4cbf-a078-70d92412edfd', '47', 'Ghardaia');
INSERT INTO engagements (id, operation_id, amount, year, type) VALUES ('bf08e3ed-6f92-4072-aa0d-25e69749b7ad', '262a0215-ae34-4829-badb-e82483d0db2b', 1985248.0, 2025, 'initial');
INSERT INTO financial_operations (id, operation_id, executed_ae, executed_cp, execution_date) VALUES ('70779b47-aeb4-48f9-9215-55e1d045fe4c', '262a0215-ae34-4829-badb-e82483d0db2b', 1985248.0, 1801555.0, '2025-04-01');
INSERT INTO operations (id, action_id, wilaya_id, title, year, status, observation) VALUES ('c6e32cb7-8599-48fc-a1b6-ae03cdc4a3f6', NULL, '56210e61-22e2-4356-9901-d6cf39c0f053', 'Opération inconnue', 2025, 'nan', 'En cours');
INSERT INTO wilayas (id, code, name) VALUES ('56210e61-22e2-4356-9901-d6cf39c0f053', '47', 'Ghardaia');
INSERT INTO engagements (id, operation_id, amount, year, type) VALUES ('12302b5c-5c34-476c-b90c-a5dde07dc5f1', 'c6e32cb7-8599-48fc-a1b6-ae03cdc4a3f6', 2929175.0, 2025, 'initial');
INSERT INTO financial_operations (id, operation_id, executed_ae, executed_cp, execution_date) VALUES ('c7b53675-4291-4aa0-992f-8cc3cbe8b142', 'c6e32cb7-8599-48fc-a1b6-ae03cdc4a3f6', 2929175.0, 1886771.0, '2025-04-01');
INSERT INTO operations (id, action_id, wilaya_id, title, year, status, observation) VALUES ('c9900c9d-3a1e-48d7-b1a4-44a42b259a4e', NULL, 'f50d4587-b2d2-4afd-9d21-f6b104ada6a2', 'Opération inconnue', 2025, 'nan', 'En cours');
INSERT INTO wilayas (id, code, name) VALUES ('f50d4587-b2d2-4afd-9d21-f6b104ada6a2', '47', 'Ghardaia');
INSERT INTO engagements (id, operation_id, amount, year, type) VALUES ('bffc391e-2007-4484-bcda-59974056d1a9', 'c9900c9d-3a1e-48d7-b1a4-44a42b259a4e', 938715.0, 2025, 'initial');
INSERT INTO financial_operations (id, operation_id, executed_ae, executed_cp, execution_date) VALUES ('9ffac759-06ea-4b09-917f-0fccfed16e27', 'c9900c9d-3a1e-48d7-b1a4-44a42b259a4e', 938715.0, 412816.0, '2025-04-01');
INSERT INTO operations (id, action_id, wilaya_id, title, year, status, observation) VALUES ('8c492921-bc34-4758-a499-290da54e4b9d', NULL, 'bf098e15-dc1b-42fe-9070-65d4c2732a62', 'Opération inconnue', 2025, 'nan', 'Achevée, à cloturer');
INSERT INTO wilayas (id, code, name) VALUES ('bf098e15-dc1b-42fe-9070-65d4c2732a62', '47', 'Ghardaia');
INSERT INTO engagements (id, operation_id, amount, year, type) VALUES ('8f0d9140-9446-46dc-9384-d04308cb88ff', '8c492921-bc34-4758-a499-290da54e4b9d', 1032674.28258, 2025, 'initial');
INSERT INTO financial_operations (id, operation_id, executed_ae, executed_cp, execution_date) VALUES ('48c869a7-e423-49f7-aa5c-96468f00cc9a', '8c492921-bc34-4758-a499-290da54e4b9d', 1032674.28258, 976344.3447199999, '2025-04-01');
INSERT INTO operations (id, action_id, wilaya_id, title, year, status, observation) VALUES ('285c1073-37bc-46c8-98ae-706df01e82ef', NULL, '8fa40f8f-dda9-48b7-9266-c8f09322a0e3', 'Opération inconnue', 2025, 'nan', 'Achevée, à cloturer');
INSERT INTO wilayas (id, code, name) VALUES ('8fa40f8f-dda9-48b7-9266-c8f09322a0e3', '47', 'Ghardaia');
INSERT INTO engagements (id, operation_id, amount, year, type) VALUES ('74fd5476-d1eb-4723-af0d-183b66ce03bf', '285c1073-37bc-46c8-98ae-706df01e82ef', 2846076.3834, 2025, 'initial');
INSERT INTO financial_operations (id, operation_id, executed_ae, executed_cp, execution_date) VALUES ('f7fe8664-f028-4c2b-8d16-929e2028ca6b', '285c1073-37bc-46c8-98ae-706df01e82ef', 2846076.3834, 2842479.2944300002, '2025-04-01');
INSERT INTO operations (id, action_id, wilaya_id, title, year, status, observation) VALUES ('f21f8022-d6bc-47ea-b8ff-652b281291cb', NULL, 'ca72c026-dc23-4ffd-a04a-4630c8a96669', 'Opération inconnue', 2025, 'nan', 'En cours');
INSERT INTO wilayas (id, code, name) VALUES ('ca72c026-dc23-4ffd-a04a-4630c8a96669', '47', 'Ghardaia');
INSERT INTO engagements (id, operation_id, amount, year, type) VALUES ('44052a0e-c1f7-4e69-9956-4ed840dac489', 'f21f8022-d6bc-47ea-b8ff-652b281291cb', 1177669.1114, 2025, 'initial');
INSERT INTO financial_operations (id, operation_id, executed_ae, executed_cp, execution_date) VALUES ('9b4c3783-a8ce-4290-9292-75cde84f4d56', 'f21f8022-d6bc-47ea-b8ff-652b281291cb', 1177669.1114, 1097621.71261, '2025-04-01');
INSERT INTO operations (id, action_id, wilaya_id, title, year, status, observation) VALUES ('7d91985f-183d-4706-b87f-4068e7d26e26', NULL, '059b9dfe-a149-4d1a-a2f0-bca84a66253e', 'Opération inconnue', 2025, 'nan', 'En cours');
INSERT INTO wilayas (id, code, name) VALUES ('059b9dfe-a149-4d1a-a2f0-bca84a66253e', '47', 'Ghardaia');
INSERT INTO engagements (id, operation_id, amount, year, type) VALUES ('ddc34b9c-ff6b-4eb0-ae45-267573d348c3', '7d91985f-183d-4706-b87f-4068e7d26e26', 2180431.60898, 2025, 'initial');
INSERT INTO financial_operations (id, operation_id, executed_ae, executed_cp, execution_date) VALUES ('63ce6164-399b-40a7-b320-c104a4359b18', '7d91985f-183d-4706-b87f-4068e7d26e26', 2180431.60898, 2122090.1335899998, '2025-04-01');
INSERT INTO operations (id, action_id, wilaya_id, title, year, status, observation) VALUES ('9dce60e6-016f-44e6-8357-cc9354cd727c', NULL, '1c00af31-a24f-4e58-84a0-9208fdc10e93', 'Opération inconnue', 2025, 'nan', 'En cours');
INSERT INTO wilayas (id, code, name) VALUES ('1c00af31-a24f-4e58-84a0-9208fdc10e93', '47', 'Ghardaia');
INSERT INTO engagements (id, operation_id, amount, year, type) VALUES ('9c8cc871-322f-449f-a273-4a236b6201b3', '9dce60e6-016f-44e6-8357-cc9354cd727c', 2868098.89276, 2025, 'initial');
INSERT INTO financial_operations (id, operation_id, executed_ae, executed_cp, execution_date) VALUES ('58ae8207-f096-4ac3-8590-40e629aaec5d', '9dce60e6-016f-44e6-8357-cc9354cd727c', 2868098.89276, 2718218.28776, '2025-04-01');
INSERT INTO operations (id, action_id, wilaya_id, title, year, status, observation) VALUES ('776e06dc-ce89-4edb-a5b3-05d89974c715', NULL, '3c829af9-8c01-4fea-bd36-ab4b6056b639', 'Opération inconnue', 2025, 'nan', 'Achevée, équipement en cours');
INSERT INTO wilayas (id, code, name) VALUES ('3c829af9-8c01-4fea-bd36-ab4b6056b639', '47', 'Ghardaia');
INSERT INTO engagements (id, operation_id, amount, year, type) VALUES ('a117a18e-862e-4849-ab19-1166986f4d27', '776e06dc-ce89-4edb-a5b3-05d89974c715', 8208624.0, 2025, 'initial');
INSERT INTO financial_operations (id, operation_id, executed_ae, executed_cp, execution_date) VALUES ('c7d4b184-1314-4939-940d-695b3ed1b8eb', '776e06dc-ce89-4edb-a5b3-05d89974c715', 8208624.0, 7674792.0, '2025-04-01');
INSERT INTO operations (id, action_id, wilaya_id, title, year, status, observation) VALUES ('f2a68ebf-b063-4edf-933d-ad8bfad345e5', NULL, 'fcb762c2-0084-4f82-8b65-a9b5693745a0', 'Opération inconnue', 2025, 'nan', 'nan');
INSERT INTO wilayas (id, code, name) VALUES ('fcb762c2-0084-4f82-8b65-a9b5693745a0', '33', 'Illizi');
INSERT INTO engagements (id, operation_id, amount, year, type) VALUES ('938394d7-9b20-4883-a6ea-217fa46de943', 'f2a68ebf-b063-4edf-933d-ad8bfad345e5', 925561.0, 2025, 'initial');
INSERT INTO financial_operations (id, operation_id, executed_ae, executed_cp, execution_date) VALUES ('3627220a-ea79-4c10-bfe3-14801b443f3c', 'f2a68ebf-b063-4edf-933d-ad8bfad345e5', 925561.0, 924783.0, '2025-04-01');
INSERT INTO operations (id, action_id, wilaya_id, title, year, status, observation) VALUES ('bc0a8ed3-0d15-45cc-aca9-b494a54fab46', NULL, '828c4998-fc64-421d-ae34-b88122f593d3', 'Opération inconnue', 2025, 'nan', 'nan');
INSERT INTO wilayas (id, code, name) VALUES ('828c4998-fc64-421d-ae34-b88122f593d3', '33', 'Illizi');
INSERT INTO engagements (id, operation_id, amount, year, type) VALUES ('69f48034-c422-4045-a318-567f1b6d59cf', 'bc0a8ed3-0d15-45cc-aca9-b494a54fab46', 596060.0, 2025, 'initial');
INSERT INTO financial_operations (id, operation_id, executed_ae, executed_cp, execution_date) VALUES ('7888edc9-295f-4737-b8d8-bd1c5143ca0d', 'bc0a8ed3-0d15-45cc-aca9-b494a54fab46', 596060.0, 536898.0, '2025-04-01');
INSERT INTO operations (id, action_id, wilaya_id, title, year, status, observation) VALUES ('eb16449d-93fb-4b3d-89b4-aabc912c1624', NULL, '7dc2c7e5-de22-40bb-a211-dc4dc43fab0f', 'Opération inconnue', 2025, 'nan', 'nan');
INSERT INTO wilayas (id, code, name) VALUES ('7dc2c7e5-de22-40bb-a211-dc4dc43fab0f', '33', 'Illizi');
INSERT INTO engagements (id, operation_id, amount, year, type) VALUES ('92ac24fb-2627-4552-994d-c7c65769138c', 'eb16449d-93fb-4b3d-89b4-aabc912c1624', 1869825.0, 2025, 'initial');
INSERT INTO financial_operations (id, operation_id, executed_ae, executed_cp, execution_date) VALUES ('6e9e7435-8fc9-4e8d-9142-4252ddd7f526', 'eb16449d-93fb-4b3d-89b4-aabc912c1624', 1869825.0, 680030.0, '2025-04-01');
INSERT INTO operations (id, action_id, wilaya_id, title, year, status, observation) VALUES ('063179a8-1131-41c1-a893-5032b9161c3b', NULL, '2cc4f0f2-5fa0-40e0-a2cd-17ed5a6cc65a', 'Opération inconnue', 2025, 'nan', 'nan');
INSERT INTO wilayas (id, code, name) VALUES ('2cc4f0f2-5fa0-40e0-a2cd-17ed5a6cc65a', '33', 'Illizi');
INSERT INTO engagements (id, operation_id, amount, year, type) VALUES ('36a216f1-2c06-4b11-84f7-aa567f5d0de8', '063179a8-1131-41c1-a893-5032b9161c3b', 3625053.0, 2025, 'initial');
INSERT INTO financial_operations (id, operation_id, executed_ae, executed_cp, execution_date) VALUES ('e7fae885-1171-4ac1-bd4d-f059e91d703c', '063179a8-1131-41c1-a893-5032b9161c3b', 3625053.0, 1245157.0, '2025-04-01');
INSERT INTO operations (id, action_id, wilaya_id, title, year, status, observation) VALUES ('051938c1-91c3-4a65-af87-a01619911995', NULL, 'fecd02bd-57a2-44a4-9ca6-6cef6143a55c', 'Opération inconnue', 2025, 'nan', 'nan');
INSERT INTO wilayas (id, code, name) VALUES ('fecd02bd-57a2-44a4-9ca6-6cef6143a55c', '33', 'Illizi');
INSERT INTO engagements (id, operation_id, amount, year, type) VALUES ('874b35cd-86ec-4268-8248-01dc73c82530', '051938c1-91c3-4a65-af87-a01619911995', 1225865.0, 2025, 'initial');
INSERT INTO financial_operations (id, operation_id, executed_ae, executed_cp, execution_date) VALUES ('875b9e55-3b20-4242-86dd-4dea5766568b', '051938c1-91c3-4a65-af87-a01619911995', 1225865.0, 979353.0, '2025-04-01');
INSERT INTO operations (id, action_id, wilaya_id, title, year, status, observation) VALUES ('1e96d4b5-2682-4ee6-b011-c944410abd42', NULL, '08764bf3-9a4b-4975-8d3a-270d04215d78', 'Opération inconnue', 2025, 'nan', 'nan');
INSERT INTO wilayas (id, code, name) VALUES ('08764bf3-9a4b-4975-8d3a-270d04215d78', '33', 'Illizi');
INSERT INTO engagements (id, operation_id, amount, year, type) VALUES ('90878a87-bc66-4f08-8d54-24edae566c3a', '1e96d4b5-2682-4ee6-b011-c944410abd42', 1706706.0, 2025, 'initial');
INSERT INTO financial_operations (id, operation_id, executed_ae, executed_cp, execution_date) VALUES ('75369cb2-b4a7-4a0c-ad4a-cf882cb27814', '1e96d4b5-2682-4ee6-b011-c944410abd42', 1706706.0, 783427.0, '2025-04-01');
INSERT INTO operations (id, action_id, wilaya_id, title, year, status, observation) VALUES ('85e16319-9413-46ae-934a-a84a76bd5640', NULL, '988b4cdb-fec8-4504-bcd3-72b132b41cfd', 'Opération inconnue', 2025, 'nan', 'nan');
INSERT INTO wilayas (id, code, name) VALUES ('988b4cdb-fec8-4504-bcd3-72b132b41cfd', '33', 'Illizi');
INSERT INTO engagements (id, operation_id, amount, year, type) VALUES ('a0e949b4-0f17-4e7d-ad33-3dd5230028f9', '85e16319-9413-46ae-934a-a84a76bd5640', 3675938.0, 2025, 'initial');
INSERT INTO financial_operations (id, operation_id, executed_ae, executed_cp, execution_date) VALUES ('d3a79ade-d635-442a-ac39-99b73b8fc6c4', '85e16319-9413-46ae-934a-a84a76bd5640', 3675938.0, 3277183.0, '2025-04-01');
INSERT INTO operations (id, action_id, wilaya_id, title, year, status, observation) VALUES ('4bfa6d89-17ff-4e69-91f8-528f41711f66', NULL, '99ccaea4-7581-4e94-9ecf-0a4c33c5acf8', 'Opération inconnue', 2025, 'nan', 'nan');
INSERT INTO wilayas (id, code, name) VALUES ('99ccaea4-7581-4e94-9ecf-0a4c33c5acf8', '33', 'Illizi');
INSERT INTO engagements (id, operation_id, amount, year, type) VALUES ('9955eddd-2aa6-41af-9a52-e360e6e9fa31', '4bfa6d89-17ff-4e69-91f8-528f41711f66', 4266211.0, 2025, 'initial');
INSERT INTO financial_operations (id, operation_id, executed_ae, executed_cp, execution_date) VALUES ('3b6843a3-c9f0-4134-97a8-2f407ee31bb5', '4bfa6d89-17ff-4e69-91f8-528f41711f66', 4266211.0, 2363149.0, '2025-04-01');
INSERT INTO operations (id, action_id, wilaya_id, title, year, status, observation) VALUES ('c590ae1f-16c4-4702-b9b0-85ca95410988', NULL, 'f19427fb-6435-43eb-9689-974131778231', 'Opération inconnue', 2025, 'nan', 'nan');
INSERT INTO wilayas (id, code, name) VALUES ('f19427fb-6435-43eb-9689-974131778231', '33', 'Illizi');
INSERT INTO engagements (id, operation_id, amount, year, type) VALUES ('51fb5680-a9ac-4805-86cf-ec2f192787e8', 'c590ae1f-16c4-4702-b9b0-85ca95410988', 3199702.0, 2025, 'initial');
INSERT INTO financial_operations (id, operation_id, executed_ae, executed_cp, execution_date) VALUES ('926a293f-ba15-43bf-83d9-18760a2bdc89', 'c590ae1f-16c4-4702-b9b0-85ca95410988', 3199702.0, 2359161.0, '2025-04-01');
INSERT INTO operations (id, action_id, wilaya_id, title, year, status, observation) VALUES ('85b8dd8c-8999-417a-9f5a-7a3a9aeeb5a6', NULL, '30d7db91-5b0e-4ab0-bea9-d6d8fb31cc40', 'Opération inconnue', 2025, 'nan', 'nan');
INSERT INTO wilayas (id, code, name) VALUES ('30d7db91-5b0e-4ab0-bea9-d6d8fb31cc40', '33', 'Illizi');
INSERT INTO engagements (id, operation_id, amount, year, type) VALUES ('8ba82dfa-270b-47af-b2c4-8f9fafa3ac74', '85b8dd8c-8999-417a-9f5a-7a3a9aeeb5a6', 4697120.0, 2025, 'initial');
INSERT INTO financial_operations (id, operation_id, executed_ae, executed_cp, execution_date) VALUES ('800a6e1a-0afb-4124-be84-7d2a8ab65c07', '85b8dd8c-8999-417a-9f5a-7a3a9aeeb5a6', 4697120.0, 3809726.0, '2025-04-01');
INSERT INTO operations (id, action_id, wilaya_id, title, year, status, observation) VALUES ('3e6f1ccb-77b6-43aa-b15a-76e83fc78c28', NULL, 'bd8f3bad-6dc6-46e1-a03e-7728417ff793', 'Opération inconnue', 2025, 'nan', 'nan');
INSERT INTO wilayas (id, code, name) VALUES ('bd8f3bad-6dc6-46e1-a03e-7728417ff793', '33', 'Illizi');
INSERT INTO engagements (id, operation_id, amount, year, type) VALUES ('a9e62376-bc89-491d-bf94-439c1cb38bff', '3e6f1ccb-77b6-43aa-b15a-76e83fc78c28', 1634450.0, 2025, 'initial');
INSERT INTO financial_operations (id, operation_id, executed_ae, executed_cp, execution_date) VALUES ('f2989e90-ce13-4cf7-852d-adad6c52cdc0', '3e6f1ccb-77b6-43aa-b15a-76e83fc78c28', 1634450.0, 1534223.0, '2025-04-01');
INSERT INTO operations (id, action_id, wilaya_id, title, year, status, observation) VALUES ('b1b784e8-ea3a-4e4b-bd9d-103ad263c574', NULL, '097bd7e1-5e00-49a3-912f-36d02475c137', 'Opération inconnue', 2025, 'nan', 'nan');
INSERT INTO wilayas (id, code, name) VALUES ('097bd7e1-5e00-49a3-912f-36d02475c137', '33', 'Illizi');
INSERT INTO engagements (id, operation_id, amount, year, type) VALUES ('983cc778-03c9-4056-8082-08a9403106a8', 'b1b784e8-ea3a-4e4b-bd9d-103ad263c574', 1805927.0, 2025, 'initial');
INSERT INTO financial_operations (id, operation_id, executed_ae, executed_cp, execution_date) VALUES ('7add2925-9ae5-483f-b489-3af588d2e28d', 'b1b784e8-ea3a-4e4b-bd9d-103ad263c574', 1805927.0, 1742042.0, '2025-04-01');
INSERT INTO operations (id, action_id, wilaya_id, title, year, status, observation) VALUES ('bb0cf9eb-e058-41fc-8048-f78aefc2ad4d', NULL, '37b411c2-cb8a-40ae-be53-f27d669dacd3', 'Opération inconnue', 2025, 'nan', 'nan');
INSERT INTO wilayas (id, code, name) VALUES ('37b411c2-cb8a-40ae-be53-f27d669dacd3', '33', 'Illizi');
INSERT INTO engagements (id, operation_id, amount, year, type) VALUES ('b72ec31a-3b1e-4df0-9558-d5894bf2c5d1', 'bb0cf9eb-e058-41fc-8048-f78aefc2ad4d', 2642122.0, 2025, 'initial');
INSERT INTO financial_operations (id, operation_id, executed_ae, executed_cp, execution_date) VALUES ('f9f80811-ae64-41ac-afdb-3b4896f31540', 'bb0cf9eb-e058-41fc-8048-f78aefc2ad4d', 2642122.0, 683570.0, '2025-04-01');
INSERT INTO operations (id, action_id, wilaya_id, title, year, status, observation) VALUES ('be10b2a1-b9a7-45f8-a92a-21f5c45b9990', NULL, '09d3a6e4-dc00-4b36-83e6-27116f8d4a3a', 'Opération inconnue', 2025, 'nan', 'nan');
INSERT INTO wilayas (id, code, name) VALUES ('09d3a6e4-dc00-4b36-83e6-27116f8d4a3a', '33', 'Illizi');
INSERT INTO engagements (id, operation_id, amount, year, type) VALUES ('1132bbbc-d032-44fc-9765-4bd758df9c58', 'be10b2a1-b9a7-45f8-a92a-21f5c45b9990', 1797750.0, 2025, 'initial');
INSERT INTO financial_operations (id, operation_id, executed_ae, executed_cp, execution_date) VALUES ('7a775c72-cafb-4b29-8d85-aa95131e90dc', 'be10b2a1-b9a7-45f8-a92a-21f5c45b9990', 1797750.0, 901401.0, '2025-04-01');
INSERT INTO operations (id, action_id, wilaya_id, title, year, status, observation) VALUES ('1735baed-9828-4023-ab0f-367482f88cb5', NULL, 'cbe7fe1a-d786-472d-8c39-21e77afa5298', 'Opération inconnue', 2025, 'nan', 'nan');
INSERT INTO wilayas (id, code, name) VALUES ('cbe7fe1a-d786-472d-8c39-21e77afa5298', '33', 'Illizi');
INSERT INTO engagements (id, operation_id, amount, year, type) VALUES ('6cd66926-7272-4eb9-aa98-ac6bfd58056d', '1735baed-9828-4023-ab0f-367482f88cb5', 2106112.0, 2025, 'initial');
INSERT INTO financial_operations (id, operation_id, executed_ae, executed_cp, execution_date) VALUES ('42c18a57-88e6-4540-b44b-5a35b5659939', '1735baed-9828-4023-ab0f-367482f88cb5', 2106112.0, 2081867.0, '2025-04-01');
INSERT INTO operations (id, action_id, wilaya_id, title, year, status, observation) VALUES ('02a726a1-8764-46e9-8ec4-46c273907e4d', NULL, '14568997-da81-45e6-b41c-285402318761', 'Opération inconnue', 2025, 'nan', 'Opération en Cours ');
INSERT INTO wilayas (id, code, name) VALUES ('14568997-da81-45e6-b41c-285402318761', '56', 'Djanet');
INSERT INTO engagements (id, operation_id, amount, year, type) VALUES ('c8135975-2593-4e4c-92ea-c4eaa4705846', '02a726a1-8764-46e9-8ec4-46c273907e4d', 3022704.0, 2025, 'initial');
INSERT INTO financial_operations (id, operation_id, executed_ae, executed_cp, execution_date) VALUES ('3af24fb5-36be-4bb5-abc1-2af06ca3fd71', '02a726a1-8764-46e9-8ec4-46c273907e4d', 3022704.0, 1873705.0, '2025-04-01');
INSERT INTO operations (id, action_id, wilaya_id, title, year, status, observation) VALUES ('3ae1a97a-a3ba-4297-b2c8-8928616b0328', NULL, '345f0eee-de49-4ff0-ad73-572e231676fb', 'Opération inconnue', 2025, 'nan', '(Etude achevée) la réalisation Non Lancée  (AAO en cours )');
INSERT INTO wilayas (id, code, name) VALUES ('345f0eee-de49-4ff0-ad73-572e231676fb', '56', 'Djanet');
INSERT INTO engagements (id, operation_id, amount, year, type) VALUES ('765c4d56-4856-40dc-974c-7d23dc239711', '3ae1a97a-a3ba-4297-b2c8-8928616b0328', 83831.0, 2025, 'initial');
INSERT INTO financial_operations (id, operation_id, executed_ae, executed_cp, execution_date) VALUES ('28bc48ca-54b5-43e3-befe-da69f010ef66', '3ae1a97a-a3ba-4297-b2c8-8928616b0328', 83831.0, 10092.0, '2025-04-01');
INSERT INTO operations (id, action_id, wilaya_id, title, year, status, observation) VALUES ('4fc5f9e9-41a9-41d2-a0db-ace560d857f3', NULL, 'deddadd1-f858-4c82-bdda-3b06fb413394', 'Opération inconnue', 2025, 'nan', 'Opération en Cours ');
INSERT INTO wilayas (id, code, name) VALUES ('deddadd1-f858-4c82-bdda-3b06fb413394', '56', 'Djanet');
INSERT INTO engagements (id, operation_id, amount, year, type) VALUES ('730e61a2-a931-41c0-98f7-3ade6c6a1a65', '4fc5f9e9-41a9-41d2-a0db-ace560d857f3', 484693.0, 2025, 'initial');
INSERT INTO financial_operations (id, operation_id, executed_ae, executed_cp, execution_date) VALUES ('1295d69a-1f4f-4baa-94a6-b71f14855c9c', '4fc5f9e9-41a9-41d2-a0db-ace560d857f3', 484693.0, 267492.0, '2025-04-01');
INSERT INTO operations (id, action_id, wilaya_id, title, year, status, observation) VALUES ('ecd9d5c7-eecd-44fb-9364-396a91250874', NULL, 'fcd5c1a1-d5a0-43c9-b401-bcbf165f8e40', 'Opération inconnue', 2025, 'nan', 'Opération en Cours ');
INSERT INTO wilayas (id, code, name) VALUES ('fcd5c1a1-d5a0-43c9-b401-bcbf165f8e40', '56', 'Djanet');
INSERT INTO engagements (id, operation_id, amount, year, type) VALUES ('960af008-cf6a-4924-9a29-2da2fd7b9585', 'ecd9d5c7-eecd-44fb-9364-396a91250874', 2078467.0, 2025, 'initial');
INSERT INTO financial_operations (id, operation_id, executed_ae, executed_cp, execution_date) VALUES ('91066151-7d4a-4c02-87d9-722935f738fd', 'ecd9d5c7-eecd-44fb-9364-396a91250874', 2078467.0, 2091.0, '2025-04-01');
INSERT INTO operations (id, action_id, wilaya_id, title, year, status, observation) VALUES ('1594b80c-efae-4c76-94ed-c7c6c64c6ce9', NULL, '0da25266-dfe5-4b8b-870e-0f31385024a9', 'Opération inconnue', 2025, 'nan', 'Opération Non Lancée (AAO en cours )');
INSERT INTO wilayas (id, code, name) VALUES ('0da25266-dfe5-4b8b-870e-0f31385024a9', '56', 'Djanet');
INSERT INTO engagements (id, operation_id, amount, year, type) VALUES ('94689604-5ee3-4eae-9b8d-002629551bbf', '1594b80c-efae-4c76-94ed-c7c6c64c6ce9', 1762.0, 2025, 'initial');
INSERT INTO financial_operations (id, operation_id, executed_ae, executed_cp, execution_date) VALUES ('5a3d261c-8635-4442-bb82-45ae17c50cb4', '1594b80c-efae-4c76-94ed-c7c6c64c6ce9', 1762.0, 1762.0, '2025-04-01');
INSERT INTO operations (id, action_id, wilaya_id, title, year, status, observation) VALUES ('72315f0b-57d3-4711-8af9-ac2d46a36e2d', NULL, '3e7acc67-4988-4f3c-bc4d-15067ce3971a', 'Opération inconnue', 2025, 'nan', 'En cours / 298 logts réceptionnés  / 2 logts à Hirafouk (Idles) en cours');
INSERT INTO wilayas (id, code, name) VALUES ('3e7acc67-4988-4f3c-bc4d-15067ce3971a', '11', 'Tamenrasset');
INSERT INTO engagements (id, operation_id, amount, year, type) VALUES ('a8d60914-bf83-4a0e-9f12-daf88453f283', '72315f0b-57d3-4711-8af9-ac2d46a36e2d', 1099098.0, 2025, 'initial');
INSERT INTO financial_operations (id, operation_id, executed_ae, executed_cp, execution_date) VALUES ('b31e31c4-580e-4c18-aa98-b6ed07e67dea', '72315f0b-57d3-4711-8af9-ac2d46a36e2d', 1099098.0, 1083386.0, '2025-04-01');
INSERT INTO operations (id, action_id, wilaya_id, title, year, status, observation) VALUES ('c1b6d977-1ca0-4a29-b136-f9153aa66733', NULL, 'a9cf939b-d85d-4f90-ba99-9b0bb950dffc', 'Opération inconnue', 2025, 'nan', 'En cours / Les gros œuvres achevés/ BET parachèvement suivi marché en voie de dépôt au CMW');
INSERT INTO wilayas (id, code, name) VALUES ('a9cf939b-d85d-4f90-ba99-9b0bb950dffc', '11', 'Tamenrasset');
INSERT INTO engagements (id, operation_id, amount, year, type) VALUES ('c2047b9a-698b-4823-b387-fe9ef5a19ce9', 'c1b6d977-1ca0-4a29-b136-f9153aa66733', 97282.0, 2025, 'initial');
INSERT INTO financial_operations (id, operation_id, executed_ae, executed_cp, execution_date) VALUES ('37872910-fa65-4a07-a9de-f334bf95c5b5', 'c1b6d977-1ca0-4a29-b136-f9153aa66733', 97282.0, 97985.0, '2025-04-01');
INSERT INTO operations (id, action_id, wilaya_id, title, year, status, observation) VALUES ('d12f5ddd-8948-4f51-bf78-238de5a798d5', NULL, '366310f6-57a6-4a07-8ab3-7c2a4e646ea9', 'Opération inconnue', 2025, 'nan', 'Achevée/(exploité) (équip. DAL)');
INSERT INTO wilayas (id, code, name) VALUES ('366310f6-57a6-4a07-8ab3-7c2a4e646ea9', '11', 'Tamenrasset');
INSERT INTO engagements (id, operation_id, amount, year, type) VALUES ('e1c8e93f-dfa1-4f3f-91bb-81b7970d6a23', 'd12f5ddd-8948-4f51-bf78-238de5a798d5', 3761620.0, 2025, 'initial');
INSERT INTO financial_operations (id, operation_id, executed_ae, executed_cp, execution_date) VALUES ('ed00053b-ce00-4ed4-aa3f-f036a0351ffb', 'd12f5ddd-8948-4f51-bf78-238de5a798d5', 3761620.0, 3508425.0, '2025-04-01');
INSERT INTO operations (id, action_id, wilaya_id, title, year, status, observation) VALUES ('ee0c7dea-a361-45dc-9622-bccc5470c16f', NULL, '9c65945c-603a-409d-9767-72e1d0441b6e', 'Opération inconnue', 2025, 'nan', 'En cours / Equipements (DAL)');
INSERT INTO wilayas (id, code, name) VALUES ('9c65945c-603a-409d-9767-72e1d0441b6e', '11', 'Tamenrasset');
INSERT INTO engagements (id, operation_id, amount, year, type) VALUES ('d2da4a90-c576-4977-bfe3-e83853c06187', 'ee0c7dea-a361-45dc-9622-bccc5470c16f', 3116122.0, 2025, 'initial');
INSERT INTO financial_operations (id, operation_id, executed_ae, executed_cp, execution_date) VALUES ('4fe880f5-7b33-4532-8323-0db9047c79ec', 'ee0c7dea-a361-45dc-9622-bccc5470c16f', 3116122.0, 2702312.0, '2025-04-01');
INSERT INTO operations (id, action_id, wilaya_id, title, year, status, observation) VALUES ('eee122c4-1800-4b48-ac7d-13ace1322dd8', NULL, 'e90501b5-8882-44b3-adac-55b6b9d3d23f', 'Opération inconnue', 2025, 'nan', 'En cours / Equipements (DAL)');
INSERT INTO wilayas (id, code, name) VALUES ('e90501b5-8882-44b3-adac-55b6b9d3d23f', '11', 'Tamenrasset');
INSERT INTO engagements (id, operation_id, amount, year, type) VALUES ('b2ba9888-284c-40fa-97d0-a5e651a944e7', 'eee122c4-1800-4b48-ac7d-13ace1322dd8', 3085772.0, 2025, 'initial');
INSERT INTO financial_operations (id, operation_id, executed_ae, executed_cp, execution_date) VALUES ('133b69c2-939e-4eab-bf8e-a216b236c557', 'eee122c4-1800-4b48-ac7d-13ace1322dd8', 3085772.0, 2690245.0, '2025-04-01');
INSERT INTO operations (id, action_id, wilaya_id, title, year, status, observation) VALUES ('90e0c08c-e928-43bc-8e40-5a55e5809f43', NULL, 'ea96bdf4-e9cb-47ca-baae-2c9702bfaf59', 'Opération inconnue', 2025, 'nan', 'En cours / Lot 01 et 06 Achevés / Lots de 02 à 09 et 11 à 16 en cours / Lot 10 "château infructuex');
INSERT INTO wilayas (id, code, name) VALUES ('ea96bdf4-e9cb-47ca-baae-2c9702bfaf59', '11', 'Tamenrasset');
INSERT INTO engagements (id, operation_id, amount, year, type) VALUES ('72b2358f-fc01-4abf-b611-08e556e35d1b', '90e0c08c-e928-43bc-8e40-5a55e5809f43', 1263690.0, 2025, 'initial');
INSERT INTO financial_operations (id, operation_id, executed_ae, executed_cp, execution_date) VALUES ('6c6d7baa-e69c-45af-9f25-4d967f8b6bcd', '90e0c08c-e928-43bc-8e40-5a55e5809f43', 1263690.0, 864750.0, '2025-04-01');
INSERT INTO operations (id, action_id, wilaya_id, title, year, status, observation) VALUES ('2e79c1ed-3093-4a48-affc-ba163249de9b', NULL, '98862da0-0380-4e0b-b43c-7f835c64b4a6', 'Opération inconnue', 2025, 'nan', 'Achevée');
INSERT INTO wilayas (id, code, name) VALUES ('98862da0-0380-4e0b-b43c-7f835c64b4a6', '11', 'Tamenrasset');
INSERT INTO engagements (id, operation_id, amount, year, type) VALUES ('0fc49188-4e2a-427b-bfaa-83476d3950b4', '2e79c1ed-3093-4a48-affc-ba163249de9b', 937279.0, 2025, 'initial');
INSERT INTO financial_operations (id, operation_id, executed_ae, executed_cp, execution_date) VALUES ('484a7878-be83-43fd-b90f-27cbc5954ccd', '2e79c1ed-3093-4a48-affc-ba163249de9b', 937279.0, 936730.0, '2025-04-01');
INSERT INTO operations (id, action_id, wilaya_id, title, year, status, observation) VALUES ('403f280d-7240-454a-9cbb-67740f3d8ba5', NULL, '06441fd3-4f34-4506-adfa-bd2c34ac9cd2', 'Opération inconnue', 2025, 'nan', 'En cours  / A Relancer');
INSERT INTO wilayas (id, code, name) VALUES ('06441fd3-4f34-4506-adfa-bd2c34ac9cd2', '11', 'Tamenrasset');
INSERT INTO engagements (id, operation_id, amount, year, type) VALUES ('a6cf2548-264b-4d14-a17e-54d8a656bda3', '403f280d-7240-454a-9cbb-67740f3d8ba5', 1499412.0, 2025, 'initial');
INSERT INTO financial_operations (id, operation_id, executed_ae, executed_cp, execution_date) VALUES ('511d295b-5951-42ef-a9e2-29b0df673af1', '403f280d-7240-454a-9cbb-67740f3d8ba5', 1499412.0, 442606.0, '2025-04-01');
INSERT INTO operations (id, action_id, wilaya_id, title, year, status, observation) VALUES ('613e075f-ba22-4a68-a393-225399275d15', NULL, 'd5619cfb-f28f-41f7-85c7-cb4afff42404', 'Opération inconnue', 2025, 'nan', 'En cours / Travaux de VRD des lotissements en cours de réalisation');
INSERT INTO wilayas (id, code, name) VALUES ('d5619cfb-f28f-41f7-85c7-cb4afff42404', '11', 'Tamenrasset');
INSERT INTO engagements (id, operation_id, amount, year, type) VALUES ('a70151ff-d44b-45a3-b0a7-2bb3542a5552', '613e075f-ba22-4a68-a393-225399275d15', 1386210.0, 2025, 'initial');
INSERT INTO financial_operations (id, operation_id, executed_ae, executed_cp, execution_date) VALUES ('19dafa88-2398-4aea-bcac-e2563c96b9fd', '613e075f-ba22-4a68-a393-225399275d15', 1386210.0, 1037588.0, '2025-04-01');
INSERT INTO operations (id, action_id, wilaya_id, title, year, status, observation) VALUES ('4f6d0ee8-b733-486d-ad86-8991982b1a1c', NULL, '7cb15fb7-11c3-4df4-93a4-acf67c042ab8', 'Opération inconnue', 2025, 'nan', 'En cours / Reste travaux de protection en cours  ');
INSERT INTO wilayas (id, code, name) VALUES ('7cb15fb7-11c3-4df4-93a4-acf67c042ab8', '11', 'Tamenrasset');
INSERT INTO engagements (id, operation_id, amount, year, type) VALUES ('d305a643-220e-4063-b606-ad35dc6ec780', '4f6d0ee8-b733-486d-ad86-8991982b1a1c', 8811188.0, 2025, 'initial');
INSERT INTO financial_operations (id, operation_id, executed_ae, executed_cp, execution_date) VALUES ('4662e7a5-d8c5-4907-941e-d24c523ddc58', '4f6d0ee8-b733-486d-ad86-8991982b1a1c', 8811188.0, 8007590.0, '2025-04-01');
INSERT INTO operations (id, action_id, wilaya_id, title, year, status, observation) VALUES ('b8228fc7-c74a-417d-8207-8e78f1b15dc9', NULL, '02a19ca0-259d-4405-aa63-3bab821fb477', 'Opération inconnue', 2025, 'nan', 'En cours / reste achévement de lot n° 2 (Gabossa),  ');
INSERT INTO wilayas (id, code, name) VALUES ('02a19ca0-259d-4405-aa63-3bab821fb477', '11', 'Tamenrasset');
INSERT INTO engagements (id, operation_id, amount, year, type) VALUES ('6e0009f5-7942-4404-b2a8-da4f999c17d4', 'b8228fc7-c74a-417d-8207-8e78f1b15dc9', 5784414.0, 2025, 'initial');
INSERT INTO financial_operations (id, operation_id, executed_ae, executed_cp, execution_date) VALUES ('a4af9bcb-e439-4425-acdc-09fad0ba2c0a', 'b8228fc7-c74a-417d-8207-8e78f1b15dc9', 5784414.0, 5190993.0, '2025-04-01');
INSERT INTO operations (id, action_id, wilaya_id, title, year, status, observation) VALUES ('1c573e8a-6dc9-4e00-93cb-3444d5b8f007', NULL, '4a36ac4f-b5c8-44e8-9013-13d8fc02dfd5', 'Opération inconnue', 2025, 'nan', 'En cours');
INSERT INTO wilayas (id, code, name) VALUES ('4a36ac4f-b5c8-44e8-9013-13d8fc02dfd5', '11', 'Tamenrasset');
INSERT INTO engagements (id, operation_id, amount, year, type) VALUES ('7571346f-4afc-4a49-977b-8962d01b3ac9', '1c573e8a-6dc9-4e00-93cb-3444d5b8f007', 5950356.0, 2025, 'initial');
INSERT INTO financial_operations (id, operation_id, executed_ae, executed_cp, execution_date) VALUES ('3f4733b9-017d-4c30-beec-4cb195b15178', '1c573e8a-6dc9-4e00-93cb-3444d5b8f007', 5950356.0, 5522703.0, '2025-04-01');
INSERT INTO operations (id, action_id, wilaya_id, title, year, status, observation) VALUES ('cc7e11f1-cb89-4cd0-a2d2-d1f66b8d864f', NULL, 'c6a3d53d-c9ee-41e9-a606-07e5b46adc36', 'Opération inconnue', 2025, 'nan', 'A clôturer');
INSERT INTO wilayas (id, code, name) VALUES ('c6a3d53d-c9ee-41e9-a606-07e5b46adc36', '11', 'Tamenrasset');
INSERT INTO engagements (id, operation_id, amount, year, type) VALUES ('abe642b7-1c27-4fd8-a80d-7af92aae4043', 'cc7e11f1-cb89-4cd0-a2d2-d1f66b8d864f', 5673108.0, 2025, 'initial');
INSERT INTO financial_operations (id, operation_id, executed_ae, executed_cp, execution_date) VALUES ('91615b06-c6de-4664-9fcc-dd83185dd511', 'cc7e11f1-cb89-4cd0-a2d2-d1f66b8d864f', 5673108.0, 5567592.0, '2025-04-01');
INSERT INTO operations (id, action_id, wilaya_id, title, year, status, observation) VALUES ('ba54549a-2982-49dc-b0a1-f667267d692f', NULL, 'fde576b6-ac3f-4518-a593-2140b1b6c592', 'Opération inconnue', 2025, 'nan', 'En cours / Relancé pour achèvement de 20 km travaux en cours (SARL MAZINE)');
INSERT INTO wilayas (id, code, name) VALUES ('fde576b6-ac3f-4518-a593-2140b1b6c592', '11', 'Tamenrasset');
INSERT INTO engagements (id, operation_id, amount, year, type) VALUES ('d8befed9-cd8b-4414-bcd2-51712fdc90fe', 'ba54549a-2982-49dc-b0a1-f667267d692f', 5037134.0, 2025, 'initial');
INSERT INTO financial_operations (id, operation_id, executed_ae, executed_cp, execution_date) VALUES ('fcb5e38f-c47d-455c-a14c-877ca2b9a9d7', 'ba54549a-2982-49dc-b0a1-f667267d692f', 5037134.0, 4560094.0, '2025-04-01');
INSERT INTO operations (id, action_id, wilaya_id, title, year, status, observation) VALUES ('fadacdd1-693b-4d0d-899f-dd8834373a90', NULL, 'd33514cd-406d-468a-8290-e78362c415cd', 'Opération inconnue', 2025, 'nan', 'En cours');
INSERT INTO wilayas (id, code, name) VALUES ('d33514cd-406d-468a-8290-e78362c415cd', '11', 'Tamenrasset');
INSERT INTO engagements (id, operation_id, amount, year, type) VALUES ('7b507c37-4898-4903-8c2b-5879f70af749', 'fadacdd1-693b-4d0d-899f-dd8834373a90', 4468123.0, 2025, 'initial');
INSERT INTO financial_operations (id, operation_id, executed_ae, executed_cp, execution_date) VALUES ('7191c12b-de0a-4c3f-adc5-724b77f7459e', 'fadacdd1-693b-4d0d-899f-dd8834373a90', 4468123.0, 3594023.0, '2025-04-01');
INSERT INTO operations (id, action_id, wilaya_id, title, year, status, observation) VALUES ('e9437a9f-c6bc-405f-9985-51b612de932e', NULL, '95510e5b-8e4d-4c6a-adee-cfe50d7d2d43', 'Opération inconnue', 2025, 'nan', 'En cours');
INSERT INTO wilayas (id, code, name) VALUES ('95510e5b-8e4d-4c6a-adee-cfe50d7d2d43', '11', 'Tamenrasset');
INSERT INTO engagements (id, operation_id, amount, year, type) VALUES ('216ba751-a2bb-4bee-8cf0-f1d8a3b62bb5', 'e9437a9f-c6bc-405f-9985-51b612de932e', 2588276.0, 2025, 'initial');
INSERT INTO financial_operations (id, operation_id, executed_ae, executed_cp, execution_date) VALUES ('a29520e6-4f24-4a94-ab55-20bfc44c59e2', 'e9437a9f-c6bc-405f-9985-51b612de932e', 2588276.0, 1161857.0, '2025-04-01');
INSERT INTO operations (id, action_id, wilaya_id, title, year, status, observation) VALUES ('461ba928-bea1-4fad-829d-8deffc7147b5', NULL, 'ad16c73e-400b-4b88-a5f3-a643c5a1b103', 'Opération inconnue', 2025, 'nan', 'En cours');
INSERT INTO wilayas (id, code, name) VALUES ('ad16c73e-400b-4b88-a5f3-a643c5a1b103', '11', 'Tamenrasset');
INSERT INTO engagements (id, operation_id, amount, year, type) VALUES ('4515521e-4d87-4d06-a8a2-6407b8f987d6', '461ba928-bea1-4fad-829d-8deffc7147b5', 2593690.0, 2025, 'initial');
INSERT INTO financial_operations (id, operation_id, executed_ae, executed_cp, execution_date) VALUES ('4a375b43-1046-4e85-b49b-791a5ab23d02', '461ba928-bea1-4fad-829d-8deffc7147b5', 2593690.0, 2079365.0, '2025-04-01');
INSERT INTO operations (id, action_id, wilaya_id, title, year, status, observation) VALUES ('a80e90e4-43bf-4bed-a70f-93c3b3a3762b', NULL, '18ed0b03-f2fa-4d7b-9226-bdb3a026ecee', 'Opération inconnue', 2025, 'nan', 'En cours');
INSERT INTO wilayas (id, code, name) VALUES ('18ed0b03-f2fa-4d7b-9226-bdb3a026ecee', '11', 'Tamenrasset');
INSERT INTO engagements (id, operation_id, amount, year, type) VALUES ('6a07cfd1-0cdd-4794-ac2c-7f0e9bbb26ba', 'a80e90e4-43bf-4bed-a70f-93c3b3a3762b', 1553148.0, 2025, 'initial');
INSERT INTO financial_operations (id, operation_id, executed_ae, executed_cp, execution_date) VALUES ('9f8015ea-0bd5-4556-9da3-85d11415a9df', 'a80e90e4-43bf-4bed-a70f-93c3b3a3762b', 1553148.0, 433584.0, '2025-04-01');
INSERT INTO operations (id, action_id, wilaya_id, title, year, status, observation) VALUES ('4b03527b-cc91-4cd0-bb9c-b87369a5de51', NULL, 'f5941b9a-a2a7-4c0b-abcc-9a03bd307a34', 'Opération inconnue', 2025, 'nan', 'En cours');
INSERT INTO wilayas (id, code, name) VALUES ('f5941b9a-a2a7-4c0b-abcc-9a03bd307a34', '11', 'Tamenrasset');
INSERT INTO engagements (id, operation_id, amount, year, type) VALUES ('a4328465-29f9-47e7-9fab-9bdef150fd9e', '4b03527b-cc91-4cd0-bb9c-b87369a5de51', 546582.0, 2025, 'initial');
INSERT INTO financial_operations (id, operation_id, executed_ae, executed_cp, execution_date) VALUES ('12ea6729-6282-4c85-8f68-e05489bbb68b', '4b03527b-cc91-4cd0-bb9c-b87369a5de51', 546582.0, 1246965.0, '2025-04-01');
INSERT INTO operations (id, action_id, wilaya_id, title, year, status, observation) VALUES ('c9adb365-f9d2-4c0a-aa95-7b3563e298af', NULL, 'e80db6d5-d678-4908-9a69-a8c96eb30e06', 'Opération inconnue', 2025, 'nan', 'En cours / Reste passerelle à côté de l’université( marché résilié en cours de lancement 3ème fois) ');
INSERT INTO wilayas (id, code, name) VALUES ('e80db6d5-d678-4908-9a69-a8c96eb30e06', '11', 'Tamenrasset');
INSERT INTO engagements (id, operation_id, amount, year, type) VALUES ('60575475-00c9-4b69-b0e2-4636e86de0c5', 'c9adb365-f9d2-4c0a-aa95-7b3563e298af', 1503482.0, 2025, 'initial');
INSERT INTO financial_operations (id, operation_id, executed_ae, executed_cp, execution_date) VALUES ('de89306d-32fa-450a-99ba-2bee69d40f9f', 'c9adb365-f9d2-4c0a-aa95-7b3563e298af', 1503482.0, 1435574.0, '2025-04-01');
INSERT INTO operations (id, action_id, wilaya_id, title, year, status, observation) VALUES ('f552af7a-e8b4-4f97-8006-d6a1e4ef5cdf', NULL, '6b6fe0e0-d63c-42cd-a4af-3f9d29621a0c', 'Opération inconnue', 2025, 'nan', 'En cours / Travaux lot n°01 achevés / Reste travaux lots 02 et 03 après l''autorisation des services exploitants');
INSERT INTO wilayas (id, code, name) VALUES ('6b6fe0e0-d63c-42cd-a4af-3f9d29621a0c', '11', 'Tamenrasset');
INSERT INTO engagements (id, operation_id, amount, year, type) VALUES ('12e87853-22ad-4c61-88a4-fcd0036c4cf7', 'f552af7a-e8b4-4f97-8006-d6a1e4ef5cdf', 154084.0, 2025, 'initial');
INSERT INTO financial_operations (id, operation_id, executed_ae, executed_cp, execution_date) VALUES ('5ec8ffa4-919e-479c-aa5d-b8d8bfa2ad7d', 'f552af7a-e8b4-4f97-8006-d6a1e4ef5cdf', 154084.0, 153812.0, '2025-04-01');
INSERT INTO operations (id, action_id, wilaya_id, title, year, status, observation) VALUES ('e4df152a-570a-4c5a-aac4-507ca36e3493', NULL, '80f95af0-7c03-4b8e-98db-972254a24f5c', 'Opération inconnue', 2025, 'nan', 'En cours / Reste reprofilage des chaussés en cours');
INSERT INTO wilayas (id, code, name) VALUES ('80f95af0-7c03-4b8e-98db-972254a24f5c', '11', 'Tamenrasset');
INSERT INTO engagements (id, operation_id, amount, year, type) VALUES ('f9a9f055-2845-46b1-8e45-e60d770d4a2e', 'e4df152a-570a-4c5a-aac4-507ca36e3493', 2548470.0, 2025, 'initial');
INSERT INTO financial_operations (id, operation_id, executed_ae, executed_cp, execution_date) VALUES ('622cc44c-beb9-4762-85ee-e07e431394f4', 'e4df152a-570a-4c5a-aac4-507ca36e3493', 2548470.0, 3807750.0, '2025-04-01');
INSERT INTO operations (id, action_id, wilaya_id, title, year, status, observation) VALUES ('1d8309b0-d092-4ec9-a0f6-0ee28fa0a0fb', NULL, '0b28ced9-fbbc-49e4-ba5c-f644293760d1', 'Opération inconnue', 2025, 'nan', 'Realisation     :en cours de leve de reserve et la reception       /  équipements (  2eme avis d''appel  lance  )    /  équipements receptienne ( les lots 01-02-03-04-05-06-07-08-09-10-11-12-13-16-17-18-19-20-21-22-23)  /  ( lot  15)   en cours de livraison ');
INSERT INTO wilayas (id, code, name) VALUES ('0b28ced9-fbbc-49e4-ba5c-f644293760d1', '11', 'Tamenrasset');
INSERT INTO engagements (id, operation_id, amount, year, type) VALUES ('dca64bd2-6a86-4243-9dac-c4797d156508', '1d8309b0-d092-4ec9-a0f6-0ee28fa0a0fb', 8019567.0, 2025, 'initial');
INSERT INTO financial_operations (id, operation_id, executed_ae, executed_cp, execution_date) VALUES ('b7bd48f9-bc49-42ec-886f-df4b3de74d82', '1d8309b0-d092-4ec9-a0f6-0ee28fa0a0fb', 8019567.0, 6808093.0, '2025-04-01');
INSERT INTO operations (id, action_id, wilaya_id, title, year, status, observation) VALUES ('be10e972-08e7-473c-be22-6b975ddba083', NULL, 'f98496ed-64ef-47ea-a610-51ed3901856a', 'Opération inconnue', 2025, 'nan', 'Equipement  ( Une lot reste:  lot N°16  -  relancer le : 15/12/2024  )             / Réalisation :   les lots  N° 18 -19-20 Réceptionnés   /    Lot N° 21 : Relance et Attribue Le : 25/12/2024');
INSERT INTO wilayas (id, code, name) VALUES ('f98496ed-64ef-47ea-a610-51ed3901856a', '11', 'Tamenrasset');
INSERT INTO engagements (id, operation_id, amount, year, type) VALUES ('bd60dd52-b71a-434d-b7be-8b7b43b5b4c6', 'be10e972-08e7-473c-be22-6b975ddba083', 1051254.0, 2025, 'initial');
INSERT INTO financial_operations (id, operation_id, executed_ae, executed_cp, execution_date) VALUES ('e56a077d-4443-43d7-a470-dcf2f215ccdd', 'be10e972-08e7-473c-be22-6b975ddba083', 1051254.0, 1048651.0, '2025-04-01');
INSERT INTO operations (id, action_id, wilaya_id, title, year, status, observation) VALUES ('1c8d925d-4fef-4da3-9593-2b3c145ac750', NULL, '41738165-f254-4b7e-9fca-2466af1788e7', 'Opération inconnue', 2025, 'nan', 'En cours');
INSERT INTO wilayas (id, code, name) VALUES ('41738165-f254-4b7e-9fca-2466af1788e7', '11', 'Tamenrasset');
INSERT INTO engagements (id, operation_id, amount, year, type) VALUES ('9ce0d031-1478-4763-bba4-f97480820fd8', '1c8d925d-4fef-4da3-9593-2b3c145ac750', 2423038.0, 2025, 'initial');
INSERT INTO financial_operations (id, operation_id, executed_ae, executed_cp, execution_date) VALUES ('0d268589-6275-4d18-b3f1-fad0fc71cfa9', '1c8d925d-4fef-4da3-9593-2b3c145ac750', 2423038.0, 255057.0, '2025-04-01');
INSERT INTO operations (id, action_id, wilaya_id, title, year, status, observation) VALUES ('8839eb7b-0b94-4cde-b76d-c1da7b4ba745', NULL, '63325fb6-078d-410d-85c7-25d7bdb73630', 'Opération inconnue', 2025, 'nan', 'Résiliation du contrat de réalisation En cours d''annonce de marché ');
INSERT INTO wilayas (id, code, name) VALUES ('63325fb6-078d-410d-85c7-25d7bdb73630', '53', 'In Salah');
INSERT INTO engagements (id, operation_id, amount, year, type) VALUES ('dd0e3f0c-32fd-4407-aba4-f35fc145d362', '8839eb7b-0b94-4cde-b76d-c1da7b4ba745', 952310.0, 2025, 'initial');
INSERT INTO financial_operations (id, operation_id, executed_ae, executed_cp, execution_date) VALUES ('92098d03-0cb5-439f-914f-311de10a753f', '8839eb7b-0b94-4cde-b76d-c1da7b4ba745', 952310.0, 35051.0, '2025-04-01');
INSERT INTO operations (id, action_id, wilaya_id, title, year, status, observation) VALUES ('b8a001ed-9443-4c56-875b-e921d3143063', NULL, '53bf4e6d-facb-4643-8e05-637198adad2e', 'Opération inconnue', 2025, 'nan', 'Achèvement des travaux en cours aménagement et equipement ');
INSERT INTO wilayas (id, code, name) VALUES ('53bf4e6d-facb-4643-8e05-637198adad2e', '53', 'In Salah');
INSERT INTO engagements (id, operation_id, amount, year, type) VALUES ('3b66a3ea-64ce-4bf9-b704-f52cdca40b1c', 'b8a001ed-9443-4c56-875b-e921d3143063', 3582369.0, 2025, 'initial');
INSERT INTO financial_operations (id, operation_id, executed_ae, executed_cp, execution_date) VALUES ('6f5f9075-ef16-4af7-8312-33419d561b21', 'b8a001ed-9443-4c56-875b-e921d3143063', 3582369.0, 2875349.0, '2025-04-01');
INSERT INTO operations (id, action_id, wilaya_id, title, year, status, observation) VALUES ('9eab5b9b-cd7b-454c-a3a5-26e124fe14db', NULL, 'b214493a-c6c9-4edd-9a6e-6360111f2c5e', 'Opération inconnue', 2025, 'nan', 'Etude en cours');
INSERT INTO wilayas (id, code, name) VALUES ('b214493a-c6c9-4edd-9a6e-6360111f2c5e', '54', 'In Guezzam');
INSERT INTO engagements (id, operation_id, amount, year, type) VALUES ('f6bf864b-b02d-4586-ac13-3cadb94ffcf4', '9eab5b9b-cd7b-454c-a3a5-26e124fe14db', 316000.0, 2025, 'initial');
INSERT INTO financial_operations (id, operation_id, executed_ae, executed_cp, execution_date) VALUES ('41d73c54-e018-4e79-947f-f50b630f98bd', '9eab5b9b-cd7b-454c-a3a5-26e124fe14db', 316000.0, 14175.0, '2025-04-01');
INSERT INTO operations (id, action_id, wilaya_id, title, year, status, observation) VALUES ('de22dcab-7beb-444b-82b6-a6db365ec034', NULL, '8c246d4b-42e9-4c1d-8e55-4a311a68e6b9', 'Opération inconnue', 2025, 'nan', 'Etude en cours');
INSERT INTO wilayas (id, code, name) VALUES ('8c246d4b-42e9-4c1d-8e55-4a311a68e6b9', '54', 'In Guezzam');
INSERT INTO engagements (id, operation_id, amount, year, type) VALUES ('f9f8238e-30f9-49a3-bf3d-3bbf6da8521f', 'de22dcab-7beb-444b-82b6-a6db365ec034', 316000.0, 2025, 'initial');
INSERT INTO financial_operations (id, operation_id, executed_ae, executed_cp, execution_date) VALUES ('548687b1-1779-4ea7-ae2e-ed4ece1184b1', 'de22dcab-7beb-444b-82b6-a6db365ec034', 316000.0, 14175.0, '2025-04-01');
INSERT INTO operations (id, action_id, wilaya_id, title, year, status, observation) VALUES ('2f4a58da-722a-434e-a983-6834f9da647f', NULL, 'a77efdad-496a-492d-b4f7-423d0994799a', 'Opération inconnue', 2025, 'nan', 'En cours');
INSERT INTO wilayas (id, code, name) VALUES ('a77efdad-496a-492d-b4f7-423d0994799a', '54', 'In Guezzam');
INSERT INTO engagements (id, operation_id, amount, year, type) VALUES ('e1944f22-e8a4-40b0-8972-03af650125d7', '2f4a58da-722a-434e-a983-6834f9da647f', 3489957.0, 2025, 'initial');
INSERT INTO financial_operations (id, operation_id, executed_ae, executed_cp, execution_date) VALUES ('bc4ff14c-bc29-49d0-b173-522012c6b135', '2f4a58da-722a-434e-a983-6834f9da647f', 3489957.0, 3457138.0, '2025-04-01');
INSERT INTO operations (id, action_id, wilaya_id, title, year, status, observation) VALUES ('3c7dd328-667d-4084-b63a-0fd352fd41a0', NULL, '5168ce52-34b3-41ca-a71b-5fd64b187112', 'Opération inconnue', 2025, 'nan', 'En cours de réalisation');
INSERT INTO wilayas (id, code, name) VALUES ('5168ce52-34b3-41ca-a71b-5fd64b187112', '54', 'In Guezzam');
INSERT INTO engagements (id, operation_id, amount, year, type) VALUES ('c8698971-5d3d-428f-afb6-43826e5258d7', '3c7dd328-667d-4084-b63a-0fd352fd41a0', 4129532.0, 2025, 'initial');
INSERT INTO financial_operations (id, operation_id, executed_ae, executed_cp, execution_date) VALUES ('cc71537e-b00a-445d-aebd-5302d08510fa', '3c7dd328-667d-4084-b63a-0fd352fd41a0', 4129532.0, 2473550.0, '2025-04-01');
INSERT INTO operations (id, action_id, wilaya_id, title, year, status, observation) VALUES ('087f671e-1eb8-4606-93b5-719952c3650f', NULL, '1b9506ac-201c-4a17-bc40-697a91aadd8b', 'Opération inconnue', 2025, 'nan', 'En cours de réalisation');
INSERT INTO wilayas (id, code, name) VALUES ('1b9506ac-201c-4a17-bc40-697a91aadd8b', '54', 'In Guezzam');
INSERT INTO engagements (id, operation_id, amount, year, type) VALUES ('66ebb482-0692-4a6f-a6b5-e3880280e2ff', '087f671e-1eb8-4606-93b5-719952c3650f', 2433650.0, 2025, 'initial');
INSERT INTO financial_operations (id, operation_id, executed_ae, executed_cp, execution_date) VALUES ('b6f23ed0-5d12-4bd9-88cb-8f95a73e9389', '087f671e-1eb8-4606-93b5-719952c3650f', 2433650.0, 1055438.0, '2025-04-01');
INSERT INTO operations (id, action_id, wilaya_id, title, year, status, observation) VALUES ('ab5ebce8-0298-49ea-abd7-18aa36c869b0', NULL, '90b668bf-4dc6-465c-8b10-092e4426db95', 'Opération inconnue', 2025, 'nan', 'En cours de réalisation');
INSERT INTO wilayas (id, code, name) VALUES ('90b668bf-4dc6-465c-8b10-092e4426db95', '54', 'In Guezzam');
INSERT INTO engagements (id, operation_id, amount, year, type) VALUES ('d470db1f-a44b-45ba-b4a9-b33263becaca', 'ab5ebce8-0298-49ea-abd7-18aa36c869b0', 1267672.0, 2025, 'initial');
INSERT INTO financial_operations (id, operation_id, executed_ae, executed_cp, execution_date) VALUES ('b7a34fa0-6114-498f-8547-eeea47b84987', 'ab5ebce8-0298-49ea-abd7-18aa36c869b0', 1267672.0, 252574.0, '2025-04-01');
INSERT INTO operations (id, action_id, wilaya_id, title, year, status, observation) VALUES ('cbccaac1-e229-4177-95a7-393ac08a3fc7', NULL, 'c94809fa-1d19-4f44-88d9-c58006936b68', 'Opération inconnue', 2025, 'nan', 'En cours');
INSERT INTO wilayas (id, code, name) VALUES ('c94809fa-1d19-4f44-88d9-c58006936b68', '54', 'In Guezzam');
INSERT INTO engagements (id, operation_id, amount, year, type) VALUES ('1d716f73-3259-4f64-8fb9-95261ea14cfd', 'cbccaac1-e229-4177-95a7-393ac08a3fc7', 2086576.0, 2025, 'initial');
INSERT INTO financial_operations (id, operation_id, executed_ae, executed_cp, execution_date) VALUES ('b4d2e367-7ebb-4dae-8d1c-963d86b1b996', 'cbccaac1-e229-4177-95a7-393ac08a3fc7', 2086576.0, 1590937.0, '2025-04-01');
INSERT INTO operations (id, action_id, wilaya_id, title, year, status, observation) VALUES ('f7580b59-0c54-461f-a8aa-2dca3a837f3e', NULL, 'a0dfab5d-cdd1-4bb3-a72e-fc33098a71e8', 'Opération inconnue', 2025, 'nan', 'En cours');
INSERT INTO wilayas (id, code, name) VALUES ('a0dfab5d-cdd1-4bb3-a72e-fc33098a71e8', '54', 'In Guezzam');
INSERT INTO engagements (id, operation_id, amount, year, type) VALUES ('9502b891-6177-4bd3-8d46-873f03aed3f5', 'f7580b59-0c54-461f-a8aa-2dca3a837f3e', 2256481.0, 2025, 'initial');
INSERT INTO financial_operations (id, operation_id, executed_ae, executed_cp, execution_date) VALUES ('a3689122-6746-46e8-928a-1f9172f7c90d', 'f7580b59-0c54-461f-a8aa-2dca3a837f3e', 2256481.0, 680509.0, '2025-04-01');
INSERT INTO operations (id, action_id, wilaya_id, title, year, status, observation) VALUES ('2b0caeb5-128c-4cf3-b6a8-7697d9c55680', NULL, '40f34684-f96e-404c-a1a4-1aac8cdd0e04', 'Opération inconnue', 2025, 'nan', 'Travaux en cours');
INSERT INTO wilayas (id, code, name) VALUES ('40f34684-f96e-404c-a1a4-1aac8cdd0e04', '54', 'In Guezzam');
INSERT INTO engagements (id, operation_id, amount, year, type) VALUES ('b2f4ab6d-7d7d-4584-9570-fbb4cd3b884b', '2b0caeb5-128c-4cf3-b6a8-7697d9c55680', 992738.0, 2025, 'initial');
INSERT INTO financial_operations (id, operation_id, executed_ae, executed_cp, execution_date) VALUES ('18a13753-b36b-4539-9f76-8c95fbd3cb02', '2b0caeb5-128c-4cf3-b6a8-7697d9c55680', 992738.0, 872769.0, '2025-04-01');
INSERT INTO operations (id, action_id, wilaya_id, title, year, status, observation) VALUES ('11d4743c-311b-4cca-befe-a4203d2aebf8', NULL, 'a960046b-f5ad-41b8-946e-c0568a906d41', 'Opération inconnue', 2025, 'nan', 'réevaluée en 2025 pour  une AE= 560 000 000
');
INSERT INTO wilayas (id, code, name) VALUES ('a960046b-f5ad-41b8-946e-c0568a906d41', '30', 'Ouargla');
INSERT INTO engagements (id, operation_id, amount, year, type) VALUES ('abb839a8-2306-4ddf-bf3a-518d968c6c88', '11d4743c-311b-4cca-befe-a4203d2aebf8', 0.0, 2025, 'initial');
INSERT INTO financial_operations (id, operation_id, executed_ae, executed_cp, execution_date) VALUES ('a38b1e4d-e15a-4735-9d57-1c0e4b4a30db', '11d4743c-311b-4cca-befe-a4203d2aebf8', 0.0, 0.0, '2025-04-01');
INSERT INTO operations (id, action_id, wilaya_id, title, year, status, observation) VALUES ('ae1cde69-e546-43aa-924e-08b8c5c8d202', NULL, '1aa8a12e-d6cf-4912-811f-30cd836ec7c0', 'Opération inconnue', 2025, 'nan', 'Programme complémentaire Gérée Par le Wali comme ordonnateur territoriale');
INSERT INTO wilayas (id, code, name) VALUES ('1aa8a12e-d6cf-4912-811f-30cd836ec7c0', '30', 'Ouargla');
INSERT INTO engagements (id, operation_id, amount, year, type) VALUES ('68035510-8d8b-40a3-9e18-ad03c38be301', 'ae1cde69-e546-43aa-924e-08b8c5c8d202', 1340297.0, 2025, 'initial');
INSERT INTO financial_operations (id, operation_id, executed_ae, executed_cp, execution_date) VALUES ('2d4e2e64-4205-434d-a8e8-98900aa53c5c', 'ae1cde69-e546-43aa-924e-08b8c5c8d202', 1340297.0, 110312.95575, '2025-04-01');
INSERT INTO operations (id, action_id, wilaya_id, title, year, status, observation) VALUES ('de9f8994-d03d-4775-a7d7-b297ae59c82f', NULL, 'eef6e698-b31a-423f-89ae-bdbacf35b29e', 'Opération inconnue', 2025, 'nan', 'En attente des actes de gestion  visés');
INSERT INTO wilayas (id, code, name) VALUES ('eef6e698-b31a-423f-89ae-bdbacf35b29e', '30', 'Ouargla');
INSERT INTO engagements (id, operation_id, amount, year, type) VALUES ('c0f71e48-972a-492f-8b1c-a8fc1cab0594', 'de9f8994-d03d-4775-a7d7-b297ae59c82f', 0.0, 2025, 'initial');
INSERT INTO financial_operations (id, operation_id, executed_ae, executed_cp, execution_date) VALUES ('0f9fcd3c-0c47-4a27-9356-c5c2d99ba5ab', 'de9f8994-d03d-4775-a7d7-b297ae59c82f', 0.0, 0.0, '2025-04-01');
INSERT INTO operations (id, action_id, wilaya_id, title, year, status, observation) VALUES ('966aa6ae-c3b1-4a7e-83b5-34c7de3df527', NULL, '44623444-096b-40f2-b2fa-3474329b69fe', 'Opération inconnue', 2025, 'nan', 'en cours');
INSERT INTO wilayas (id, code, name) VALUES ('44623444-096b-40f2-b2fa-3474329b69fe', '30', 'Ouargla');
INSERT INTO engagements (id, operation_id, amount, year, type) VALUES ('a416d2fa-af25-4ab6-bf7a-bfca14152401', '966aa6ae-c3b1-4a7e-83b5-34c7de3df527', 1532734.518, 2025, 'initial');
INSERT INTO financial_operations (id, operation_id, executed_ae, executed_cp, execution_date) VALUES ('89eb0b4a-229d-4de9-a4d1-728f72a944db', '966aa6ae-c3b1-4a7e-83b5-34c7de3df527', 1532734.518, 246112.16752000002, '2025-04-01');
INSERT INTO operations (id, action_id, wilaya_id, title, year, status, observation) VALUES ('a49ffa0d-16dc-4c6a-915c-c1d36f3266e8', NULL, '5f30273f-fe2c-4189-8b4b-22a7ab4465d7', 'Opération inconnue', 2025, 'nan', 'Non lancé');
INSERT INTO wilayas (id, code, name) VALUES ('5f30273f-fe2c-4189-8b4b-22a7ab4465d7', '30', 'Ouargla');
INSERT INTO engagements (id, operation_id, amount, year, type) VALUES ('509430db-202f-4bdb-b66c-739a3b596042', 'a49ffa0d-16dc-4c6a-915c-c1d36f3266e8', 0.0, 2025, 'initial');
INSERT INTO financial_operations (id, operation_id, executed_ae, executed_cp, execution_date) VALUES ('cfebf494-0e50-4125-9ae0-c36d670eee51', 'a49ffa0d-16dc-4c6a-915c-c1d36f3266e8', 0.0, 0.0, '2025-04-01');
INSERT INTO operations (id, action_id, wilaya_id, title, year, status, observation) VALUES ('2274286d-ef1f-4c38-a493-4d04bbc6ec53', NULL, '91746732-f020-416e-80a5-fb8c3bf0a00c', 'Opération inconnue', 2025, 'nan', 'Non lancé');
INSERT INTO wilayas (id, code, name) VALUES ('91746732-f020-416e-80a5-fb8c3bf0a00c', '30', 'Ouargla');
INSERT INTO engagements (id, operation_id, amount, year, type) VALUES ('0a8b91cb-6b83-423c-8618-df0ff723ca04', '2274286d-ef1f-4c38-a493-4d04bbc6ec53', 383082.27173000004, 2025, 'initial');
INSERT INTO financial_operations (id, operation_id, executed_ae, executed_cp, execution_date) VALUES ('7d083c7b-78d6-46e4-858c-bedd69b1fba3', '2274286d-ef1f-4c38-a493-4d04bbc6ec53', 383082.27173000004, 383082.27173000004, '2025-04-01');
INSERT INTO operations (id, action_id, wilaya_id, title, year, status, observation) VALUES ('8aede706-3d48-4782-a700-ae57a50dec0e', NULL, '49ec5f1c-2120-421d-bad2-74c4b667e3e7', 'Opération inconnue', 2025, 'nan', 'Etp retenue après 2ème AAO, projet de marché à déposer au niveau du comité sectoriel des marchés publics.');
INSERT INTO wilayas (id, code, name) VALUES ('49ec5f1c-2120-421d-bad2-74c4b667e3e7', '55', 'Tougourt');
INSERT INTO engagements (id, operation_id, amount, year, type) VALUES ('480f4d16-59ea-40c5-84f6-976fa07477ca', '8aede706-3d48-4782-a700-ae57a50dec0e', 9659.0, 2025, 'initial');
INSERT INTO financial_operations (id, operation_id, executed_ae, executed_cp, execution_date) VALUES ('aa13e5e6-5e48-41b3-968d-c6abb0712c0e', '8aede706-3d48-4782-a700-ae57a50dec0e', 9659.0, 0.0, '2025-04-01');
INSERT INTO operations (id, action_id, wilaya_id, title, year, status, observation) VALUES ('47c9b165-556e-4690-804e-ef9c1e65541e', NULL, '5196a7d2-650d-4c1b-800d-4a10b5ebedc1', 'Opération inconnue', 2025, 'nan', 'Notifiée en 2025.
Opération confie à SONELGAZ de gré à gré (en phase d''étude afin d''établir les marchés).');
INSERT INTO wilayas (id, code, name) VALUES ('5196a7d2-650d-4c1b-800d-4a10b5ebedc1', '55', 'Tougourt');
INSERT INTO engagements (id, operation_id, amount, year, type) VALUES ('8a15733e-3c64-4c54-b6ba-95034b2def3b', '47c9b165-556e-4690-804e-ef9c1e65541e', 0.0, 2025, 'initial');
INSERT INTO financial_operations (id, operation_id, executed_ae, executed_cp, execution_date) VALUES ('33abd26f-d960-40b4-a394-4d6a2ca7f398', '47c9b165-556e-4690-804e-ef9c1e65541e', 0.0, 0.0, '2025-04-01');
INSERT INTO operations (id, action_id, wilaya_id, title, year, status, observation) VALUES ('1fee8981-138d-435b-b052-aa085c146e06', NULL, '40a111fa-695d-47a3-8962-fa76df117177', 'Opération inconnue', 2025, 'nan', 'nan');
INSERT INTO wilayas (id, code, name) VALUES ('40a111fa-695d-47a3-8962-fa76df117177', '55', 'Tougourt');
INSERT INTO engagements (id, operation_id, amount, year, type) VALUES ('35daaf77-2b4b-4cb3-b70d-40f8f1af9cba', '1fee8981-138d-435b-b052-aa085c146e06', 831205.0, 2025, 'initial');
INSERT INTO financial_operations (id, operation_id, executed_ae, executed_cp, execution_date) VALUES ('1b70851a-d908-4dbd-934e-9fac1b4a2cf4', '1fee8981-138d-435b-b052-aa085c146e06', 831205.0, 132263.0, '2025-04-01');
INSERT INTO operations (id, action_id, wilaya_id, title, year, status, observation) VALUES ('4729dc04-bd82-4c8c-a690-dcca37e7ef61', NULL, '0a49432f-f280-4744-8e0b-cc52afb502f0', 'Opération inconnue', 2025, 'nan', 'nan');
INSERT INTO wilayas (id, code, name) VALUES ('0a49432f-f280-4744-8e0b-cc52afb502f0', '55', 'Tougourt');
INSERT INTO engagements (id, operation_id, amount, year, type) VALUES ('51b32414-43b7-429c-92e5-15bbffaa2f43', '4729dc04-bd82-4c8c-a690-dcca37e7ef61', 1115390.0, 2025, 'initial');
INSERT INTO financial_operations (id, operation_id, executed_ae, executed_cp, execution_date) VALUES ('063b1ab1-e463-4ee6-b033-9948be8502ce', '4729dc04-bd82-4c8c-a690-dcca37e7ef61', 1115390.0, 182858.0, '2025-04-01');
INSERT INTO operations (id, action_id, wilaya_id, title, year, status, observation) VALUES ('2dd027b1-28bc-477b-ace0-ef30010dd480', NULL, '4b054a07-8261-46c1-bc40-4f6c746e9075', 'Opération inconnue', 2025, 'nan', 'nan');
INSERT INTO wilayas (id, code, name) VALUES ('4b054a07-8261-46c1-bc40-4f6c746e9075', '55', 'Tougourt');
INSERT INTO engagements (id, operation_id, amount, year, type) VALUES ('10a595b2-0c7d-45d0-962f-0be12a8d02be', '2dd027b1-28bc-477b-ace0-ef30010dd480', 1898529.0, 2025, 'initial');
INSERT INTO financial_operations (id, operation_id, executed_ae, executed_cp, execution_date) VALUES ('6683aff1-d4b3-4811-833a-f41169405862', '2dd027b1-28bc-477b-ace0-ef30010dd480', 1898529.0, 423981.0, '2025-04-01');
INSERT INTO operations (id, action_id, wilaya_id, title, year, status, observation) VALUES ('80c1f371-8da2-4dc1-9ef3-1c42e2f09d3a', NULL, '168b99f2-2c3f-4b2f-8c1c-3e44eb35e51b', 'Opération inconnue', 2025, 'nan', 'Notifiée en 2025.
AAO lancée en lots séparés: un lot attribué et le marché en cours d''élaboration, le 2ème lot déclaré infructueux.');
INSERT INTO wilayas (id, code, name) VALUES ('168b99f2-2c3f-4b2f-8c1c-3e44eb35e51b', '55', 'Tougourt');
INSERT INTO engagements (id, operation_id, amount, year, type) VALUES ('9fe0fd7f-1a6f-4892-bd99-0fd230e013bf', '80c1f371-8da2-4dc1-9ef3-1c42e2f09d3a', 0.0, 2025, 'initial');
INSERT INTO financial_operations (id, operation_id, executed_ae, executed_cp, execution_date) VALUES ('5afc5ba4-3b19-42e7-a638-aceb1c978def', '80c1f371-8da2-4dc1-9ef3-1c42e2f09d3a', 0.0, 0.0, '2025-04-01');
INSERT INTO operations (id, action_id, wilaya_id, title, year, status, observation) VALUES ('65ad9c16-d1b3-4b09-9ade-a8701f255dd5', NULL, '33e27fc9-2e42-4fc3-8fdf-985c17c5dcd8', 'Opération inconnue', 2025, 'nan', 'En Cours');
INSERT INTO wilayas (id, code, name) VALUES ('33e27fc9-2e42-4fc3-8fdf-985c17c5dcd8', '39', 'El Oued');
INSERT INTO engagements (id, operation_id, amount, year, type) VALUES ('aea8c6d1-eabb-4621-a184-f0fa4bff5611', '65ad9c16-d1b3-4b09-9ade-a8701f255dd5', 197000.0, 2025, 'initial');
INSERT INTO financial_operations (id, operation_id, executed_ae, executed_cp, execution_date) VALUES ('776f8844-55a4-4f79-96bc-c8f168307717', '65ad9c16-d1b3-4b09-9ade-a8701f255dd5', 197000.0, 196830.0, '2025-04-01');
INSERT INTO operations (id, action_id, wilaya_id, title, year, status, observation) VALUES ('4f1aa7ad-0523-458e-8447-5ff0a9733e87', NULL, '906d9039-8df9-4249-9ffc-0d8bdf5f3a4e', 'Opération inconnue', 2025, 'nan', 'Etude achevée');
INSERT INTO wilayas (id, code, name) VALUES ('906d9039-8df9-4249-9ffc-0d8bdf5f3a4e', '39', 'El Oued');
INSERT INTO engagements (id, operation_id, amount, year, type) VALUES ('74d3ceee-a32c-49eb-8255-41aa4bc361a7', '4f1aa7ad-0523-458e-8447-5ff0a9733e87', 2683462.0, 2025, 'initial');
INSERT INTO financial_operations (id, operation_id, executed_ae, executed_cp, execution_date) VALUES ('9192b105-ab13-43f9-8676-64b4efcb9651', '4f1aa7ad-0523-458e-8447-5ff0a9733e87', 2683462.0, 386508.0709, '2025-04-01');
INSERT INTO operations (id, action_id, wilaya_id, title, year, status, observation) VALUES ('a1172cb3-d349-4766-8c23-52cb4ebfb9e1', NULL, 'ca2c173b-e9a2-4ad8-8dd6-350779081e9b', 'Opération inconnue', 2025, 'nan', 'Non inscrite');
INSERT INTO wilayas (id, code, name) VALUES ('ca2c173b-e9a2-4ad8-8dd6-350779081e9b', '57', 'El Maghair');
INSERT INTO engagements (id, operation_id, amount, year, type) VALUES ('98b739a8-e5c3-4902-bfad-62382cd2ceeb', 'a1172cb3-d349-4766-8c23-52cb4ebfb9e1', NULL, 2025, 'initial');
INSERT INTO financial_operations (id, operation_id, executed_ae, executed_cp, execution_date) VALUES ('9eea06b8-a8a8-4535-bb13-c3435171b65e', 'a1172cb3-d349-4766-8c23-52cb4ebfb9e1', NULL, NULL, '2025-04-01');
INSERT INTO operations (id, action_id, wilaya_id, title, year, status, observation) VALUES ('12f018e0-5c33-4158-9ddc-fbb4534aa853', NULL, '74505674-281b-4aa6-adb7-48a6ceb82942', 'Opération inconnue', 2025, 'nan', ' En cours
 (Gestion de wilaya) 
');
INSERT INTO wilayas (id, code, name) VALUES ('74505674-281b-4aa6-adb7-48a6ceb82942', '57', 'El Maghair');
INSERT INTO engagements (id, operation_id, amount, year, type) VALUES ('c6a1cb79-a475-4ee6-8e29-7d980c54bd12', '12f018e0-5c33-4158-9ddc-fbb4534aa853', 982474.0, 2025, 'initial');
INSERT INTO financial_operations (id, operation_id, executed_ae, executed_cp, execution_date) VALUES ('172565f0-82f3-4193-a481-eb5b48b04c57', '12f018e0-5c33-4158-9ddc-fbb4534aa853', 982474.0, 117956.0, '2025-04-01');
INSERT INTO operations (id, action_id, wilaya_id, title, year, status, observation) VALUES ('f68ad987-f4b4-46cf-9db5-35d8d1128648', NULL, '477dafeb-e738-4884-80d5-a423b94da5e9', 'Opération inconnue', 2025, 'nan', ' En cours');
INSERT INTO wilayas (id, code, name) VALUES ('477dafeb-e738-4884-80d5-a423b94da5e9', '57', 'El Maghair');
INSERT INTO engagements (id, operation_id, amount, year, type) VALUES ('130d896e-d711-4b05-acc6-83c0486daef4', 'f68ad987-f4b4-46cf-9db5-35d8d1128648', 867907.0, 2025, 'initial');
INSERT INTO financial_operations (id, operation_id, executed_ae, executed_cp, execution_date) VALUES ('fff3cfd5-88a3-4641-b3a4-68e85de78200', 'f68ad987-f4b4-46cf-9db5-35d8d1128648', 867907.0, 654087.0, '2025-04-01');
INSERT INTO operations (id, action_id, wilaya_id, title, year, status, observation) VALUES ('80a1985f-6809-47b3-9b91-ec94cd5b5e05', NULL, 'b06fdc25-326d-4d93-91c5-ca9344e3811e', 'Opération inconnue', 2025, 'nan', ' En cours');
INSERT INTO wilayas (id, code, name) VALUES ('b06fdc25-326d-4d93-91c5-ca9344e3811e', '57', 'El Maghair');
INSERT INTO engagements (id, operation_id, amount, year, type) VALUES ('f76634c4-2fd3-4d44-8361-8bb043d9e20b', '80a1985f-6809-47b3-9b91-ec94cd5b5e05', 975895.0, 2025, 'initial');
INSERT INTO financial_operations (id, operation_id, executed_ae, executed_cp, execution_date) VALUES ('ba7aa91b-5e71-45de-835f-cfbf3f092c63', '80a1985f-6809-47b3-9b91-ec94cd5b5e05', 975895.0, 267220.0, '2025-04-01');
INSERT INTO operations (id, action_id, wilaya_id, title, year, status, observation) VALUES ('067f6a3e-11da-4f9f-a205-0085d7a5d683', NULL, '0f3c4fd9-6627-4400-a0da-db51b8111043', 'Opération inconnue', 2025, 'nan', ' En cours');
INSERT INTO wilayas (id, code, name) VALUES ('0f3c4fd9-6627-4400-a0da-db51b8111043', '57', 'El Maghair');
INSERT INTO engagements (id, operation_id, amount, year, type) VALUES ('145a9512-8673-4cbc-975f-1481d5cb8554', '067f6a3e-11da-4f9f-a205-0085d7a5d683', 1160372.0, 2025, 'initial');
INSERT INTO financial_operations (id, operation_id, executed_ae, executed_cp, execution_date) VALUES ('e2a5fc32-f36d-4247-8eee-ffc0c7c595c7', '067f6a3e-11da-4f9f-a205-0085d7a5d683', 1160372.0, 563872.0, '2025-04-01');
INSERT INTO operations (id, action_id, wilaya_id, title, year, status, observation) VALUES ('64ee6baa-eb67-4c0a-b6c2-cb0081dd533b', NULL, 'abc3d85a-a069-4202-9ecf-e8952a5b35cd', 'Opération inconnue', 2025, 'nan', 'nan');
INSERT INTO wilayas (id, code, name) VALUES ('abc3d85a-a069-4202-9ecf-e8952a5b35cd', '07', 'Biskra');
INSERT INTO engagements (id, operation_id, amount, year, type) VALUES ('8a9611d2-8078-4b05-ab32-a7ac854525cd', '64ee6baa-eb67-4c0a-b6c2-cb0081dd533b', 1936335.0, 2025, 'initial');
INSERT INTO financial_operations (id, operation_id, executed_ae, executed_cp, execution_date) VALUES ('a5650bfb-8f20-4a40-9977-99f8fbb965b6', '64ee6baa-eb67-4c0a-b6c2-cb0081dd533b', 1936335.0, 226890.0, '2025-04-01');
INSERT INTO operations (id, action_id, wilaya_id, title, year, status, observation) VALUES ('de53997c-f392-42e4-b436-a61e569eb861', NULL, '0d2f926f-acde-4be2-a359-71560ef14825', 'Opération inconnue', 2025, 'nan', 'nan');
INSERT INTO wilayas (id, code, name) VALUES ('0d2f926f-acde-4be2-a359-71560ef14825', '07', 'Biskra');
INSERT INTO engagements (id, operation_id, amount, year, type) VALUES ('35aed6ab-92b9-4882-a2f2-ce94a524112c', 'de53997c-f392-42e4-b436-a61e569eb861', 1284988.0, 2025, 'initial');
INSERT INTO financial_operations (id, operation_id, executed_ae, executed_cp, execution_date) VALUES ('9aeb5c8f-dce9-4e4c-8087-8f34712519b5', 'de53997c-f392-42e4-b436-a61e569eb861', 1284988.0, 405775.0, '2025-04-01');
INSERT INTO operations (id, action_id, wilaya_id, title, year, status, observation) VALUES ('94ab3c25-9a75-4675-af88-e585fc28d613', NULL, 'b6ec95c0-d26d-4c0b-8270-e53f365f1871', 'Opération inconnue', 2025, 'nan', 'nan');
INSERT INTO wilayas (id, code, name) VALUES ('b6ec95c0-d26d-4c0b-8270-e53f365f1871', '07', 'Biskra');
INSERT INTO engagements (id, operation_id, amount, year, type) VALUES ('a5b5b9b1-0200-4ad1-9f48-60c9f6ba524e', '94ab3c25-9a75-4675-af88-e585fc28d613', 1528479.0, 2025, 'initial');
INSERT INTO financial_operations (id, operation_id, executed_ae, executed_cp, execution_date) VALUES ('c71c5dc6-c56f-4556-b590-fdbf9d1391df', '94ab3c25-9a75-4675-af88-e585fc28d613', 1528479.0, 125344.0, '2025-04-01');
INSERT INTO operations (id, action_id, wilaya_id, title, year, status, observation) VALUES ('ce1f15b9-6f9f-4ba2-8d03-d7da2eb15755', NULL, 'ed3e063a-968f-4881-a224-d2d23f203257', 'Opération inconnue', 2025, 'nan', 'nan');
INSERT INTO wilayas (id, code, name) VALUES ('ed3e063a-968f-4881-a224-d2d23f203257', '07', 'Biskra');
INSERT INTO engagements (id, operation_id, amount, year, type) VALUES ('53b93ba3-f670-4a05-b85a-e3957987cf78', 'ce1f15b9-6f9f-4ba2-8d03-d7da2eb15755', 1787948.0, 2025, 'initial');
INSERT INTO financial_operations (id, operation_id, executed_ae, executed_cp, execution_date) VALUES ('5113b254-515b-4631-aaf3-23ea99f7ab96', 'ce1f15b9-6f9f-4ba2-8d03-d7da2eb15755', 1787948.0, 376105.0, '2025-04-01');
INSERT INTO operations (id, action_id, wilaya_id, title, year, status, observation) VALUES ('f30c2dc7-5c5e-4328-90ae-5e17641c698d', NULL, '0f4a3ec3-e651-45c1-9e5b-66df4b48fa2b', 'Opération inconnue', 2025, 'nan', 'nan');
INSERT INTO wilayas (id, code, name) VALUES ('0f4a3ec3-e651-45c1-9e5b-66df4b48fa2b', '07', 'Biskra');
INSERT INTO engagements (id, operation_id, amount, year, type) VALUES ('e2c8a1ff-9e1c-49be-841d-c05a7d777409', 'f30c2dc7-5c5e-4328-90ae-5e17641c698d', 2287852.0, 2025, 'initial');
INSERT INTO financial_operations (id, operation_id, executed_ae, executed_cp, execution_date) VALUES ('7083f3eb-78ca-48cf-bec7-0abb488ebf06', 'f30c2dc7-5c5e-4328-90ae-5e17641c698d', 2287852.0, 224053.0, '2025-04-01');
INSERT INTO operations (id, action_id, wilaya_id, title, year, status, observation) VALUES ('9d00ad44-af80-4a67-a0d8-06e4dfceed44', NULL, 'e54a3a80-9547-4808-aec0-8b313a6a2c4e', 'Opération inconnue', 2025, 'nan', 'في طور تحضير دفتر الشروط للإنجاز');
INSERT INTO wilayas (id, code, name) VALUES ('e54a3a80-9547-4808-aec0-8b313a6a2c4e', '51', 'Ouled Djellal');
INSERT INTO engagements (id, operation_id, amount, year, type) VALUES ('d48739e0-2ded-4e0c-b641-550310c3557d', '9d00ad44-af80-4a67-a0d8-06e4dfceed44', 0.0, 2025, 'initial');
INSERT INTO financial_operations (id, operation_id, executed_ae, executed_cp, execution_date) VALUES ('10456400-1dc6-4080-95ed-c369372eadf0', '9d00ad44-af80-4a67-a0d8-06e4dfceed44', 0.0, 0.0, '2025-04-01');
INSERT INTO operations (id, action_id, wilaya_id, title, year, status, observation) VALUES ('d5a6ad1f-ca5a-4fdb-8487-410ffae5dd3a', NULL, 'debdf1b5-9e95-49d9-81e0-38415cd02d10', 'Opération inconnue', 2025, 'nan', 'في طور الإنجاز');
INSERT INTO wilayas (id, code, name) VALUES ('debdf1b5-9e95-49d9-81e0-38415cd02d10', '51', 'Ouled Djellal');
INSERT INTO engagements (id, operation_id, amount, year, type) VALUES ('9a7085b1-455f-420f-b759-e96a5c4e1d19', 'd5a6ad1f-ca5a-4fdb-8487-410ffae5dd3a', 981430.86684, 2025, 'initial');
INSERT INTO financial_operations (id, operation_id, executed_ae, executed_cp, execution_date) VALUES ('3b9e365c-c9dd-4def-9be7-8b7ac5895f07', 'd5a6ad1f-ca5a-4fdb-8487-410ffae5dd3a', 981430.86684, 28097.26578, '2025-04-01');
INSERT INTO operations (id, action_id, wilaya_id, title, year, status, observation) VALUES ('6956f9c4-ce58-4372-94be-908038bb9309', NULL, '63e4784a-6133-4e50-aaa3-843a139f09df', 'Opération inconnue', 2025, 'nan', 'تم إيداع دفتر الشروط على مستوى اللجنة القطاعية للصفقات العمومية ');
INSERT INTO wilayas (id, code, name) VALUES ('63e4784a-6133-4e50-aaa3-843a139f09df', '51', 'Ouled Djellal');
INSERT INTO engagements (id, operation_id, amount, year, type) VALUES ('320e01a0-b93e-420b-a56e-94bc15500cfa', '6956f9c4-ce58-4372-94be-908038bb9309', 0.0, 2025, 'initial');
INSERT INTO financial_operations (id, operation_id, executed_ae, executed_cp, execution_date) VALUES ('7bf49f1c-548f-44dd-9d62-aa60d6bbef16', '6956f9c4-ce58-4372-94be-908038bb9309', 0.0, 0.0, '2025-04-01');
INSERT INTO operations (id, action_id, wilaya_id, title, year, status, observation) VALUES ('a22f380e-56c1-4029-9e68-c746ce22d140', NULL, '652e5c7c-d93b-48db-b0bd-c06c13a0b596', 'Opération inconnue', 2025, 'nan', 'Attribution provisoire en cours');
INSERT INTO wilayas (id, code, name) VALUES ('652e5c7c-d93b-48db-b0bd-c06c13a0b596', '47', 'Ghardaia');
INSERT INTO engagements (id, operation_id, amount, year, type) VALUES ('d989e474-a14c-49fe-acda-fa27a7298d0a', 'a22f380e-56c1-4029-9e68-c746ce22d140', 0.0, 2025, 'initial');
INSERT INTO financial_operations (id, operation_id, executed_ae, executed_cp, execution_date) VALUES ('37354cf0-e6e4-46a4-afa2-d74ae28123d2', 'a22f380e-56c1-4029-9e68-c746ce22d140', 0.0, 0.0, '2025-04-01');
INSERT INTO operations (id, action_id, wilaya_id, title, year, status, observation) VALUES ('5ac46c0e-359c-4782-8def-e88a75af1f0b', NULL, 'f21d9dc3-151f-489d-8df8-61eafae68177', 'Opération inconnue', 2025, 'nan', 'En cours');
INSERT INTO wilayas (id, code, name) VALUES ('f21d9dc3-151f-489d-8df8-61eafae68177', '47', 'Ghardaia');
INSERT INTO engagements (id, operation_id, amount, year, type) VALUES ('ccda3d77-4db0-4dc2-a9e4-068052032333', '5ac46c0e-359c-4782-8def-e88a75af1f0b', 2401255.0, 2025, 'initial');
INSERT INTO financial_operations (id, operation_id, executed_ae, executed_cp, execution_date) VALUES ('9305197a-bdbf-4e70-884d-385e2523bd2e', '5ac46c0e-359c-4782-8def-e88a75af1f0b', 2401255.0, 511501.0, '2025-04-01');
INSERT INTO operations (id, action_id, wilaya_id, title, year, status, observation) VALUES ('8f8356eb-f886-4c8f-9acb-56a7061f29d9', NULL, '9a9029e9-8cb9-45c4-b9e7-261abe9f5cd4', 'Opération inconnue', 2025, 'nan', 'Préparation du marché avec Sonalgaz');
INSERT INTO wilayas (id, code, name) VALUES ('9a9029e9-8cb9-45c4-b9e7-261abe9f5cd4', '47', 'Ghardaia');
INSERT INTO engagements (id, operation_id, amount, year, type) VALUES ('321ac3de-d5aa-4c8f-81fb-f2a0ed34d7b1', '8f8356eb-f886-4c8f-9acb-56a7061f29d9', 0.0, 2025, 'initial');
INSERT INTO financial_operations (id, operation_id, executed_ae, executed_cp, execution_date) VALUES ('012df24d-8ef7-4d63-a24e-c8e74bccfc55', '8f8356eb-f886-4c8f-9acb-56a7061f29d9', 0.0, 0.0, '2025-04-01');
INSERT INTO operations (id, action_id, wilaya_id, title, year, status, observation) VALUES ('8384afbb-29cf-4c3c-a50d-ebb3d72f3384', NULL, 'e22f9cae-a3da-41c4-a8e9-1a6eca9a78c8', 'Opération inconnue', 2025, 'nan', 'En cours');
INSERT INTO wilayas (id, code, name) VALUES ('e22f9cae-a3da-41c4-a8e9-1a6eca9a78c8', '47', 'Ghardaia');
INSERT INTO engagements (id, operation_id, amount, year, type) VALUES ('c10b4a93-a340-40cb-83b3-e3a3a62db65e', '8384afbb-29cf-4c3c-a50d-ebb3d72f3384', 2019085.0, 2025, 'initial');
INSERT INTO financial_operations (id, operation_id, executed_ae, executed_cp, execution_date) VALUES ('3819783a-b5af-451d-8871-af07ab25546f', '8384afbb-29cf-4c3c-a50d-ebb3d72f3384', 2019085.0, 533094.0, '2025-04-01');
INSERT INTO operations (id, action_id, wilaya_id, title, year, status, observation) VALUES ('8ab7d098-8af5-4f68-a876-0d1a9784bfca', NULL, '02731637-9d87-4adf-854b-a962d9276dcb', 'Opération inconnue', 2025, 'nan', 'En cours');
INSERT INTO wilayas (id, code, name) VALUES ('02731637-9d87-4adf-854b-a962d9276dcb', '47', 'Ghardaia');
INSERT INTO engagements (id, operation_id, amount, year, type) VALUES ('e3bff0a2-9eba-47a4-9517-703ade5402a8', '8ab7d098-8af5-4f68-a876-0d1a9784bfca', 951393.0, 2025, 'initial');
INSERT INTO financial_operations (id, operation_id, executed_ae, executed_cp, execution_date) VALUES ('ea987f78-b76c-48bd-864e-f93606bebd51', '8ab7d098-8af5-4f68-a876-0d1a9784bfca', 951393.0, 252722.0, '2025-04-01');
INSERT INTO operations (id, action_id, wilaya_id, title, year, status, observation) VALUES ('7b517df7-2f30-4872-bb14-1e32ff80ce45', NULL, '85ccaf5a-d1ff-4df4-b4f3-c793aa245e14', 'Opération inconnue', 2025, 'nan', 'nan');
INSERT INTO wilayas (id, code, name) VALUES ('85ccaf5a-d1ff-4df4-b4f3-c793aa245e14', '58', 'El Meniaa');
INSERT INTO engagements (id, operation_id, amount, year, type) VALUES ('80c8582f-7a4c-4a2f-bd94-d7b713a8c7f4', '7b517df7-2f30-4872-bb14-1e32ff80ce45', 2604074.0, 2025, 'initial');
INSERT INTO financial_operations (id, operation_id, executed_ae, executed_cp, execution_date) VALUES ('74515423-37b2-47de-8b04-cb0b6369a936', '7b517df7-2f30-4872-bb14-1e32ff80ce45', 2604074.0, 311067.0, '2025-04-01');
INSERT INTO operations (id, action_id, wilaya_id, title, year, status, observation) VALUES ('1635a783-665d-46da-af02-d04d8990ba0e', NULL, 'bf92dd95-b14b-4a4e-af25-d278c6d71e7f', 'Opération inconnue', 2025, 'nan', 'nan');
INSERT INTO wilayas (id, code, name) VALUES ('bf92dd95-b14b-4a4e-af25-d278c6d71e7f', '58', 'El Meniaa');
INSERT INTO engagements (id, operation_id, amount, year, type) VALUES ('d55e9900-a980-41e5-8a13-d7508325a806', '1635a783-665d-46da-af02-d04d8990ba0e', 0.0, 2025, 'initial');
INSERT INTO financial_operations (id, operation_id, executed_ae, executed_cp, execution_date) VALUES ('2596216c-cfdf-4a1c-8be4-be1a51aacecb', '1635a783-665d-46da-af02-d04d8990ba0e', 0.0, 0.0, '2025-04-01');
INSERT INTO operations (id, action_id, wilaya_id, title, year, status, observation) VALUES ('63f1fa58-0239-49ec-847d-5eb5bacbaa7b', NULL, 'c8aa58ec-a42c-48be-a2ae-18a4db0485df', 'Opération inconnue', 2025, 'nan', 'nan');
INSERT INTO wilayas (id, code, name) VALUES ('c8aa58ec-a42c-48be-a2ae-18a4db0485df', '58', 'El Meniaa');
INSERT INTO engagements (id, operation_id, amount, year, type) VALUES ('a389bf52-5fc9-4c08-82fc-a917c45abf8c', '63f1fa58-0239-49ec-847d-5eb5bacbaa7b', 0.0, 2025, 'initial');
INSERT INTO financial_operations (id, operation_id, executed_ae, executed_cp, execution_date) VALUES ('cd0659e4-8c20-4994-92f6-b9d0fab40dd6', '63f1fa58-0239-49ec-847d-5eb5bacbaa7b', 0.0, 0.0, '2025-04-01');
INSERT INTO operations (id, action_id, wilaya_id, title, year, status, observation) VALUES ('57a73009-b4c0-419b-858d-ee625f0e548e', NULL, '125cad19-915f-4a7c-b6d0-b74f9ae9de86', 'Opération inconnue', 2025, 'nan', 'nan');
INSERT INTO wilayas (id, code, name) VALUES ('125cad19-915f-4a7c-b6d0-b74f9ae9de86', '58', 'El Meniaa');
INSERT INTO engagements (id, operation_id, amount, year, type) VALUES ('574ee6bb-f97f-41b2-a787-5b39043f24bb', '57a73009-b4c0-419b-858d-ee625f0e548e', 0.0, 2025, 'initial');
INSERT INTO financial_operations (id, operation_id, executed_ae, executed_cp, execution_date) VALUES ('b58cd49f-2b89-463c-97f2-d1bf9f6f68c9', '57a73009-b4c0-419b-858d-ee625f0e548e', 0.0, 0.0, '2025-04-01');
INSERT INTO operations (id, action_id, wilaya_id, title, year, status, observation) VALUES ('54db118e-c2f1-4cf7-93bb-120984e1afa2', NULL, 'a55c6df9-c3fb-4308-9575-e749d28a87d8', 'Opération inconnue', 2025, 'nan', 'nan');
INSERT INTO wilayas (id, code, name) VALUES ('a55c6df9-c3fb-4308-9575-e749d28a87d8', '58', 'El Meniaa');
INSERT INTO engagements (id, operation_id, amount, year, type) VALUES ('b99fb5ed-1a84-48a6-906e-9592b80ae85e', '54db118e-c2f1-4cf7-93bb-120984e1afa2', 0.0, 2025, 'initial');
INSERT INTO financial_operations (id, operation_id, executed_ae, executed_cp, execution_date) VALUES ('17fa19e6-2c12-4556-9058-e7b08e31df21', '54db118e-c2f1-4cf7-93bb-120984e1afa2', 0.0, 0.0, '2025-04-01');
INSERT INTO operations (id, action_id, wilaya_id, title, year, status, observation) VALUES ('759cb415-2de6-463c-aadc-6341791d6172', NULL, 'cb14f9e6-f847-4fc0-81e6-81d676d922fe', 'Opération inconnue', 2025, 'nan', 'nan');
INSERT INTO wilayas (id, code, name) VALUES ('cb14f9e6-f847-4fc0-81e6-81d676d922fe', '58', 'El Meniaa');
INSERT INTO engagements (id, operation_id, amount, year, type) VALUES ('a607c4c8-8d88-48b1-842c-8be4783ea449', '759cb415-2de6-463c-aadc-6341791d6172', 2505084.0, 2025, 'initial');
INSERT INTO financial_operations (id, operation_id, executed_ae, executed_cp, execution_date) VALUES ('5f876209-b2e3-447d-84ed-6328b35b051e', '759cb415-2de6-463c-aadc-6341791d6172', 2505084.0, 58996.0, '2025-04-01');
INSERT INTO operations (id, action_id, wilaya_id, title, year, status, observation) VALUES ('b3cfb563-aa06-4bae-b501-761f1c13c962', NULL, '1d995b93-7c7c-4b7e-b4b8-d4e13ad7d270', 'Opération inconnue', 2025, 'nan', 'nan');
INSERT INTO wilayas (id, code, name) VALUES ('1d995b93-7c7c-4b7e-b4b8-d4e13ad7d270', '33', 'Illizi');
INSERT INTO engagements (id, operation_id, amount, year, type) VALUES ('3dfb90d5-f692-4476-888e-62e8bc16ff89', 'b3cfb563-aa06-4bae-b501-761f1c13c962', 5126328.2434, 2025, 'initial');
INSERT INTO financial_operations (id, operation_id, executed_ae, executed_cp, execution_date) VALUES ('d1721483-021b-41c6-9d9c-d6bccd7a1af9', 'b3cfb563-aa06-4bae-b501-761f1c13c962', 5126328.2434, 237852.67681, '2025-04-01');
INSERT INTO operations (id, action_id, wilaya_id, title, year, status, observation) VALUES ('583ff178-5a54-4c51-8a5c-1e8fa473dc7b', NULL, '6b96d432-b7e2-49b7-967a-674e7e1f4937', 'Opération inconnue', 2025, 'nan', 'nan');
INSERT INTO wilayas (id, code, name) VALUES ('6b96d432-b7e2-49b7-967a-674e7e1f4937', '33', 'Illizi');
INSERT INTO engagements (id, operation_id, amount, year, type) VALUES ('4ba1640e-f851-4825-ac7a-ae8ab41aea82', '583ff178-5a54-4c51-8a5c-1e8fa473dc7b', 5126328.2434, 2025, 'initial');
INSERT INTO financial_operations (id, operation_id, executed_ae, executed_cp, execution_date) VALUES ('b4a6f58d-1a79-45d3-a231-1acd5b97cb92', '583ff178-5a54-4c51-8a5c-1e8fa473dc7b', 5126328.2434, 237852.67681, '2025-04-01');
INSERT INTO operations (id, action_id, wilaya_id, title, year, status, observation) VALUES ('6aef6482-efbd-4382-9e51-54c16bf9938b', NULL, '87e4cb0c-c276-4aa4-a72b-ec47cd20422e', 'Opération inconnue', 2025, 'nan', 'nan');
INSERT INTO wilayas (id, code, name) VALUES ('87e4cb0c-c276-4aa4-a72b-ec47cd20422e', '33', 'Illizi');
INSERT INTO engagements (id, operation_id, amount, year, type) VALUES ('e578f406-4d90-4f56-9ce7-02174b59846f', '6aef6482-efbd-4382-9e51-54c16bf9938b', 5126328.2434, 2025, 'initial');
INSERT INTO financial_operations (id, operation_id, executed_ae, executed_cp, execution_date) VALUES ('b195b402-13d6-4edf-8a37-1d1017737ca4', '6aef6482-efbd-4382-9e51-54c16bf9938b', 5126328.2434, 237852.67681, '2025-04-01');
INSERT INTO operations (id, action_id, wilaya_id, title, year, status, observation) VALUES ('6a3e0834-aba7-4637-83cd-562828a7158b', NULL, '700b2aa6-3460-41a8-b593-490193e54491', 'Opération inconnue', 2025, 'nan', 'nan');
INSERT INTO wilayas (id, code, name) VALUES ('700b2aa6-3460-41a8-b593-490193e54491', '33', 'Illizi');
INSERT INTO engagements (id, operation_id, amount, year, type) VALUES ('46de78b4-689f-4c41-af6a-c2d101cb3fd2', '6a3e0834-aba7-4637-83cd-562828a7158b', 1609614.7179, 2025, 'initial');
INSERT INTO financial_operations (id, operation_id, executed_ae, executed_cp, execution_date) VALUES ('0d1cc07d-8b68-4f8e-8956-2fd5b67abdfe', '6a3e0834-aba7-4637-83cd-562828a7158b', 1609614.7179, 237852.67681, '2025-04-01');
INSERT INTO operations (id, action_id, wilaya_id, title, year, status, observation) VALUES ('fa9d20e0-8937-439c-a4d3-e97da548c4c4', NULL, '9d734bb1-81c9-4bd9-9d2e-a6bbc1cda592', 'Opération inconnue', 2025, 'nan', 'nan');
INSERT INTO wilayas (id, code, name) VALUES ('9d734bb1-81c9-4bd9-9d2e-a6bbc1cda592', '33', 'Illizi');
INSERT INTO engagements (id, operation_id, amount, year, type) VALUES ('93f6b654-15ea-4146-81cf-9ca39da1df08', 'fa9d20e0-8937-439c-a4d3-e97da548c4c4', 3516713.5255, 2025, 'initial');
INSERT INTO financial_operations (id, operation_id, executed_ae, executed_cp, execution_date) VALUES ('fd7e6232-a2d5-44e1-b14b-d89d93e458a2', 'fa9d20e0-8937-439c-a4d3-e97da548c4c4', 3516713.5255, 0.0, '2025-04-01');
INSERT INTO operations (id, action_id, wilaya_id, title, year, status, observation) VALUES ('54d9f77f-a5c1-418e-9295-b94dbc6b5818', NULL, '1ce0503c-2346-4f42-b3da-2bd039490d1b', 'Opération inconnue', 2025, 'nan', 'nan');
INSERT INTO wilayas (id, code, name) VALUES ('1ce0503c-2346-4f42-b3da-2bd039490d1b', '33', 'Illizi');
INSERT INTO engagements (id, operation_id, amount, year, type) VALUES ('b9b6bdcc-8b3d-4d6c-8190-56dc3a9a35a0', '54d9f77f-a5c1-418e-9295-b94dbc6b5818', 0.0, 2025, 'initial');
INSERT INTO financial_operations (id, operation_id, executed_ae, executed_cp, execution_date) VALUES ('93b5c2e0-3f42-4a6a-9726-e2d7bf664387', '54d9f77f-a5c1-418e-9295-b94dbc6b5818', 0.0, 0.0, '2025-04-01');
INSERT INTO operations (id, action_id, wilaya_id, title, year, status, observation) VALUES ('bdc2a850-0de0-48fb-a23e-034ac4e7f664', NULL, 'c6dc07ec-c29b-474e-8914-bfe557444d4f', 'Opération inconnue', 2025, 'nan', 'nan');
INSERT INTO wilayas (id, code, name) VALUES ('c6dc07ec-c29b-474e-8914-bfe557444d4f', '33', 'Illizi');
INSERT INTO engagements (id, operation_id, amount, year, type) VALUES ('c79321f6-e72a-4e74-9b78-cc806054ce18', 'bdc2a850-0de0-48fb-a23e-034ac4e7f664', 0.0, 2025, 'initial');
INSERT INTO financial_operations (id, operation_id, executed_ae, executed_cp, execution_date) VALUES ('65cf717d-98fb-49d6-af8f-ca2af26debbd', 'bdc2a850-0de0-48fb-a23e-034ac4e7f664', 0.0, 0.0, '2025-04-01');
INSERT INTO operations (id, action_id, wilaya_id, title, year, status, observation) VALUES ('6cd9bd47-1a6d-49b1-9f1e-495e90975c57', NULL, 'bbe931ea-b51a-46c9-b03b-51227e11975b', 'Opération inconnue', 2025, 'nan', 'nan');
INSERT INTO wilayas (id, code, name) VALUES ('bbe931ea-b51a-46c9-b03b-51227e11975b', '33', 'Illizi');
INSERT INTO engagements (id, operation_id, amount, year, type) VALUES ('8a77c6a0-3c63-41ae-bbbc-983ae45a7d5a', '6cd9bd47-1a6d-49b1-9f1e-495e90975c57', 0.0, 2025, 'initial');
INSERT INTO financial_operations (id, operation_id, executed_ae, executed_cp, execution_date) VALUES ('27605cda-0bc1-4757-a12c-85ab081e3113', '6cd9bd47-1a6d-49b1-9f1e-495e90975c57', 0.0, 0.0, '2025-04-01');
INSERT INTO operations (id, action_id, wilaya_id, title, year, status, observation) VALUES ('5a262c89-90b6-4a16-bfd3-071aa642564e', NULL, 'ddb446c8-1a96-4a28-83b4-5ea830eae8e0', 'Opération inconnue', 2025, 'nan', 'Préparation de cahier des charges en cours');
INSERT INTO wilayas (id, code, name) VALUES ('ddb446c8-1a96-4a28-83b4-5ea830eae8e0', '33', 'Illizi');
INSERT INTO engagements (id, operation_id, amount, year, type) VALUES ('74243e82-0745-4086-8296-6ae97c079690', '5a262c89-90b6-4a16-bfd3-071aa642564e', 0.0, 2025, 'initial');
INSERT INTO financial_operations (id, operation_id, executed_ae, executed_cp, execution_date) VALUES ('ff2393b4-e182-4148-9077-3e65fb0da04e', '5a262c89-90b6-4a16-bfd3-071aa642564e', 0.0, 0.0, '2025-04-01');
INSERT INTO operations (id, action_id, wilaya_id, title, year, status, observation) VALUES ('dcfefdb2-6bea-4293-a126-a9e66dca7c89', NULL, '2ebb8203-4d53-4387-8197-47a93dab206f', 'Opération inconnue', 2025, 'nan', 'Opération en Cours ');
INSERT INTO wilayas (id, code, name) VALUES ('2ebb8203-4d53-4387-8197-47a93dab206f', '56', 'Djanet');
INSERT INTO engagements (id, operation_id, amount, year, type) VALUES ('36e2820e-6c39-4984-bc9f-a50f3675545f', 'dcfefdb2-6bea-4293-a126-a9e66dca7c89', 937760.0, 2025, 'initial');
INSERT INTO financial_operations (id, operation_id, executed_ae, executed_cp, execution_date) VALUES ('fdb3c990-96cb-42db-923d-b12edb42ba72', 'dcfefdb2-6bea-4293-a126-a9e66dca7c89', 937760.0, 198270.0, '2025-04-01');
INSERT INTO operations (id, action_id, wilaya_id, title, year, status, observation) VALUES ('a0837c84-006a-463d-9682-267f7b350d6d', NULL, 'deb24168-9aff-425b-bfb2-49f9e654362b', 'Opération inconnue', 2025, 'nan', 'Opération en Cours ');
INSERT INTO wilayas (id, code, name) VALUES ('deb24168-9aff-425b-bfb2-49f9e654362b', '56', 'Djanet');
INSERT INTO engagements (id, operation_id, amount, year, type) VALUES ('cb05a856-1820-49b3-9282-3f601e926883', 'a0837c84-006a-463d-9682-267f7b350d6d', 1292162.0, 2025, 'initial');
INSERT INTO financial_operations (id, operation_id, executed_ae, executed_cp, execution_date) VALUES ('1c4406a6-b905-4d80-85ca-867b4413ea6c', 'a0837c84-006a-463d-9682-267f7b350d6d', 1292162.0, 0.0, '2025-04-01');
INSERT INTO operations (id, action_id, wilaya_id, title, year, status, observation) VALUES ('ed99948b-b12f-4125-89c4-200fe57a8b30', NULL, '7b349e33-fb0b-40da-bd54-16bb4efd9abf', 'Opération inconnue', 2025, 'nan', 'Cahiers des Charges  Lancée ouvarteur le 25/03/2025');
INSERT INTO wilayas (id, code, name) VALUES ('7b349e33-fb0b-40da-bd54-16bb4efd9abf', '56', 'Djanet');
INSERT INTO engagements (id, operation_id, amount, year, type) VALUES ('574d8aa3-6148-4099-aa23-c135c1176836', 'ed99948b-b12f-4125-89c4-200fe57a8b30', 0.0, 2025, 'initial');
INSERT INTO financial_operations (id, operation_id, executed_ae, executed_cp, execution_date) VALUES ('ff2bd4ef-3d9c-4c69-a862-523e9452feb0', 'ed99948b-b12f-4125-89c4-200fe57a8b30', 0.0, 0.0, '2025-04-01');
INSERT INTO operations (id, action_id, wilaya_id, title, year, status, observation) VALUES ('1620d6c1-74e7-40ce-a441-2c66caaa844d', NULL, 'f3b94ae7-cd06-4f1f-9041-c848546da5c5', 'Opération inconnue', 2025, 'nan', 'Cahiers des Charges  Lancée ouvarteur le 20/03/2025');
INSERT INTO wilayas (id, code, name) VALUES ('f3b94ae7-cd06-4f1f-9041-c848546da5c5', '56', 'Djanet');
INSERT INTO engagements (id, operation_id, amount, year, type) VALUES ('0928366f-4fca-4a11-b735-188850a4ff2a', '1620d6c1-74e7-40ce-a441-2c66caaa844d', 0.0, 2025, 'initial');
INSERT INTO financial_operations (id, operation_id, executed_ae, executed_cp, execution_date) VALUES ('2310c0b6-6449-4216-bced-71604ffe7a35', '1620d6c1-74e7-40ce-a441-2c66caaa844d', 0.0, 0.0, '2025-04-01');
INSERT INTO operations (id, action_id, wilaya_id, title, year, status, observation) VALUES ('e7f4d98a-fcfc-4028-bd8a-7d0180b3ce52', NULL, 'c6d81aa9-c80b-484d-9a5d-f9b12b0cc700', 'Opération inconnue', 2025, 'nan', 'Cahiers des Charges  Lancée ouvarteur le 24/03/2025');
INSERT INTO wilayas (id, code, name) VALUES ('c6d81aa9-c80b-484d-9a5d-f9b12b0cc700', '56', 'Djanet');
INSERT INTO engagements (id, operation_id, amount, year, type) VALUES ('29c07d48-920b-476f-ba52-d1789531451d', 'e7f4d98a-fcfc-4028-bd8a-7d0180b3ce52', 0.0, 2025, 'initial');
INSERT INTO financial_operations (id, operation_id, executed_ae, executed_cp, execution_date) VALUES ('31c5e576-bfd8-4eef-8bc2-2be990ed9adc', 'e7f4d98a-fcfc-4028-bd8a-7d0180b3ce52', 0.0, 0.0, '2025-04-01');
INSERT INTO operations (id, action_id, wilaya_id, title, year, status, observation) VALUES ('16ebe609-bb1b-4f4d-9af8-f400cd6e3a35', NULL, '73cb65b0-8ed3-4b3f-acae-6a020f0cb6e7', 'Opération inconnue', 2025, 'nan', 'Cahiers des Charges  Lancée ouvarteur le 27/03/2025');
INSERT INTO wilayas (id, code, name) VALUES ('73cb65b0-8ed3-4b3f-acae-6a020f0cb6e7', '56', 'Djanet');
INSERT INTO engagements (id, operation_id, amount, year, type) VALUES ('76a24297-6f02-4151-b4ed-633e1b6667e3', '16ebe609-bb1b-4f4d-9af8-f400cd6e3a35', 0.0, 2025, 'initial');
INSERT INTO financial_operations (id, operation_id, executed_ae, executed_cp, execution_date) VALUES ('b8f00394-4870-480f-ac7b-2a9f2df0affa', '16ebe609-bb1b-4f4d-9af8-f400cd6e3a35', 0.0, 0.0, '2025-04-01');
INSERT INTO operations (id, action_id, wilaya_id, title, year, status, observation) VALUES ('d2cfb5e9-71ce-4db9-8e96-7ee5efeb3728', NULL, '0500eac5-7267-4a31-9ccf-489e8541003a', 'Opération inconnue', 2025, 'nan', 'Attribuée / individualisée');
INSERT INTO wilayas (id, code, name) VALUES ('0500eac5-7267-4a31-9ccf-489e8541003a', '11', 'Tamenrasset');
INSERT INTO engagements (id, operation_id, amount, year, type) VALUES ('e89edea7-cb81-4826-adc3-79a8007cb45b', 'd2cfb5e9-71ce-4db9-8e96-7ee5efeb3728', 0.0, 2025, 'initial');
INSERT INTO financial_operations (id, operation_id, executed_ae, executed_cp, execution_date) VALUES ('f6cc9768-0e24-4ae1-9fee-c54b7bc5f185', 'd2cfb5e9-71ce-4db9-8e96-7ee5efeb3728', 0.0, 0.0, '2025-04-01');
INSERT INTO operations (id, action_id, wilaya_id, title, year, status, observation) VALUES ('1a5135bf-9437-4e0c-a630-0ffb2b43eecb', NULL, '5c283bf5-854f-4fe4-a814-5cd9cc9735c2', 'Opération inconnue', 2025, 'nan', 'En cours ');
INSERT INTO wilayas (id, code, name) VALUES ('5c283bf5-854f-4fe4-a814-5cd9cc9735c2', '11', 'Tamenrasset');
INSERT INTO engagements (id, operation_id, amount, year, type) VALUES ('a5bb8607-9fef-405b-9728-7c15aa4f64a6', '1a5135bf-9437-4e0c-a630-0ffb2b43eecb', 0.0, 2025, 'initial');
INSERT INTO financial_operations (id, operation_id, executed_ae, executed_cp, execution_date) VALUES ('4a7c0c98-eb52-4068-9dbd-62d2fb1195b0', '1a5135bf-9437-4e0c-a630-0ffb2b43eecb', 0.0, 0.0, '2025-04-01');
INSERT INTO operations (id, action_id, wilaya_id, title, year, status, observation) VALUES ('01803ac3-4993-4703-be0d-cdebdefcf0a5', NULL, '6931442e-8fdb-4a44-ac7f-b4989adb89cc', 'Opération inconnue', 2025, 'nan', 'En cours ');
INSERT INTO wilayas (id, code, name) VALUES ('6931442e-8fdb-4a44-ac7f-b4989adb89cc', '11', 'Tamenrasset');
INSERT INTO engagements (id, operation_id, amount, year, type) VALUES ('3988d813-7201-4db1-830c-cf4d9f0775f3', '01803ac3-4993-4703-be0d-cdebdefcf0a5', 0.0, 2025, 'initial');
INSERT INTO financial_operations (id, operation_id, executed_ae, executed_cp, execution_date) VALUES ('bad7e7a7-5e3c-49e0-aa36-1a6e5fcea5ca', '01803ac3-4993-4703-be0d-cdebdefcf0a5', 0.0, 0.0, '2025-04-01');
INSERT INTO operations (id, action_id, wilaya_id, title, year, status, observation) VALUES ('cb302d2f-da6b-45f7-ac6b-a73f3eaf3ec6', NULL, '12d003fe-0f19-4116-9691-f3d98318b6f9', 'Opération inconnue', 2025, 'nan', 'Travaux en cours ');
INSERT INTO wilayas (id, code, name) VALUES ('12d003fe-0f19-4116-9691-f3d98318b6f9', '11', 'Tamenrasset');
INSERT INTO engagements (id, operation_id, amount, year, type) VALUES ('81a5e086-b525-4a01-8758-18d12c27cd67', 'cb302d2f-da6b-45f7-ac6b-a73f3eaf3ec6', 2790000.0, 2025, 'initial');
INSERT INTO financial_operations (id, operation_id, executed_ae, executed_cp, execution_date) VALUES ('94520a58-4f3e-474e-9818-9c3c969847ba', 'cb302d2f-da6b-45f7-ac6b-a73f3eaf3ec6', 2790000.0, 139600.0, '2025-04-01');
INSERT INTO operations (id, action_id, wilaya_id, title, year, status, observation) VALUES ('045cb7bf-d4db-4899-ba76-400f6366e79e', NULL, '0a3d705a-47b3-4b09-b22d-22d926b7d43e', 'Opération inconnue', 2025, 'nan', 'En cours ');
INSERT INTO wilayas (id, code, name) VALUES ('0a3d705a-47b3-4b09-b22d-22d926b7d43e', '11', 'Tamenrasset');
INSERT INTO engagements (id, operation_id, amount, year, type) VALUES ('f640979e-8b21-42b2-b85a-81d35d31094d', '045cb7bf-d4db-4899-ba76-400f6366e79e', 0.0, 2025, 'initial');
INSERT INTO financial_operations (id, operation_id, executed_ae, executed_cp, execution_date) VALUES ('5e328950-d071-478d-8b55-d462989edc25', '045cb7bf-d4db-4899-ba76-400f6366e79e', 0.0, 0.0, '2025-04-01');
INSERT INTO operations (id, action_id, wilaya_id, title, year, status, observation) VALUES ('e9998701-5da1-47d0-903f-2e1ae759a7b8', NULL, 'b700243c-1f10-42c5-b610-cd76a759e808', 'Opération inconnue', 2025, 'nan', 'Marché engagé / Travaux en voie de lancement ');
INSERT INTO wilayas (id, code, name) VALUES ('b700243c-1f10-42c5-b610-cd76a759e808', '11', 'Tamenrasset');
INSERT INTO engagements (id, operation_id, amount, year, type) VALUES ('eb388ffb-0ee6-464e-aa8f-a42e1a79b81c', 'e9998701-5da1-47d0-903f-2e1ae759a7b8', 0.0, 2025, 'initial');
INSERT INTO financial_operations (id, operation_id, executed_ae, executed_cp, execution_date) VALUES ('7aabc0ee-0abc-42ea-96c2-12973345b942', 'e9998701-5da1-47d0-903f-2e1ae759a7b8', 0.0, 0.0, '2025-04-01');
INSERT INTO operations (id, action_id, wilaya_id, title, year, status, observation) VALUES ('a837dabf-826d-4963-9d00-3701b983d255', NULL, '2c6cfbf1-255f-4862-961f-edde4209db44', 'Opération inconnue', 2025, 'nan', 'Travaux en cours');
INSERT INTO wilayas (id, code, name) VALUES ('2c6cfbf1-255f-4862-961f-edde4209db44', '11', 'Tamenrasset');
INSERT INTO engagements (id, operation_id, amount, year, type) VALUES ('3c5a009b-0631-49ed-b49c-44cff5ff70e8', 'a837dabf-826d-4963-9d00-3701b983d255', 905021.0, 2025, 'initial');
INSERT INTO financial_operations (id, operation_id, executed_ae, executed_cp, execution_date) VALUES ('56d360b4-5dc2-4952-bd3b-7b72d32cc006', 'a837dabf-826d-4963-9d00-3701b983d255', 905021.0, 255312.0, '2025-04-01');
INSERT INTO operations (id, action_id, wilaya_id, title, year, status, observation) VALUES ('01dbece7-6b4a-4838-91d8-b2ec3a06c855', NULL, '889c6706-dbd2-415d-993a-8f694f166ddb', 'Opération inconnue', 2025, 'nan', 'En cours');
INSERT INTO wilayas (id, code, name) VALUES ('889c6706-dbd2-415d-993a-8f694f166ddb', '11', 'Tamenrasset');
INSERT INTO engagements (id, operation_id, amount, year, type) VALUES ('d61fdf52-e95a-4ce3-b8a8-a0ae6c65e1a7', '01dbece7-6b4a-4838-91d8-b2ec3a06c855', 1290000.0, 2025, 'initial');
INSERT INTO financial_operations (id, operation_id, executed_ae, executed_cp, execution_date) VALUES ('7ee6d3fe-dd4e-4b3f-ab51-29a8fc241596', '01dbece7-6b4a-4838-91d8-b2ec3a06c855', 1290000.0, 93100.0, '2025-04-01');
INSERT INTO operations (id, action_id, wilaya_id, title, year, status, observation) VALUES ('701a34c6-ea36-4feb-8b4f-ea971a63a794', NULL, '16f98cfb-2a79-4986-b3ec-d155a46b5014', 'Opération inconnue', 2025, 'nan', 'Préparation Cahier des charges');
INSERT INTO wilayas (id, code, name) VALUES ('16f98cfb-2a79-4986-b3ec-d155a46b5014', '53', 'In Salah');
INSERT INTO engagements (id, operation_id, amount, year, type) VALUES ('2aa51f05-9482-4016-8315-6a3bffedb202', '701a34c6-ea36-4feb-8b4f-ea971a63a794', 0.0, 2025, 'initial');
INSERT INTO financial_operations (id, operation_id, executed_ae, executed_cp, execution_date) VALUES ('1e7a7e71-9541-4f63-903d-e07100fd14e1', '701a34c6-ea36-4feb-8b4f-ea971a63a794', 0.0, 0.0, '2025-04-01');
INSERT INTO operations (id, action_id, wilaya_id, title, year, status, observation) VALUES ('6a049382-04e7-4bb4-b093-c381123c05ba', NULL, 'aebd9eff-fca6-49d1-ae88-2d68e8eefd1a', 'Opération inconnue', 2025, 'nan', 'travaux en cours');
INSERT INTO wilayas (id, code, name) VALUES ('aebd9eff-fca6-49d1-ae88-2d68e8eefd1a', '53', 'In Salah');
INSERT INTO engagements (id, operation_id, amount, year, type) VALUES ('c4d4e260-e633-45d3-9e10-ab36b5096006', '6a049382-04e7-4bb4-b093-c381123c05ba', 926598.0, 2025, 'initial');
INSERT INTO financial_operations (id, operation_id, executed_ae, executed_cp, execution_date) VALUES ('9c18abff-cbca-4b6d-939c-f2a6b1904777', '6a049382-04e7-4bb4-b093-c381123c05ba', 926598.0, 80588.0, '2025-04-01');
INSERT INTO operations (id, action_id, wilaya_id, title, year, status, observation) VALUES ('71e7972b-6e8d-4fa5-bd78-b69155ccbd10', NULL, '4a36fac7-923c-400c-9fcc-46fd10177a8a', 'Opération inconnue', 2025, 'nan', 'Préparation Cahier des charges');
INSERT INTO wilayas (id, code, name) VALUES ('4a36fac7-923c-400c-9fcc-46fd10177a8a', '53', 'In Salah');
INSERT INTO engagements (id, operation_id, amount, year, type) VALUES ('cfe53538-af93-475a-af12-c2d2f871c908', '71e7972b-6e8d-4fa5-bd78-b69155ccbd10', 0.0, 2025, 'initial');
INSERT INTO financial_operations (id, operation_id, executed_ae, executed_cp, execution_date) VALUES ('cdf554fb-a1e7-4ba5-a2d7-390c8465ed5b', '71e7972b-6e8d-4fa5-bd78-b69155ccbd10', 0.0, 0.0, '2025-04-01');
INSERT INTO operations (id, action_id, wilaya_id, title, year, status, observation) VALUES ('2488e90c-9d8c-4135-85e1-8cdd2ff16c39', NULL, 'd0e77288-60a0-4d2a-89f8-1577bdc46a7b', 'Opération inconnue', 2025, 'nan', 'Travaux en cours');
INSERT INTO wilayas (id, code, name) VALUES ('d0e77288-60a0-4d2a-89f8-1577bdc46a7b', '54', 'In Guezzam');
INSERT INTO engagements (id, operation_id, amount, year, type) VALUES ('8fd7baaa-cc67-4f1c-89cd-944a3d00cb52', '2488e90c-9d8c-4135-85e1-8cdd2ff16c39', 956529.0, 2025, 'initial');
INSERT INTO financial_operations (id, operation_id, executed_ae, executed_cp, execution_date) VALUES ('4352869d-4e6b-4a36-96de-b91015fc0003', '2488e90c-9d8c-4135-85e1-8cdd2ff16c39', 956529.0, 561892.0, '2025-04-01');
INSERT INTO operations (id, action_id, wilaya_id, title, year, status, observation) VALUES ('56c07e2f-fa2f-4e11-8ddd-842ef71dc192', NULL, '15a29d48-e0b4-4cd6-afee-c863b0141ea7', 'Opération inconnue', 2025, 'nan', 'En cours');
INSERT INTO wilayas (id, code, name) VALUES ('15a29d48-e0b4-4cd6-afee-c863b0141ea7', '54', 'In Guezzam');
INSERT INTO engagements (id, operation_id, amount, year, type) VALUES ('ceb0bf3f-ffa9-4a70-9d01-37c5f8fe9069', '56c07e2f-fa2f-4e11-8ddd-842ef71dc192', 821583.0, 2025, 'initial');
INSERT INTO financial_operations (id, operation_id, executed_ae, executed_cp, execution_date) VALUES ('3b57a3ae-5048-4bb9-a925-221a5babc5db', '56c07e2f-fa2f-4e11-8ddd-842ef71dc192', 821583.0, 0.0, '2025-04-01');
INSERT INTO operations (id, action_id, wilaya_id, title, year, status, observation) VALUES ('ef48b7a0-26f0-45eb-856c-2eb57082f00e', NULL, '3698767b-11c4-484c-bd61-15b6634a8b1f', 'Opération inconnue', 2025, 'nan', 'En cours');
INSERT INTO wilayas (id, code, name) VALUES ('3698767b-11c4-484c-bd61-15b6634a8b1f', '54', 'In Guezzam');
INSERT INTO engagements (id, operation_id, amount, year, type) VALUES ('99748973-045a-4582-9dd1-78637440ac21', 'ef48b7a0-26f0-45eb-856c-2eb57082f00e', 2186366.0, 2025, 'initial');
INSERT INTO financial_operations (id, operation_id, executed_ae, executed_cp, execution_date) VALUES ('681bcca4-5c07-452b-8a4a-c063ff283dd9', 'ef48b7a0-26f0-45eb-856c-2eb57082f00e', 2186366.0, 0.0, '2025-04-01');
INSERT INTO operations (id, action_id, wilaya_id, title, year, status, observation) VALUES ('fcbdf0ee-9faf-449b-ba77-c5a975207a3a', NULL, 'ea3e7d1c-878d-4708-aa47-898fa5bf87aa', 'Opération inconnue', 2025, 'nan', 'nan');
INSERT INTO wilayas (id, code, name) VALUES ('ea3e7d1c-878d-4708-aa47-898fa5bf87aa', '47', 'Ghardaia');
INSERT INTO engagements (id, operation_id, amount, year, type) VALUES ('c4dcc8da-7df9-4d3f-9c21-db4fbdc5c7c1', 'fcbdf0ee-9faf-449b-ba77-c5a975207a3a', 1199957.0, 2025, 'initial');
INSERT INTO financial_operations (id, operation_id, executed_ae, executed_cp, execution_date) VALUES ('bf91fbd3-6364-4594-92ad-c2b96155e712', 'fcbdf0ee-9faf-449b-ba77-c5a975207a3a', 1199957.0, 1143074.0, '2025-04-01');
INSERT INTO operations (id, action_id, wilaya_id, title, year, status, observation) VALUES ('36400217-fa66-478f-bf51-cbfc5bdcc919', NULL, '5e55aad7-9cab-45a7-9db0-4923a845db51', 'Opération inconnue', 2025, 'nan', 'nan');
INSERT INTO wilayas (id, code, name) VALUES ('5e55aad7-9cab-45a7-9db0-4923a845db51', '47', 'Ghardaia');
INSERT INTO engagements (id, operation_id, amount, year, type) VALUES ('5ee63dff-5a01-45ae-85a6-9d9fbd9fc6b4', '36400217-fa66-478f-bf51-cbfc5bdcc919', 1999867.0, 2025, 'initial');
INSERT INTO financial_operations (id, operation_id, executed_ae, executed_cp, execution_date) VALUES ('b193566d-6cb0-4213-9c9a-ff703d48cc16', '36400217-fa66-478f-bf51-cbfc5bdcc919', 1999867.0, 1950116.0, '2025-04-01');
INSERT INTO operations (id, action_id, wilaya_id, title, year, status, observation) VALUES ('4efe97c3-32a8-4eab-8bb0-849c481ed1ea', NULL, '685a15ef-4194-42e4-bf58-5e752651c8b4', 'Opération inconnue', 2025, 'nan', 'nan');
INSERT INTO wilayas (id, code, name) VALUES ('685a15ef-4194-42e4-bf58-5e752651c8b4', '47', 'Ghardaia');
INSERT INTO engagements (id, operation_id, amount, year, type) VALUES ('e799779f-3e3e-4d49-b510-c4a8a7ef5fc4', '4efe97c3-32a8-4eab-8bb0-849c481ed1ea', 1790987.0, 2025, 'initial');
INSERT INTO financial_operations (id, operation_id, executed_ae, executed_cp, execution_date) VALUES ('53aa298d-732a-41f5-9dd4-d6dfda810a57', '4efe97c3-32a8-4eab-8bb0-849c481ed1ea', 1790987.0, 1638219.0, '2025-04-01');
INSERT INTO operations (id, action_id, wilaya_id, title, year, status, observation) VALUES ('264f933f-b9df-4232-9016-d992370a7575', NULL, 'e86a6f2d-a1bd-457f-a4e4-6906078f8759', 'Opération inconnue', 2025, 'nan', 'nan');
INSERT INTO wilayas (id, code, name) VALUES ('e86a6f2d-a1bd-457f-a4e4-6906078f8759', '47', 'Ghardaia');
INSERT INTO engagements (id, operation_id, amount, year, type) VALUES ('9edcfc75-bff2-446a-8fd5-c079857d8053', '264f933f-b9df-4232-9016-d992370a7575', 999429.0, 2025, 'initial');
INSERT INTO financial_operations (id, operation_id, executed_ae, executed_cp, execution_date) VALUES ('6008672a-edb1-46ef-bf1c-0b983c6c07fc', '264f933f-b9df-4232-9016-d992370a7575', 999429.0, 570494.0, '2025-04-01');
INSERT INTO operations (id, action_id, wilaya_id, title, year, status, observation) VALUES ('7166a190-8d66-4236-81f3-c23145f7dce1', NULL, '90e5ecec-3895-42a0-9a54-e502c8c40845', 'Opération inconnue', 2025, 'nan', 'nan');
INSERT INTO wilayas (id, code, name) VALUES ('90e5ecec-3895-42a0-9a54-e502c8c40845', '11', 'Tamenrasset');
INSERT INTO engagements (id, operation_id, amount, year, type) VALUES ('fa901cc5-5f23-4d75-9a75-9d31d4623960', '7166a190-8d66-4236-81f3-c23145f7dce1', 6481045.0, 2025, 'initial');
INSERT INTO financial_operations (id, operation_id, executed_ae, executed_cp, execution_date) VALUES ('d8cdf4dc-de69-4fac-b8e0-da3de4a36f6e', '7166a190-8d66-4236-81f3-c23145f7dce1', 6481045.0, 1545289.0, '2025-04-01');
INSERT INTO operations (id, action_id, wilaya_id, title, year, status, observation) VALUES ('4ffc3382-5e83-4d33-940b-6de63c03b16a', NULL, 'd53f0b85-0919-40cf-bcc9-3e963c21525d', 'Opération inconnue', 2025, 'nan', 'nan');
INSERT INTO wilayas (id, code, name) VALUES ('d53f0b85-0919-40cf-bcc9-3e963c21525d', '11', 'Tamenrasset');
INSERT INTO engagements (id, operation_id, amount, year, type) VALUES ('f9abe2b4-f81e-4708-98ac-8e8c6da8e85d', '4ffc3382-5e83-4d33-940b-6de63c03b16a', 7571535.0, 2025, 'initial');
INSERT INTO financial_operations (id, operation_id, executed_ae, executed_cp, execution_date) VALUES ('4fa762b4-f5eb-4488-bb37-ea08375a32c9', '4ffc3382-5e83-4d33-940b-6de63c03b16a', 7571535.0, 1962125.0, '2025-04-01');
INSERT INTO operations (id, action_id, wilaya_id, title, year, status, observation) VALUES ('2b38cb1b-93d1-4912-856b-72c1593e1a75', NULL, '2186334c-412b-4ce9-9e8e-7ada7c47b4f6', 'Opération inconnue', 2025, 'nan', 'nan');
INSERT INTO wilayas (id, code, name) VALUES ('2186334c-412b-4ce9-9e8e-7ada7c47b4f6', '11', 'Tamenrasset');
INSERT INTO engagements (id, operation_id, amount, year, type) VALUES ('d5bfd0f0-0cd8-402f-89a9-fa52d9a7d273', '2b38cb1b-93d1-4912-856b-72c1593e1a75', 1144119.2536900002, 2025, 'initial');
INSERT INTO financial_operations (id, operation_id, executed_ae, executed_cp, execution_date) VALUES ('0ce41411-a922-4bcc-96b8-ad7eb6633787', '2b38cb1b-93d1-4912-856b-72c1593e1a75', 1144119.2536900002, 1141799.797, '2025-04-01');
INSERT INTO operations (id, action_id, wilaya_id, title, year, status, observation) VALUES ('655d37ab-73a5-4ea7-af68-c33d735de2e6', NULL, '58c5e4b3-86d6-432e-857a-6c140763167f', 'Opération inconnue', 2025, 'nan', 'nan');
INSERT INTO wilayas (id, code, name) VALUES ('58c5e4b3-86d6-432e-857a-6c140763167f', '11', 'Tamenrasset');
INSERT INTO engagements (id, operation_id, amount, year, type) VALUES ('b4a72f1a-9711-44c3-8b0a-eabfcffac105', '655d37ab-73a5-4ea7-af68-c33d735de2e6', 985921.7818, 2025, 'initial');
INSERT INTO financial_operations (id, operation_id, executed_ae, executed_cp, execution_date) VALUES ('3e2cdbe2-7067-41dd-bccf-eda3de515d34', '655d37ab-73a5-4ea7-af68-c33d735de2e6', 985921.7818, 625876.16375, '2025-04-01');
INSERT INTO operations (id, action_id, wilaya_id, title, year, status, observation) VALUES ('557065b7-e593-4dc8-a689-b95a89c677fa', NULL, '25515e2b-9b02-4716-9715-c6d61b38a30a', 'Opération inconnue', 2025, 'nan', 'nan');
INSERT INTO wilayas (id, code, name) VALUES ('25515e2b-9b02-4716-9715-c6d61b38a30a', '58', 'El Meniaa');
INSERT INTO engagements (id, operation_id, amount, year, type) VALUES ('e949b2ab-a477-462f-9e94-91b56aa7f06a', '557065b7-e593-4dc8-a689-b95a89c677fa', 1512517.0, 2025, 'initial');
INSERT INTO financial_operations (id, operation_id, executed_ae, executed_cp, execution_date) VALUES ('9cc8740a-5d84-4a13-9b6f-883a98271c54', '557065b7-e593-4dc8-a689-b95a89c677fa', 1512517.0, 0.0, '2025-04-01');
INSERT INTO operations (id, action_id, wilaya_id, title, year, status, observation) VALUES ('9dd329b8-b3c4-4906-afeb-97b8814c598a', NULL, '71b29b6c-5e14-4ad5-94d3-b11e1580e6ad', 'Opération inconnue', 2025, 'nan', 'nan');
INSERT INTO wilayas (id, code, name) VALUES ('71b29b6c-5e14-4ad5-94d3-b11e1580e6ad', '58', 'El Meniaa');
INSERT INTO engagements (id, operation_id, amount, year, type) VALUES ('5db0437b-1d07-4816-b59f-bf20ea361ac4', '9dd329b8-b3c4-4906-afeb-97b8814c598a', 1114596.0, 2025, 'initial');
INSERT INTO financial_operations (id, operation_id, executed_ae, executed_cp, execution_date) VALUES ('ee58a0c0-31b2-43a3-a109-19d889ca030b', '9dd329b8-b3c4-4906-afeb-97b8814c598a', 1114596.0, 0.0, '2025-04-01');
INSERT INTO operations (id, action_id, wilaya_id, title, year, status, observation) VALUES ('059f5d26-1a34-4679-ba17-414a207f6481', NULL, '0d4b7f07-3bbc-48cb-83c3-5b4b4934930f', 'Opération inconnue', 2025, 'nan', 'nan');
INSERT INTO wilayas (id, code, name) VALUES ('0d4b7f07-3bbc-48cb-83c3-5b4b4934930f', '58', 'El Meniaa');
INSERT INTO engagements (id, operation_id, amount, year, type) VALUES ('83156bc0-a8c4-4b84-bcea-9c42bc04cacb', '059f5d26-1a34-4679-ba17-414a207f6481', 9914874.0, 2025, 'initial');
INSERT INTO financial_operations (id, operation_id, executed_ae, executed_cp, execution_date) VALUES ('46fb8a9e-e032-428a-b522-dd6978fea157', '059f5d26-1a34-4679-ba17-414a207f6481', 9914874.0, 0.0, '2025-04-01');
INSERT INTO operations (id, action_id, wilaya_id, title, year, status, observation) VALUES ('ec0262de-0fde-44dc-9c93-f053b290df44', NULL, 'c5adb57c-605b-46d6-af90-5d9b6b224d37', 'Opération inconnue', 2025, 'nan', 'nan');
INSERT INTO wilayas (id, code, name) VALUES ('c5adb57c-605b-46d6-af90-5d9b6b224d37', '39', 'El Oued');
INSERT INTO engagements (id, operation_id, amount, year, type) VALUES ('33d40978-4980-4a96-aec9-46dc241c4916', 'ec0262de-0fde-44dc-9c93-f053b290df44', 7617349.16796, 2025, 'initial');
INSERT INTO financial_operations (id, operation_id, executed_ae, executed_cp, execution_date) VALUES ('bf9745f1-38bf-4493-acfb-16a12897efa7', 'ec0262de-0fde-44dc-9c93-f053b290df44', 7617349.16796, 7280257.3134200005, '2025-04-01');
INSERT INTO operations (id, action_id, wilaya_id, title, year, status, observation) VALUES ('6a0718a5-96e4-472d-bc51-6dceca6669fd', NULL, '65fe2e7f-e444-4fa7-b48e-38e5ecb4c27a', 'Opération inconnue', 2025, 'nan', 'nan');
INSERT INTO wilayas (id, code, name) VALUES ('65fe2e7f-e444-4fa7-b48e-38e5ecb4c27a', '39', 'El Oued');
INSERT INTO engagements (id, operation_id, amount, year, type) VALUES ('a54caf78-afd3-49bb-bb9c-269c368ba255', '6a0718a5-96e4-472d-bc51-6dceca6669fd', 4579235.60042, 2025, 'initial');
INSERT INTO financial_operations (id, operation_id, executed_ae, executed_cp, execution_date) VALUES ('56c068eb-7f49-44fd-af5c-d320e717d860', '6a0718a5-96e4-472d-bc51-6dceca6669fd', 4579235.60042, 4173340.2568699997, '2025-04-01');
INSERT INTO operations (id, action_id, wilaya_id, title, year, status, observation) VALUES ('ab8ce169-7e1d-46b7-b2bc-fe9239eddd10', NULL, '0b781bbd-8eea-4e6a-8f6b-4acde3d4b6fb', 'Opération inconnue', 2025, 'nan', 'nan');
INSERT INTO wilayas (id, code, name) VALUES ('0b781bbd-8eea-4e6a-8f6b-4acde3d4b6fb', '39', 'El Oued');
INSERT INTO engagements (id, operation_id, amount, year, type) VALUES ('cb35d150-d031-4278-85a1-8ac2b3ac2e7b', 'ab8ce169-7e1d-46b7-b2bc-fe9239eddd10', 2188476.33572, 2025, 'initial');
INSERT INTO financial_operations (id, operation_id, executed_ae, executed_cp, execution_date) VALUES ('c8f92a63-ef09-4abf-94ee-300099e32c5d', 'ab8ce169-7e1d-46b7-b2bc-fe9239eddd10', 2188476.33572, 1997746.59997, '2025-04-01');
INSERT INTO operations (id, action_id, wilaya_id, title, year, status, observation) VALUES ('3cdb12ee-c1ad-42a0-b945-cd662ef1c8af', NULL, '001d636b-bddf-4d9a-b1dc-cbc521f63b8f', 'Opération inconnue', 2025, 'nan', 'nan');
INSERT INTO wilayas (id, code, name) VALUES ('001d636b-bddf-4d9a-b1dc-cbc521f63b8f', '39', 'El Oued');
INSERT INTO engagements (id, operation_id, amount, year, type) VALUES ('6c6af2da-db9c-4afd-8cf2-48759096f541', '3cdb12ee-c1ad-42a0-b945-cd662ef1c8af', 2998296.4255500003, 2025, 'initial');
INSERT INTO financial_operations (id, operation_id, executed_ae, executed_cp, execution_date) VALUES ('04454463-9e8f-472b-bd54-c1410ea92dde', '3cdb12ee-c1ad-42a0-b945-cd662ef1c8af', 2998296.4255500003, 2968839.05855, '2025-04-01');
INSERT INTO operations (id, action_id, wilaya_id, title, year, status, observation) VALUES ('384cb6a7-b65b-4646-821d-b5e26bf4eb3e', NULL, '68f00d8e-f8b6-4717-9570-544323d82574', 'Opération inconnue', 2025, 'nan', 'nan');
INSERT INTO wilayas (id, code, name) VALUES ('68f00d8e-f8b6-4717-9570-544323d82574', '56', 'Djanet');
INSERT INTO engagements (id, operation_id, amount, year, type) VALUES ('ef8fc2f5-2c2c-4fde-8895-936299af37d7', '384cb6a7-b65b-4646-821d-b5e26bf4eb3e', 1834113.0, 2025, 'initial');
INSERT INTO financial_operations (id, operation_id, executed_ae, executed_cp, execution_date) VALUES ('c47a5a64-b09d-4f33-a579-5281484109d7', '384cb6a7-b65b-4646-821d-b5e26bf4eb3e', 1834113.0, 337348.0, '2025-04-01');
INSERT INTO operations (id, action_id, wilaya_id, title, year, status, observation) VALUES ('0914489b-3d36-4cde-9bea-cd87b312d3e4', NULL, '0d12d393-3fde-4c74-a21b-1c750e2b0de7', 'Opération inconnue', 2025, 'nan', 'nan');
INSERT INTO wilayas (id, code, name) VALUES ('0d12d393-3fde-4c74-a21b-1c750e2b0de7', '56', 'Djanet');
INSERT INTO engagements (id, operation_id, amount, year, type) VALUES ('c8f91751-3662-4ecc-83fc-c2318492e980', '0914489b-3d36-4cde-9bea-cd87b312d3e4', 836662.0, 2025, 'initial');
INSERT INTO financial_operations (id, operation_id, executed_ae, executed_cp, execution_date) VALUES ('edad4f99-b238-4571-86e0-d834f7e90399', '0914489b-3d36-4cde-9bea-cd87b312d3e4', 836662.0, 0.0, '2025-04-01');
INSERT INTO operations (id, action_id, wilaya_id, title, year, status, observation) VALUES ('ed53e8e5-c3d4-46ec-b3bc-679acdc90a8d', NULL, '0916a94d-12c1-471a-b716-1d9cf75e30b3', 'Opération inconnue', 2025, 'nan', 'nan');
INSERT INTO wilayas (id, code, name) VALUES ('0916a94d-12c1-471a-b716-1d9cf75e30b3', '30', 'Ouargla');
INSERT INTO engagements (id, operation_id, amount, year, type) VALUES ('398220cf-afdd-494c-b71a-ed63bb748d84', 'ed53e8e5-c3d4-46ec-b3bc-679acdc90a8d', 1070609.24796, 2025, 'initial');
INSERT INTO financial_operations (id, operation_id, executed_ae, executed_cp, execution_date) VALUES ('77c16dbd-828d-4f5e-8ca9-3fa1350e8c61', 'ed53e8e5-c3d4-46ec-b3bc-679acdc90a8d', 1070609.24796, 464066.70913, '2025-04-01');
INSERT INTO operations (id, action_id, wilaya_id, title, year, status, observation) VALUES ('91037045-bbcd-403a-b0d6-fef972238419', NULL, 'dc3c668f-250d-4cc4-9888-1faa59fc3500', 'Opération inconnue', 2025, 'nan', 'nan');
INSERT INTO wilayas (id, code, name) VALUES ('dc3c668f-250d-4cc4-9888-1faa59fc3500', '30', 'Ouargla');
INSERT INTO engagements (id, operation_id, amount, year, type) VALUES ('405dd83c-3807-40d7-9fda-4fa6a6aad47c', '91037045-bbcd-403a-b0d6-fef972238419', 8445930.0, 2025, 'initial');
INSERT INTO financial_operations (id, operation_id, executed_ae, executed_cp, execution_date) VALUES ('d442193d-4538-4dc5-b539-9a19d579cf0c', '91037045-bbcd-403a-b0d6-fef972238419', 8445930.0, 8231591.0, '2025-04-01');
INSERT INTO operations (id, action_id, wilaya_id, title, year, status, observation) VALUES ('3c166eb3-a039-408c-87ea-a73b7bde252c', NULL, '76294892-70db-4980-a40f-f56985b0d6f8', 'Opération inconnue', 2025, 'nan', 'nan');
INSERT INTO wilayas (id, code, name) VALUES ('76294892-70db-4980-a40f-f56985b0d6f8', '30', 'Ouargla');
INSERT INTO engagements (id, operation_id, amount, year, type) VALUES ('f879e00f-1bfe-426b-86a0-c81b85d3c5e7', '3c166eb3-a039-408c-87ea-a73b7bde252c', 1801067.0, 2025, 'initial');
INSERT INTO financial_operations (id, operation_id, executed_ae, executed_cp, execution_date) VALUES ('b2735e60-889e-4753-9b0d-c4ba7dacfe98', '3c166eb3-a039-408c-87ea-a73b7bde252c', 1801067.0, 1784004.0, '2025-04-01');
INSERT INTO operations (id, action_id, wilaya_id, title, year, status, observation) VALUES ('9ed42ce2-a2ae-4def-b38f-93e2330d5421', NULL, '289a7eeb-d130-4503-b622-ec552ba67b5e', 'Opération inconnue', 2025, 'nan', 'En cours');
INSERT INTO wilayas (id, code, name) VALUES ('289a7eeb-d130-4503-b622-ec552ba67b5e', '23', 'Annaba');
INSERT INTO engagements (id, operation_id, amount, year, type) VALUES ('9b72d54f-81cc-4f19-823a-e020b2a20edd', '9ed42ce2-a2ae-4def-b38f-93e2330d5421', NULL, 2025, 'initial');
INSERT INTO financial_operations (id, operation_id, executed_ae, executed_cp, execution_date) VALUES ('b945aed4-cc88-48e4-8cd4-4c5bd3e061a5', '9ed42ce2-a2ae-4def-b38f-93e2330d5421', NULL, 4182054.48708, '2025-04-01');
INSERT INTO operations (id, action_id, wilaya_id, title, year, status, observation) VALUES ('43b431b8-5b21-46fb-9a4b-8e73fc4438cc', NULL, '245c76cd-9f13-41ec-b994-520968120fcc', 'Opération inconnue', 2025, 'nan', 'En cours');
INSERT INTO wilayas (id, code, name) VALUES ('245c76cd-9f13-41ec-b994-520968120fcc', '23', 'Annaba');
INSERT INTO engagements (id, operation_id, amount, year, type) VALUES ('ba50d412-6d88-4253-b28c-aee3475188b9', '43b431b8-5b21-46fb-9a4b-8e73fc4438cc', NULL, 2025, 'initial');
INSERT INTO financial_operations (id, operation_id, executed_ae, executed_cp, execution_date) VALUES ('6057b15f-a27b-434d-af5f-cfe4535054c0', '43b431b8-5b21-46fb-9a4b-8e73fc4438cc', NULL, 2543494.2432900006, '2025-04-01');
INSERT INTO operations (id, action_id, wilaya_id, title, year, status, observation) VALUES ('45de622b-5d14-4dc5-9364-3523d375c7f3', NULL, '681c91df-7855-4c16-b728-b36e0201c9cf', 'Opération inconnue', 2025, 'nan', 'En cours');
INSERT INTO wilayas (id, code, name) VALUES ('681c91df-7855-4c16-b728-b36e0201c9cf', '23', 'Annaba');
INSERT INTO engagements (id, operation_id, amount, year, type) VALUES ('9677141f-bf96-490d-a88c-1de0514fd7e3', '45de622b-5d14-4dc5-9364-3523d375c7f3', NULL, 2025, 'initial');
INSERT INTO financial_operations (id, operation_id, executed_ae, executed_cp, execution_date) VALUES ('bf93d59d-4dd5-47f0-8825-b9d0390273bc', '45de622b-5d14-4dc5-9364-3523d375c7f3', NULL, 2665334.6286200006, '2025-04-01');
INSERT INTO operations (id, action_id, wilaya_id, title, year, status, observation) VALUES ('a760740a-88ad-4f26-88a5-68cd7fb25746', NULL, 'c6855a5b-1935-4af6-a3ac-b6c1fca19305', 'Opération inconnue', 2025, 'nan', 'en cours');
INSERT INTO wilayas (id, code, name) VALUES ('c6855a5b-1935-4af6-a3ac-b6c1fca19305', '23', 'Annaba');
INSERT INTO engagements (id, operation_id, amount, year, type) VALUES ('e53ffcb0-4960-46fe-8627-cda540303a48', 'a760740a-88ad-4f26-88a5-68cd7fb25746', NULL, 2025, 'initial');
INSERT INTO financial_operations (id, operation_id, executed_ae, executed_cp, execution_date) VALUES ('5d3b9d2c-4703-4990-b3da-c8b7ebb2dc6e', 'a760740a-88ad-4f26-88a5-68cd7fb25746', NULL, 4813054.1865, '2025-04-01');
INSERT INTO operations (id, action_id, wilaya_id, title, year, status, observation) VALUES ('3a9b0326-e712-447f-88b0-18a38e2a6cad', NULL, 'ad8afa92-52d9-4819-9227-f4c5b2ec1a5b', 'Opération inconnue', 2025, 'nan', 'nan');
INSERT INTO wilayas (id, code, name) VALUES ('ad8afa92-52d9-4819-9227-f4c5b2ec1a5b', '23', 'Annaba');
INSERT INTO engagements (id, operation_id, amount, year, type) VALUES ('8ad99bf3-c5f6-4bbe-a9e2-792df340514f', '3a9b0326-e712-447f-88b0-18a38e2a6cad', NULL, 2025, 'initial');
INSERT INTO financial_operations (id, operation_id, executed_ae, executed_cp, execution_date) VALUES ('f5e505bf-07e5-4d00-8516-413048d7435e', '3a9b0326-e712-447f-88b0-18a38e2a6cad', NULL, 961960.33545, '2025-04-01');
INSERT INTO operations (id, action_id, wilaya_id, title, year, status, observation) VALUES ('8764d356-cbea-4784-beed-e817358611cd', NULL, 'bb92409a-7722-477f-b779-b5e232d0f7fd', 'Opération inconnue', 2025, 'nan', 'nan');
INSERT INTO wilayas (id, code, name) VALUES ('bb92409a-7722-477f-b779-b5e232d0f7fd', '23', 'Annaba');
INSERT INTO engagements (id, operation_id, amount, year, type) VALUES ('1cc07a42-37c6-4662-9bda-51d449b18033', '8764d356-cbea-4784-beed-e817358611cd', NULL, 2025, 'initial');
INSERT INTO financial_operations (id, operation_id, executed_ae, executed_cp, execution_date) VALUES ('e69d1e21-9eb8-4eab-85d9-1dc49c5258b8', '8764d356-cbea-4784-beed-e817358611cd', NULL, 961960.33545, '2025-04-01');
INSERT INTO operations (id, action_id, wilaya_id, title, year, status, observation) VALUES ('39519da7-d152-4973-88af-b54a146dbf31', NULL, 'b1791b0d-a82c-4859-8d96-0325d4b0e745', 'Opération inconnue', 2025, 'nan', '/');
INSERT INTO wilayas (id, code, name) VALUES ('b1791b0d-a82c-4859-8d96-0325d4b0e745', '23', 'Annaba');
INSERT INTO engagements (id, operation_id, amount, year, type) VALUES ('48c5432e-5937-4867-8a21-4970f683df66', '39519da7-d152-4973-88af-b54a146dbf31', NULL, 2025, 'initial');
INSERT INTO financial_operations (id, operation_id, executed_ae, executed_cp, execution_date) VALUES ('40735ec6-4f11-4f0d-a633-c16259ddcad5', '39519da7-d152-4973-88af-b54a146dbf31', NULL, 3046552.4775799997, '2025-04-01');
INSERT INTO operations (id, action_id, wilaya_id, title, year, status, observation) VALUES ('44978d15-dd79-4f5e-aaaf-b78774687b10', NULL, '7bb423d0-d9cf-4991-9491-cd66bc5f66dd', 'Opération inconnue', 2025, 'nan', 'nan');
INSERT INTO wilayas (id, code, name) VALUES ('7bb423d0-d9cf-4991-9491-cd66bc5f66dd', '23', 'Annaba');
INSERT INTO engagements (id, operation_id, amount, year, type) VALUES ('a508cc8f-c5ae-493c-90ae-bd431bf8fdd8', '44978d15-dd79-4f5e-aaaf-b78774687b10', NULL, 2025, 'initial');
INSERT INTO financial_operations (id, operation_id, executed_ae, executed_cp, execution_date) VALUES ('72fbf456-3acd-4a23-b1b1-064d4083a09c', '44978d15-dd79-4f5e-aaaf-b78774687b10', NULL, 3046552.4775799997, '2025-04-01');
INSERT INTO operations (id, action_id, wilaya_id, title, year, status, observation) VALUES ('d77c893b-9597-4b5b-a8d2-197a0fe9cf84', NULL, '227193f8-d80f-4d2f-a52c-8c738be631e1', 'Opération inconnue', 2025, 'nan', '/');
INSERT INTO wilayas (id, code, name) VALUES ('227193f8-d80f-4d2f-a52c-8c738be631e1', '23', 'Annaba');
INSERT INTO engagements (id, operation_id, amount, year, type) VALUES ('47bb1782-6577-4c20-9736-7f6b626a427e', 'd77c893b-9597-4b5b-a8d2-197a0fe9cf84', NULL, 2025, 'initial');
INSERT INTO financial_operations (id, operation_id, executed_ae, executed_cp, execution_date) VALUES ('d49b2d25-340b-4059-b862-97fc4d2c1ec0', 'd77c893b-9597-4b5b-a8d2-197a0fe9cf84', NULL, 4438680.71769, '2025-04-01');
INSERT INTO operations (id, action_id, wilaya_id, title, year, status, observation) VALUES ('67b4d218-f1f0-4636-a856-f0fbfb07d3b5', NULL, 'e33eaf37-7a5d-4cfa-98d4-11c2cedd7c25', 'Opération inconnue', 2025, 'nan', 'nan');
INSERT INTO wilayas (id, code, name) VALUES ('e33eaf37-7a5d-4cfa-98d4-11c2cedd7c25', '23', 'Annaba');
INSERT INTO engagements (id, operation_id, amount, year, type) VALUES ('d867f1df-8c76-4230-8a51-a2be4a95bb07', '67b4d218-f1f0-4636-a856-f0fbfb07d3b5', NULL, 2025, 'initial');
INSERT INTO financial_operations (id, operation_id, executed_ae, executed_cp, execution_date) VALUES ('5ede5683-7aae-447f-b773-f231e1b533a7', '67b4d218-f1f0-4636-a856-f0fbfb07d3b5', NULL, 4438680.71769, '2025-04-01');
INSERT INTO operations (id, action_id, wilaya_id, title, year, status, observation) VALUES ('dfb649e7-e36c-4ebb-8c99-cb13c6728fb9', NULL, '8c7998c1-ff84-419c-9a9b-c180c4259686', 'Opération inconnue', 2025, 'nan', ' suite à l''accord pour la réévaluation de l''opération  au titre de l''exercice 2025, un avis d''appel d''offre a été lancé .                                pour  l''achevement de la RN 16    lot 03 : attribution provisoire en cours  et                         lot 01 : attribution provisoire en cours ');
INSERT INTO wilayas (id, code, name) VALUES ('8c7998c1-ff84-419c-9a9b-c180c4259686', '24', 'Guelma');
INSERT INTO engagements (id, operation_id, amount, year, type) VALUES ('68729eda-ff03-4449-99ce-cd35e3cf94f4', 'dfb649e7-e36c-4ebb-8c99-cb13c6728fb9', NULL, 2025, 'initial');
INSERT INTO financial_operations (id, operation_id, executed_ae, executed_cp, execution_date) VALUES ('240e82ba-6e14-4610-b45c-089be67f59a6', 'dfb649e7-e36c-4ebb-8c99-cb13c6728fb9', NULL, 4146876.1746199997, '2025-04-01');
INSERT INTO operations (id, action_id, wilaya_id, title, year, status, observation) VALUES ('1caabc94-144c-4872-9f64-a7b439416adc', NULL, 'cc244b77-7006-41ae-a53c-ca874a3ac9dc', 'Opération inconnue', 2025, 'nan', 'marché en cours de visa au niveau de la  commission séctorielle des marchés publics des travaux publics ');
INSERT INTO wilayas (id, code, name) VALUES ('cc244b77-7006-41ae-a53c-ca874a3ac9dc', '24', 'Guelma');
INSERT INTO engagements (id, operation_id, amount, year, type) VALUES ('a4a331c5-2bae-457c-9a64-27040bc923f4', '1caabc94-144c-4872-9f64-a7b439416adc', NULL, 2025, 'initial');
INSERT INTO financial_operations (id, operation_id, executed_ae, executed_cp, execution_date) VALUES ('2205733f-8d63-4d1c-8b09-464aaab2fa77', '1caabc94-144c-4872-9f64-a7b439416adc', NULL, NULL, '2025-04-01');
INSERT INTO operations (id, action_id, wilaya_id, title, year, status, observation) VALUES ('e667d85e-86dc-4333-824e-d3012098bdd4', NULL, '423c4f8c-9c90-45c1-ac20-7ce095a06d26', 'Opération inconnue', 2025, 'nan', 'Procédure en cours');
INSERT INTO wilayas (id, code, name) VALUES ('423c4f8c-9c90-45c1-ac20-7ce095a06d26', '36', 'El Tarf');
INSERT INTO engagements (id, operation_id, amount, year, type) VALUES ('cb41312f-3f84-4184-86b0-298aade75bcf', 'e667d85e-86dc-4333-824e-d3012098bdd4', NULL, 2025, 'initial');
INSERT INTO financial_operations (id, operation_id, executed_ae, executed_cp, execution_date) VALUES ('67129daf-27ab-49da-b50f-cb7ebe29c863', 'e667d85e-86dc-4333-824e-d3012098bdd4', NULL, 371983.0, '2025-04-01');
INSERT INTO operations (id, action_id, wilaya_id, title, year, status, observation) VALUES ('1688673d-3693-4a17-83af-512195fdffd4', NULL, '9df6d115-90da-4de1-a6e8-f78dccbace0e', 'Opération inconnue', 2025, 'nan', 'en cours');
INSERT INTO wilayas (id, code, name) VALUES ('9df6d115-90da-4de1-a6e8-f78dccbace0e', '36', 'El Tarf');
INSERT INTO engagements (id, operation_id, amount, year, type) VALUES ('dd6acf45-9ad0-400f-9e81-de696674310d', '1688673d-3693-4a17-83af-512195fdffd4', NULL, 2025, 'initial');
INSERT INTO financial_operations (id, operation_id, executed_ae, executed_cp, execution_date) VALUES ('242176e9-08e5-4ab9-b6b7-6e472995bd4c', '1688673d-3693-4a17-83af-512195fdffd4', NULL, 1450008.09, '2025-04-01');
INSERT INTO operations (id, action_id, wilaya_id, title, year, status, observation) VALUES ('984e0438-44a4-4f3e-afc3-04dd20438d7a', NULL, '28dffc76-f27c-49ee-8055-33b9cb069084', 'Opération inconnue', 2025, 'nan', 'Procédure en cours');
INSERT INTO wilayas (id, code, name) VALUES ('28dffc76-f27c-49ee-8055-33b9cb069084', '36', 'El Tarf');
INSERT INTO engagements (id, operation_id, amount, year, type) VALUES ('b885245c-39c9-4a72-8cba-ec19fad43592', '984e0438-44a4-4f3e-afc3-04dd20438d7a', NULL, 2025, 'initial');
INSERT INTO financial_operations (id, operation_id, executed_ae, executed_cp, execution_date) VALUES ('d7a114eb-39ca-47ca-9bf6-3d8583b73815', '984e0438-44a4-4f3e-afc3-04dd20438d7a', NULL, 172605.2, '2025-04-01');
INSERT INTO operations (id, action_id, wilaya_id, title, year, status, observation) VALUES ('a26a1630-4ebb-40e3-9736-01d91631f4d3', NULL, '87484473-2951-45bf-a1bd-ec7c0ff53279', 'Opération inconnue', 2025, 'nan', 'Procédure en cours');
INSERT INTO wilayas (id, code, name) VALUES ('87484473-2951-45bf-a1bd-ec7c0ff53279', '36', 'El Tarf');
INSERT INTO engagements (id, operation_id, amount, year, type) VALUES ('2a1c2d1d-9346-48b3-a735-76dfd41cd7f0', 'a26a1630-4ebb-40e3-9736-01d91631f4d3', NULL, 2025, 'initial');
INSERT INTO financial_operations (id, operation_id, executed_ae, executed_cp, execution_date) VALUES ('a75ec4d8-2066-4bc9-bd8c-d98cb7c32b32', 'a26a1630-4ebb-40e3-9736-01d91631f4d3', NULL, 0.0, '2025-04-01');
INSERT INTO operations (id, action_id, wilaya_id, title, year, status, observation) VALUES ('c87e26de-5c9e-4d10-a012-e254e6e14831', NULL, 'dca95cd0-6121-415b-a7d0-87c87af96339', 'Opération inconnue', 2025, 'nan', 'nan');
INSERT INTO wilayas (id, code, name) VALUES ('dca95cd0-6121-415b-a7d0-87c87af96339', '36', 'El Tarf');
INSERT INTO engagements (id, operation_id, amount, year, type) VALUES ('48e83de8-41a3-4462-863e-d19f69a32753', 'c87e26de-5c9e-4d10-a012-e254e6e14831', NULL, 2025, 'initial');
INSERT INTO financial_operations (id, operation_id, executed_ae, executed_cp, execution_date) VALUES ('448a3caf-9875-43f0-8d7f-c41a81876b06', 'c87e26de-5c9e-4d10-a012-e254e6e14831', NULL, NULL, '2025-04-01');
INSERT INTO operations (id, action_id, wilaya_id, title, year, status, observation) VALUES ('1112ef51-910d-4f91-bf05-1b00a7340456', NULL, '5fa1d5a8-c5d3-4ff9-bd34-101c4a97234f', 'Opération inconnue', 2025, 'nan', 'nan');
INSERT INTO wilayas (id, code, name) VALUES ('5fa1d5a8-c5d3-4ff9-bd34-101c4a97234f', '36', 'El Tarf');
INSERT INTO engagements (id, operation_id, amount, year, type) VALUES ('e70255e5-57b9-4378-9622-2e67502f64c9', '1112ef51-910d-4f91-bf05-1b00a7340456', NULL, 2025, 'initial');
INSERT INTO financial_operations (id, operation_id, executed_ae, executed_cp, execution_date) VALUES ('027a18a0-3143-4379-9d1a-76b076e8c622', '1112ef51-910d-4f91-bf05-1b00a7340456', NULL, NULL, '2025-04-01');
INSERT INTO operations (id, action_id, wilaya_id, title, year, status, observation) VALUES ('a52fb2bb-ebf2-422b-9ccf-6386f0480240', NULL, '3f05b446-7c05-45b8-81d4-cffa61ce5750', 'Opération inconnue', 2025, 'nan', 'nan');
INSERT INTO wilayas (id, code, name) VALUES ('3f05b446-7c05-45b8-81d4-cffa61ce5750', '36', 'El Tarf');
INSERT INTO engagements (id, operation_id, amount, year, type) VALUES ('cf1b5bd4-0a41-437c-9753-2305930cb8bb', 'a52fb2bb-ebf2-422b-9ccf-6386f0480240', NULL, 2025, 'initial');
INSERT INTO financial_operations (id, operation_id, executed_ae, executed_cp, execution_date) VALUES ('c6681333-d5c6-4c04-967a-40b6c2f79be3', 'a52fb2bb-ebf2-422b-9ccf-6386f0480240', NULL, NULL, '2025-04-01');
INSERT INTO operations (id, action_id, wilaya_id, title, year, status, observation) VALUES ('5f69f2fb-9695-405f-b46a-e251b7ab3d0f', NULL, '730d7226-9899-411b-ac83-2e360d8f6f99', 'Opération inconnue', 2025, 'nan', 'nan');
INSERT INTO wilayas (id, code, name) VALUES ('730d7226-9899-411b-ac83-2e360d8f6f99', '36', 'El Tarf');
INSERT INTO engagements (id, operation_id, amount, year, type) VALUES ('33b70e4b-3e09-410c-98ef-1f4bc8e4d3b9', '5f69f2fb-9695-405f-b46a-e251b7ab3d0f', NULL, 2025, 'initial');
INSERT INTO financial_operations (id, operation_id, executed_ae, executed_cp, execution_date) VALUES ('bcac313e-095f-469d-a36c-ac6bb926fa7f', '5f69f2fb-9695-405f-b46a-e251b7ab3d0f', NULL, NULL, '2025-04-01');
INSERT INTO operations (id, action_id, wilaya_id, title, year, status, observation) VALUES ('61145b92-fb9b-45d0-8cd7-28b0df567784', NULL, '08f90995-cb66-4233-94d7-8b5b82da813a', 'Opération inconnue', 2025, 'nan', 'nan');
INSERT INTO wilayas (id, code, name) VALUES ('08f90995-cb66-4233-94d7-8b5b82da813a', '36', 'El Tarf');
INSERT INTO engagements (id, operation_id, amount, year, type) VALUES ('92ea4abe-c1d0-4790-a7f8-ef795b58ec7f', '61145b92-fb9b-45d0-8cd7-28b0df567784', NULL, 2025, 'initial');
INSERT INTO financial_operations (id, operation_id, executed_ae, executed_cp, execution_date) VALUES ('347ef98c-bf8b-4a6f-81de-33757c708a41', '61145b92-fb9b-45d0-8cd7-28b0df567784', NULL, NULL, '2025-04-01');
INSERT INTO operations (id, action_id, wilaya_id, title, year, status, observation) VALUES ('217903eb-17fb-4260-a29f-2927ac3673c4', NULL, '8e4da8f9-255b-4266-b732-ab11743d5c43', 'Opération inconnue', 2025, 'nan', 'nan');
INSERT INTO wilayas (id, code, name) VALUES ('8e4da8f9-255b-4266-b732-ab11743d5c43', '36', 'El Tarf');
INSERT INTO engagements (id, operation_id, amount, year, type) VALUES ('74e66407-7296-4ed6-8483-9fe853f93aed', '217903eb-17fb-4260-a29f-2927ac3673c4', NULL, 2025, 'initial');
INSERT INTO financial_operations (id, operation_id, executed_ae, executed_cp, execution_date) VALUES ('14ed2635-8acf-40c3-ad1c-5d8c71162999', '217903eb-17fb-4260-a29f-2927ac3673c4', NULL, NULL, '2025-04-01');
INSERT INTO operations (id, action_id, wilaya_id, title, year, status, observation) VALUES ('aa39885c-0641-4ef4-897c-1c68f4d116d0', NULL, '6f3f25ee-b32f-4e6b-962d-b8911b0d7a97', 'Opération inconnue', 2025, 'nan', 'nan');
INSERT INTO wilayas (id, code, name) VALUES ('6f3f25ee-b32f-4e6b-962d-b8911b0d7a97', '36', 'El Tarf');
INSERT INTO engagements (id, operation_id, amount, year, type) VALUES ('2c01a3ac-2fdf-41c5-bbce-c3394b086276', 'aa39885c-0641-4ef4-897c-1c68f4d116d0', NULL, 2025, 'initial');
INSERT INTO financial_operations (id, operation_id, executed_ae, executed_cp, execution_date) VALUES ('01c0cabc-fdf3-4f6d-bfac-86316c0231c2', 'aa39885c-0641-4ef4-897c-1c68f4d116d0', NULL, NULL, '2025-04-01');
INSERT INTO operations (id, action_id, wilaya_id, title, year, status, observation) VALUES ('565e57d0-eeba-43f7-86b3-34864b419867', NULL, 'af9e68b4-aa00-4083-94f8-1e389e9f5397', 'Opération inconnue', 2025, 'nan', 'nan');
INSERT INTO wilayas (id, code, name) VALUES ('af9e68b4-aa00-4083-94f8-1e389e9f5397', '36', 'El Tarf');
INSERT INTO engagements (id, operation_id, amount, year, type) VALUES ('feb2aed9-5897-4dbb-bf80-1b6a9a4e693e', '565e57d0-eeba-43f7-86b3-34864b419867', NULL, 2025, 'initial');
INSERT INTO financial_operations (id, operation_id, executed_ae, executed_cp, execution_date) VALUES ('07b94414-2f90-4adc-9924-049873603261', '565e57d0-eeba-43f7-86b3-34864b419867', NULL, NULL, '2025-04-01');
INSERT INTO operations (id, action_id, wilaya_id, title, year, status, observation) VALUES ('ae51f632-5e4f-4da4-a7fa-2b18ce1abbcb', NULL, '09fbb409-bca3-4a8e-80d0-6310d5d03dbe', 'Opération inconnue', 2025, 'nan', 'nan');
INSERT INTO wilayas (id, code, name) VALUES ('09fbb409-bca3-4a8e-80d0-6310d5d03dbe', '40', 'Khenechla');
INSERT INTO engagements (id, operation_id, amount, year, type) VALUES ('80bbdc3d-d6a3-444f-8296-05d0bc8cbc22', 'ae51f632-5e4f-4da4-a7fa-2b18ce1abbcb', 255687.0, 2025, 'initial');
INSERT INTO financial_operations (id, operation_id, executed_ae, executed_cp, execution_date) VALUES ('40d68638-fcca-4f32-89e6-70a89e786485', 'ae51f632-5e4f-4da4-a7fa-2b18ce1abbcb', 255687.0, 204549.0, '2025-04-01');
INSERT INTO operations (id, action_id, wilaya_id, title, year, status, observation) VALUES ('f7efb5b5-6fa0-4b21-9e84-74e38e097887', NULL, 'fdb83ef3-5e88-4b12-a8ff-6efed7fbe566', 'Opération inconnue', 2025, 'nan', 'nan');
INSERT INTO wilayas (id, code, name) VALUES ('fdb83ef3-5e88-4b12-a8ff-6efed7fbe566', '40', 'Khenechla');
INSERT INTO engagements (id, operation_id, amount, year, type) VALUES ('2fd62be8-8fb5-4df2-a628-1dbed2bbd542', 'f7efb5b5-6fa0-4b21-9e84-74e38e097887', 936228.0, 2025, 'initial');
INSERT INTO financial_operations (id, operation_id, executed_ae, executed_cp, execution_date) VALUES ('f184be4e-dd8c-4944-b2af-df5695182bbb', 'f7efb5b5-6fa0-4b21-9e84-74e38e097887', 936228.0, 638679.0, '2025-04-01');
INSERT INTO operations (id, action_id, wilaya_id, title, year, status, observation) VALUES ('2e937340-a2a5-4874-a0ef-da71ce819cf9', NULL, '394d1657-f81d-41bf-b38e-6dbacb7bfc24', 'Opération inconnue', 2025, 'nan', 'nan');
INSERT INTO wilayas (id, code, name) VALUES ('394d1657-f81d-41bf-b38e-6dbacb7bfc24', '40', 'Khenechla');
INSERT INTO engagements (id, operation_id, amount, year, type) VALUES ('4b2845e2-760a-412e-ae31-fd5472c532d8', '2e937340-a2a5-4874-a0ef-da71ce819cf9', 1210373.0, 2025, 'initial');
INSERT INTO financial_operations (id, operation_id, executed_ae, executed_cp, execution_date) VALUES ('0f835b20-537f-43b3-ade5-13b1fa64aa3d', '2e937340-a2a5-4874-a0ef-da71ce819cf9', 1210373.0, 513457.0, '2025-04-01');
INSERT INTO operations (id, action_id, wilaya_id, title, year, status, observation) VALUES ('9edf2c1e-b7c8-4114-839d-80718d4c1bc8', NULL, '9ec7d8ac-d1ca-4610-a92a-24698ac8b1fa', 'Opération inconnue', 2025, 'nan', 'nan');
INSERT INTO wilayas (id, code, name) VALUES ('9ec7d8ac-d1ca-4610-a92a-24698ac8b1fa', '40', 'Khenechla');
INSERT INTO engagements (id, operation_id, amount, year, type) VALUES ('645924d2-034f-4617-8cba-972c5b2134d8', '9edf2c1e-b7c8-4114-839d-80718d4c1bc8', 1331871.0, 2025, 'initial');
INSERT INTO financial_operations (id, operation_id, executed_ae, executed_cp, execution_date) VALUES ('7eab47cd-c91e-41d2-b86a-61b4f35a25a9', '9edf2c1e-b7c8-4114-839d-80718d4c1bc8', 1331871.0, 1157747.0, '2025-04-01');
INSERT INTO operations (id, action_id, wilaya_id, title, year, status, observation) VALUES ('6d95c374-6526-4630-a5a7-3333bd58fbb6', NULL, '56c3914f-2fca-45e2-85cb-17afeb114f2c', 'Opération inconnue', 2025, 'nan', 'nan');
INSERT INTO wilayas (id, code, name) VALUES ('56c3914f-2fca-45e2-85cb-17afeb114f2c', '40', 'Khenechla');
INSERT INTO engagements (id, operation_id, amount, year, type) VALUES ('a8c35304-725d-4c19-8e96-4d8b191c0d86', '6d95c374-6526-4630-a5a7-3333bd58fbb6', 13611907.0, 2025, 'initial');
INSERT INTO financial_operations (id, operation_id, executed_ae, executed_cp, execution_date) VALUES ('1f298e9e-4c1f-4a52-8e31-31b80dc16696', '6d95c374-6526-4630-a5a7-3333bd58fbb6', 13611907.0, 10529573.0, '2025-04-01');
INSERT INTO operations (id, action_id, wilaya_id, title, year, status, observation) VALUES ('5a15d34e-8540-4db6-999e-cdc20c30d28b', NULL, '9bed83b5-3beb-4667-8b05-8a755339eccf', 'Opération inconnue', 2025, 'nan', 'nan');
INSERT INTO wilayas (id, code, name) VALUES ('9bed83b5-3beb-4667-8b05-8a755339eccf', '40', 'Khenechla');
INSERT INTO engagements (id, operation_id, amount, year, type) VALUES ('9be14df2-b0d0-4bc5-ba3c-4f9b5e571699', '5a15d34e-8540-4db6-999e-cdc20c30d28b', 2142157.0, 2025, 'initial');
INSERT INTO financial_operations (id, operation_id, executed_ae, executed_cp, execution_date) VALUES ('6dd05e84-da01-4a92-a4f6-bbe57784e664', '5a15d34e-8540-4db6-999e-cdc20c30d28b', 2142157.0, 826597.0, '2025-04-01');
INSERT INTO operations (id, action_id, wilaya_id, title, year, status, observation) VALUES ('fcafc07d-fafc-4da8-a1df-9c78a4f878f2', NULL, 'b6dd064b-8bb2-434c-9db2-ee06754d2bf5', 'Opération inconnue', 2025, 'nan', 'nan');
INSERT INTO wilayas (id, code, name) VALUES ('b6dd064b-8bb2-434c-9db2-ee06754d2bf5', '40', 'Khenechla');
INSERT INTO engagements (id, operation_id, amount, year, type) VALUES ('8fcef385-24c4-451a-8a5a-0f333219d5ce', 'fcafc07d-fafc-4da8-a1df-9c78a4f878f2', 1999404.0, 2025, 'initial');
INSERT INTO financial_operations (id, operation_id, executed_ae, executed_cp, execution_date) VALUES ('507d682e-519e-4143-8aa3-7f068c48f7db', 'fcafc07d-fafc-4da8-a1df-9c78a4f878f2', 1999404.0, 412576.0, '2025-04-01');
INSERT INTO operations (id, action_id, wilaya_id, title, year, status, observation) VALUES ('5c77145e-bc72-4ed2-88d4-d248de0637b2', NULL, '02420f38-6084-4505-b36f-40986a25adeb', 'Opération inconnue', 2025, 'nan', 'nan');
INSERT INTO wilayas (id, code, name) VALUES ('02420f38-6084-4505-b36f-40986a25adeb', '40', 'Khenechla');
INSERT INTO engagements (id, operation_id, amount, year, type) VALUES ('93e66dd8-08b5-4749-9dfd-81f9da6e29d6', '5c77145e-bc72-4ed2-88d4-d248de0637b2', 1517700.0, 2025, 'initial');
INSERT INTO financial_operations (id, operation_id, executed_ae, executed_cp, execution_date) VALUES ('1f05ac7b-ba4d-4aea-8d9b-a512b2193d81', '5c77145e-bc72-4ed2-88d4-d248de0637b2', 1517700.0, 1428287.0, '2025-04-01');
INSERT INTO operations (id, action_id, wilaya_id, title, year, status, observation) VALUES ('49163e40-2cf4-4418-a8d5-e08e65bec4ab', NULL, '7ffb2666-edeb-4194-888f-ef279d2596ab', 'Opération inconnue', 2025, 'nan', 'nan');
INSERT INTO wilayas (id, code, name) VALUES ('7ffb2666-edeb-4194-888f-ef279d2596ab', '40', 'Khenechla');
INSERT INTO engagements (id, operation_id, amount, year, type) VALUES ('f0243cfe-ff37-4d86-8524-97678d823cee', '49163e40-2cf4-4418-a8d5-e08e65bec4ab', 1201064.0, 2025, 'initial');
INSERT INTO financial_operations (id, operation_id, executed_ae, executed_cp, execution_date) VALUES ('bb3ec4af-45f6-475a-a67b-43353ae3f2ca', '49163e40-2cf4-4418-a8d5-e08e65bec4ab', 1201064.0, 574074.0, '2025-04-01');
INSERT INTO operations (id, action_id, wilaya_id, title, year, status, observation) VALUES ('b8810bbf-1c40-4591-8440-e30ae4541550', NULL, '226f9ca1-8a6f-41d2-94ed-dbdf173df877', 'Opération inconnue', 2025, 'nan', 'nan');
INSERT INTO wilayas (id, code, name) VALUES ('226f9ca1-8a6f-41d2-94ed-dbdf173df877', '40', 'Khenechla');
INSERT INTO engagements (id, operation_id, amount, year, type) VALUES ('75280252-06cf-4682-870c-61205500dbfa', 'b8810bbf-1c40-4591-8440-e30ae4541550', 1637616.0, 2025, 'initial');
INSERT INTO financial_operations (id, operation_id, executed_ae, executed_cp, execution_date) VALUES ('bee40967-0928-49db-974d-6522a363b9d6', 'b8810bbf-1c40-4591-8440-e30ae4541550', 1637616.0, 507012.0, '2025-04-01');
INSERT INTO operations (id, action_id, wilaya_id, title, year, status, observation) VALUES ('cf39c373-fbe3-447c-8c4f-a9ce2a584049', NULL, '54f0906f-31d0-49c2-ac13-2bd370e5c577', 'Opération inconnue', 2025, 'nan', 'nan');
INSERT INTO wilayas (id, code, name) VALUES ('54f0906f-31d0-49c2-ac13-2bd370e5c577', '40', 'Khenechla');
INSERT INTO engagements (id, operation_id, amount, year, type) VALUES ('442e0328-e631-478d-81a2-4b37a27c9b32', 'cf39c373-fbe3-447c-8c4f-a9ce2a584049', 2986303.0, 2025, 'initial');
INSERT INTO financial_operations (id, operation_id, executed_ae, executed_cp, execution_date) VALUES ('6292b2b3-0621-4762-947d-570f5d792bf9', 'cf39c373-fbe3-447c-8c4f-a9ce2a584049', 2986303.0, 2285748.0, '2025-04-01');
INSERT INTO operations (id, action_id, wilaya_id, title, year, status, observation) VALUES ('d7ce0004-6f40-4202-abbf-b04503e2b2ba', NULL, '3e9e501a-f831-4f68-a8e3-8a57eb3b5c7e', 'Opération inconnue', 2025, 'nan', 'nan');
INSERT INTO wilayas (id, code, name) VALUES ('3e9e501a-f831-4f68-a8e3-8a57eb3b5c7e', '40', 'Khenechla');
INSERT INTO engagements (id, operation_id, amount, year, type) VALUES ('266eb407-29c9-417e-a66c-2f2a693808b9', 'd7ce0004-6f40-4202-abbf-b04503e2b2ba', 1997405.0, 2025, 'initial');
INSERT INTO financial_operations (id, operation_id, executed_ae, executed_cp, execution_date) VALUES ('d1019b0a-4027-48ad-a686-b4fa0ddb7ada', 'd7ce0004-6f40-4202-abbf-b04503e2b2ba', 1997405.0, 1906385.0, '2025-04-01');
INSERT INTO operations (id, action_id, wilaya_id, title, year, status, observation) VALUES ('a7046576-516f-43d3-8f7c-ff55edc3f68e', NULL, '7b20753a-ae8b-408c-8a5d-114484c724b3', 'Opération inconnue', 2025, 'nan', 'nan');
INSERT INTO wilayas (id, code, name) VALUES ('7b20753a-ae8b-408c-8a5d-114484c724b3', '40', 'Khenechla');
INSERT INTO engagements (id, operation_id, amount, year, type) VALUES ('879a12d3-29fd-4ad1-9a84-52df949aed44', 'a7046576-516f-43d3-8f7c-ff55edc3f68e', 3435134.0, 2025, 'initial');
INSERT INTO financial_operations (id, operation_id, executed_ae, executed_cp, execution_date) VALUES ('9abb45d2-9f9c-4aed-baf6-1702a656565f', 'a7046576-516f-43d3-8f7c-ff55edc3f68e', 3435134.0, 1549144.0, '2025-04-01');
INSERT INTO operations (id, action_id, wilaya_id, title, year, status, observation) VALUES ('49d9188f-e988-4682-bdc0-e2aad70c528e', NULL, '5bcddbba-a58d-4ae9-9c2c-41db83ea6099', 'Opération inconnue', 2025, 'nan', 'nan');
INSERT INTO wilayas (id, code, name) VALUES ('5bcddbba-a58d-4ae9-9c2c-41db83ea6099', '40', 'Khenechla');
INSERT INTO engagements (id, operation_id, amount, year, type) VALUES ('2e1ad405-61b2-44d0-85ce-6106a10a9e20', '49d9188f-e988-4682-bdc0-e2aad70c528e', NULL, 2025, 'initial');
INSERT INTO financial_operations (id, operation_id, executed_ae, executed_cp, execution_date) VALUES ('3b52e7eb-bfea-44fd-bcde-50b318528b87', '49d9188f-e988-4682-bdc0-e2aad70c528e', NULL, NULL, '2025-04-01');
INSERT INTO operations (id, action_id, wilaya_id, title, year, status, observation) VALUES ('c39658fb-7033-4ae1-9656-9f65ffe27ee8', NULL, '2959c248-449c-40fd-865c-9ca97f7149d5', 'Opération inconnue', 2025, 'nan', 'nan');
INSERT INTO wilayas (id, code, name) VALUES ('2959c248-449c-40fd-865c-9ca97f7149d5', '40', 'Khenechla');
INSERT INTO engagements (id, operation_id, amount, year, type) VALUES ('65eeab76-698d-4d5a-a7b8-d3dc98e76aac', 'c39658fb-7033-4ae1-9656-9f65ffe27ee8', 2997084.0, 2025, 'initial');
INSERT INTO financial_operations (id, operation_id, executed_ae, executed_cp, execution_date) VALUES ('285cddf8-b246-4f08-8fdc-91f208960a37', 'c39658fb-7033-4ae1-9656-9f65ffe27ee8', 2997084.0, 0.0, '2025-04-01');
INSERT INTO operations (id, action_id, wilaya_id, title, year, status, observation) VALUES ('c51dcaf5-fc87-4076-b363-853502cb18a1', NULL, '8bd472c3-4cef-4972-a6e1-1c94e8a543ac', 'Opération inconnue', 2025, 'nan', '  /');
INSERT INTO wilayas (id, code, name) VALUES ('8bd472c3-4cef-4972-a6e1-1c94e8a543ac', '04', 'Oum El Bouaghi');
INSERT INTO engagements (id, operation_id, amount, year, type) VALUES ('59ceb9fa-1ffe-44ae-bd4a-ff6efcc13a14', 'c51dcaf5-fc87-4076-b363-853502cb18a1', NULL, 2025, 'initial');
INSERT INTO financial_operations (id, operation_id, executed_ae, executed_cp, execution_date) VALUES ('5030cb76-38a6-4dfc-85ed-5c2c1c86030c', 'c51dcaf5-fc87-4076-b363-853502cb18a1', NULL, 0.0, '2025-04-01');
INSERT INTO operations (id, action_id, wilaya_id, title, year, status, observation) VALUES ('abc6d893-d480-4b9a-94b6-c4b59b4c7461', NULL, '2d90f127-64ad-42f9-ab4a-c734a38da9cd', 'Opération inconnue', 2025, 'nan', ' /');
INSERT INTO wilayas (id, code, name) VALUES ('2d90f127-64ad-42f9-ab4a-c734a38da9cd', '04', 'Oum El Bouaghi');
INSERT INTO engagements (id, operation_id, amount, year, type) VALUES ('b831bf02-7ad9-4896-b9d7-7c7b77818f08', 'abc6d893-d480-4b9a-94b6-c4b59b4c7461', NULL, 2025, 'initial');
INSERT INTO financial_operations (id, operation_id, executed_ae, executed_cp, execution_date) VALUES ('31bf8019-7544-4ff7-9451-1e4a25d3f46b', 'abc6d893-d480-4b9a-94b6-c4b59b4c7461', NULL, 762251.0, '2025-04-01');
INSERT INTO operations (id, action_id, wilaya_id, title, year, status, observation) VALUES ('a44829ac-3ec8-4604-bf2c-f2dfd732c475', NULL, 'da8a7d69-63e2-4c7e-9d7f-8cc5f2e3cc60', 'Opération inconnue', 2025, 'nan', 'nan');
INSERT INTO wilayas (id, code, name) VALUES ('da8a7d69-63e2-4c7e-9d7f-8cc5f2e3cc60', '04', 'Oum El Bouaghi');
INSERT INTO engagements (id, operation_id, amount, year, type) VALUES ('c6cc3786-a5aa-4b7e-9229-8e3f961068b9', 'a44829ac-3ec8-4604-bf2c-f2dfd732c475', NULL, 2025, 'initial');
INSERT INTO financial_operations (id, operation_id, executed_ae, executed_cp, execution_date) VALUES ('d43b3e76-b310-4438-9e97-334b4087d5a3', 'a44829ac-3ec8-4604-bf2c-f2dfd732c475', NULL, 1135783.0, '2025-04-01');
INSERT INTO operations (id, action_id, wilaya_id, title, year, status, observation) VALUES ('063dbfb3-b351-4dc6-8e46-13c7cf0120ee', NULL, '6e00f352-1e4c-43a7-9361-8b75481083b7', 'Opération inconnue', 2025, 'nan', 'nan');
INSERT INTO wilayas (id, code, name) VALUES ('6e00f352-1e4c-43a7-9361-8b75481083b7', '04', 'Oum El Bouaghi');
INSERT INTO engagements (id, operation_id, amount, year, type) VALUES ('de38e2da-af8a-4c00-987b-745bbae7e48d', '063dbfb3-b351-4dc6-8e46-13c7cf0120ee', NULL, 2025, 'initial');
INSERT INTO financial_operations (id, operation_id, executed_ae, executed_cp, execution_date) VALUES ('3550989f-b122-4d01-b2e1-9b14fd30ed9a', '063dbfb3-b351-4dc6-8e46-13c7cf0120ee', NULL, 4160577.0, '2025-04-01');
INSERT INTO operations (id, action_id, wilaya_id, title, year, status, observation) VALUES ('bd8b4dbf-61e0-4881-8c31-3a4c75f865a0', NULL, '03469bdf-0711-4a4c-9df0-e5698f15677f', 'Opération inconnue', 2025, 'nan', 'nan');
INSERT INTO wilayas (id, code, name) VALUES ('03469bdf-0711-4a4c-9df0-e5698f15677f', '04', 'Oum El Bouaghi');
INSERT INTO engagements (id, operation_id, amount, year, type) VALUES ('342839b3-311a-4a2b-8231-caf8b7be8ff5', 'bd8b4dbf-61e0-4881-8c31-3a4c75f865a0', NULL, 2025, 'initial');
INSERT INTO financial_operations (id, operation_id, executed_ae, executed_cp, execution_date) VALUES ('76f5a17c-23f2-48ad-99c8-7848e5ba1cac', 'bd8b4dbf-61e0-4881-8c31-3a4c75f865a0', NULL, 341235.0, '2025-04-01');
INSERT INTO operations (id, action_id, wilaya_id, title, year, status, observation) VALUES ('7759f2d3-20bc-4f4c-a723-efa9f2a955c8', NULL, '7618ae19-f4c0-4e4c-8409-0896948dae1d', 'Opération inconnue', 2025, 'nan', 'nan');
INSERT INTO wilayas (id, code, name) VALUES ('7618ae19-f4c0-4e4c-8409-0896948dae1d', '04', 'Oum El Bouaghi');
INSERT INTO engagements (id, operation_id, amount, year, type) VALUES ('feab3e7a-dd3b-4a2f-8ae2-e5411026ffe8', '7759f2d3-20bc-4f4c-a723-efa9f2a955c8', NULL, 2025, 'initial');
INSERT INTO financial_operations (id, operation_id, executed_ae, executed_cp, execution_date) VALUES ('c3c8dcad-fe8a-4ad2-b734-864ca733edfe', '7759f2d3-20bc-4f4c-a723-efa9f2a955c8', NULL, 3156.0, '2025-04-01');
INSERT INTO operations (id, action_id, wilaya_id, title, year, status, observation) VALUES ('0496bd47-9761-4fc9-895f-27c554eb0796', NULL, '75a2f3f0-075b-49d0-a1ca-bb834fbe3f0a', 'Opération inconnue', 2025, 'nan', 'nan');
INSERT INTO wilayas (id, code, name) VALUES ('75a2f3f0-075b-49d0-a1ca-bb834fbe3f0a', '04', 'Oum El Bouaghi');
INSERT INTO engagements (id, operation_id, amount, year, type) VALUES ('f44f7e9c-2ae7-4d38-b5f7-5b9c5c601a99', '0496bd47-9761-4fc9-895f-27c554eb0796', NULL, 2025, 'initial');
INSERT INTO financial_operations (id, operation_id, executed_ae, executed_cp, execution_date) VALUES ('abb2de00-06b9-43df-bf34-ec6049c387ec', '0496bd47-9761-4fc9-895f-27c554eb0796', NULL, NULL, '2025-04-01');
INSERT INTO operations (id, action_id, wilaya_id, title, year, status, observation) VALUES ('d3b26493-186f-490c-818c-85e9526b3983', NULL, 'e5ee91cd-e932-4c3d-9867-5fcc649241c6', 'Opération inconnue', 2025, 'nan', 'nan');
INSERT INTO wilayas (id, code, name) VALUES ('e5ee91cd-e932-4c3d-9867-5fcc649241c6', '04', 'Oum El Bouaghi');
INSERT INTO engagements (id, operation_id, amount, year, type) VALUES ('2e68adbd-48d7-4224-a130-09b350829253', 'd3b26493-186f-490c-818c-85e9526b3983', NULL, 2025, 'initial');
INSERT INTO financial_operations (id, operation_id, executed_ae, executed_cp, execution_date) VALUES ('d8304b98-3f3d-433c-b60d-8dd34be984ca', 'd3b26493-186f-490c-818c-85e9526b3983', NULL, NULL, '2025-04-01');
INSERT INTO operations (id, action_id, wilaya_id, title, year, status, observation) VALUES ('a55664e4-e809-4da4-96de-a3a7f72e3fa0', NULL, '0bd502c7-9585-44c5-8a8b-dc2495ba55d1', 'Opération inconnue', 2025, 'nan', 'nan');
INSERT INTO wilayas (id, code, name) VALUES ('0bd502c7-9585-44c5-8a8b-dc2495ba55d1', '04', 'Oum El Bouaghi');
INSERT INTO engagements (id, operation_id, amount, year, type) VALUES ('fd354591-03d6-4583-bf25-a132bfc6af0c', 'a55664e4-e809-4da4-96de-a3a7f72e3fa0', NULL, 2025, 'initial');
INSERT INTO financial_operations (id, operation_id, executed_ae, executed_cp, execution_date) VALUES ('89ea89c5-a522-45ac-bd9f-134417f77127', 'a55664e4-e809-4da4-96de-a3a7f72e3fa0', NULL, 806731.0, '2025-04-01');
INSERT INTO operations (id, action_id, wilaya_id, title, year, status, observation) VALUES ('fc768423-29b7-4781-962d-0ded8d593297', NULL, '45303f11-0a08-4ac5-a0f6-48a80c4051b0', 'Opération inconnue', 2025, 'nan', 'nan');
INSERT INTO wilayas (id, code, name) VALUES ('45303f11-0a08-4ac5-a0f6-48a80c4051b0', '04', 'Oum El Bouaghi');
INSERT INTO engagements (id, operation_id, amount, year, type) VALUES ('d209f913-42e0-4953-8940-46527b49e204', 'fc768423-29b7-4781-962d-0ded8d593297', NULL, 2025, 'initial');
INSERT INTO financial_operations (id, operation_id, executed_ae, executed_cp, execution_date) VALUES ('1ee27062-5152-4963-b088-f023e1f0096b', 'fc768423-29b7-4781-962d-0ded8d593297', NULL, 851222.0, '2025-04-01');
INSERT INTO operations (id, action_id, wilaya_id, title, year, status, observation) VALUES ('1a0a5e55-244a-4d45-a51f-6cec5f50852c', NULL, '630e18ec-fa00-4092-89b1-89062986b129', 'Opération inconnue', 2025, 'nan', 'nan');
INSERT INTO wilayas (id, code, name) VALUES ('630e18ec-fa00-4092-89b1-89062986b129', '04', 'Oum El Bouaghi');
INSERT INTO engagements (id, operation_id, amount, year, type) VALUES ('3e87bd72-c153-45c6-842f-eb8bfdd38b3e', '1a0a5e55-244a-4d45-a51f-6cec5f50852c', NULL, 2025, 'initial');
INSERT INTO financial_operations (id, operation_id, executed_ae, executed_cp, execution_date) VALUES ('d93c3b20-2b2d-4686-8fb2-f3833bcd1193', '1a0a5e55-244a-4d45-a51f-6cec5f50852c', NULL, 1106580.0, '2025-04-01');
INSERT INTO operations (id, action_id, wilaya_id, title, year, status, observation) VALUES ('2dec9ba2-d9cb-4e24-b07b-8d08a7cbf789', NULL, '4aa10325-b3f9-4dd4-b25f-f3b6b286436c', 'Opération inconnue', 2025, 'nan', 'Opération à l''arrêt');
INSERT INTO wilayas (id, code, name) VALUES ('4aa10325-b3f9-4dd4-b25f-f3b6b286436c', '21', 'Skikda');
INSERT INTO engagements (id, operation_id, amount, year, type) VALUES ('6033a9b5-8b95-442f-95f2-5256c24cb360', '2dec9ba2-d9cb-4e24-b07b-8d08a7cbf789', NULL, 2025, 'initial');
INSERT INTO financial_operations (id, operation_id, executed_ae, executed_cp, execution_date) VALUES ('854a49ed-538f-4e10-ab8d-8c778f47d445', '2dec9ba2-d9cb-4e24-b07b-8d08a7cbf789', NULL, 1021151.31956, '2025-04-01');
INSERT INTO operations (id, action_id, wilaya_id, title, year, status, observation) VALUES ('4c2a477a-1fc5-492b-b922-0442af8cc1de', NULL, 'f9269fef-be0e-4b53-a23a-57d56848b63e', 'Opération inconnue', 2025, 'nan', '
Phase ouverture des plis après le 3ème appel d''offres ');
INSERT INTO wilayas (id, code, name) VALUES ('f9269fef-be0e-4b53-a23a-57d56848b63e', '21', 'Skikda');
INSERT INTO engagements (id, operation_id, amount, year, type) VALUES ('d54d24f4-4786-464d-b2f5-f439d3558518', '4c2a477a-1fc5-492b-b922-0442af8cc1de', NULL, 2025, 'initial');
INSERT INTO financial_operations (id, operation_id, executed_ae, executed_cp, execution_date) VALUES ('d153f333-d739-4a5c-b409-5025d3a53af6', '4c2a477a-1fc5-492b-b922-0442af8cc1de', NULL, 974.61, '2025-04-01');
INSERT INTO operations (id, action_id, wilaya_id, title, year, status, observation) VALUES ('813293eb-c168-4931-aedb-3fbb4be19fb0', NULL, 'a66df616-f332-403d-b707-efb5fd8312ae', 'Opération inconnue', 2025, 'nan', 'La STEP est mise en régime et sera en exploitation (par l''entreprise) pendant deux (02) ans apres la reception provisoire ');
INSERT INTO wilayas (id, code, name) VALUES ('a66df616-f332-403d-b707-efb5fd8312ae', '21', 'Skikda');
INSERT INTO engagements (id, operation_id, amount, year, type) VALUES ('7dd106dc-8b91-48b7-9d7f-563aac408379', '813293eb-c168-4931-aedb-3fbb4be19fb0', NULL, 2025, 'initial');
INSERT INTO financial_operations (id, operation_id, executed_ae, executed_cp, execution_date) VALUES ('7e1165eb-c531-4ed2-9644-b9e82d43b896', '813293eb-c168-4931-aedb-3fbb4be19fb0', NULL, 2649907.60348, '2025-04-01');
INSERT INTO operations (id, action_id, wilaya_id, title, year, status, observation) VALUES ('a0498bd8-5f79-4c25-a92a-8a30d487d1bc', NULL, '02d99ac6-a701-477c-a5fe-3b7e3f3b35b7', 'Opération inconnue', 2025, 'nan', 'Reste travaux de pose des couches GB+BB+ETP réclament la hausse des prix +ETP est mise en demeure pour la deuxieme fois');
INSERT INTO wilayas (id, code, name) VALUES ('02d99ac6-a701-477c-a5fe-3b7e3f3b35b7', '41', 'Souk Ahras');
INSERT INTO engagements (id, operation_id, amount, year, type) VALUES ('3af776bc-8d3b-4ed7-ad34-d455940dae68', 'a0498bd8-5f79-4c25-a92a-8a30d487d1bc', NULL, 2025, 'initial');
INSERT INTO financial_operations (id, operation_id, executed_ae, executed_cp, execution_date) VALUES ('e1f33b1b-5d22-48fa-bd4f-6eabfa3adaf4', 'a0498bd8-5f79-4c25-a92a-8a30d487d1bc', NULL, 2341776.0, '2025-04-01');
INSERT INTO operations (id, action_id, wilaya_id, title, year, status, observation) VALUES ('fe7c6edf-dd54-48eb-8215-cf0b6ff2bf14', NULL, '7769a9ea-e3d0-4d72-b579-47b51f2d66d2', 'Opération inconnue', 2025, 'nan', 'En cours');
INSERT INTO wilayas (id, code, name) VALUES ('7769a9ea-e3d0-4d72-b579-47b51f2d66d2', '41', 'Souk Ahras');
INSERT INTO engagements (id, operation_id, amount, year, type) VALUES ('ac997041-3e76-4dc7-bb88-618a24a22712', 'fe7c6edf-dd54-48eb-8215-cf0b6ff2bf14', NULL, 2025, 'initial');
INSERT INTO financial_operations (id, operation_id, executed_ae, executed_cp, execution_date) VALUES ('d1089dd6-da53-4091-b6ee-b650e0cba582', 'fe7c6edf-dd54-48eb-8215-cf0b6ff2bf14', NULL, 1325438.0, '2025-04-01');
INSERT INTO operations (id, action_id, wilaya_id, title, year, status, observation) VALUES ('c531a9d0-a69f-4daf-99f2-d2aeb32c6b6e', NULL, '9ca976b4-d3c0-4a07-8fe0-124071a3e780', 'Opération inconnue', 2025, 'nan', 'تم الإعلان عن طلب عروض بعد تعديل دفتر الشروط  لإنجاز الوحدة الجمهورية في 07 حصص');
INSERT INTO wilayas (id, code, name) VALUES ('9ca976b4-d3c0-4a07-8fe0-124071a3e780', '41', 'Souk Ahras');
INSERT INTO engagements (id, operation_id, amount, year, type) VALUES ('5749873f-2ee7-4769-92b2-13bcaadf8d4c', 'c531a9d0-a69f-4daf-99f2-d2aeb32c6b6e', NULL, 2025, 'initial');
INSERT INTO financial_operations (id, operation_id, executed_ae, executed_cp, execution_date) VALUES ('0c6fc67e-e4a4-41d0-a920-2e4d70990f0b', 'c531a9d0-a69f-4daf-99f2-d2aeb32c6b6e', NULL, 238684.0, '2025-04-01');
INSERT INTO operations (id, action_id, wilaya_id, title, year, status, observation) VALUES ('270c82e6-4643-47df-8831-be6f5385ee5c', NULL, '20b660d7-9830-49d5-8a57-0896624ef336', 'Opération inconnue', 2025, 'nan', 'En cours');
INSERT INTO wilayas (id, code, name) VALUES ('20b660d7-9830-49d5-8a57-0896624ef336', '41', 'Souk Ahras');
INSERT INTO engagements (id, operation_id, amount, year, type) VALUES ('df484d74-a6b0-4972-a414-b40f6d79f1af', '270c82e6-4643-47df-8831-be6f5385ee5c', NULL, 2025, 'initial');
INSERT INTO financial_operations (id, operation_id, executed_ae, executed_cp, execution_date) VALUES ('5bde7fb6-a00c-4da8-b75b-91ca92cc9dde', '270c82e6-4643-47df-8831-be6f5385ee5c', NULL, 2867642.0, '2025-04-01');
INSERT INTO operations (id, action_id, wilaya_id, title, year, status, observation) VALUES ('4abdf9c6-6524-4b91-8f21-f0aee8368669', NULL, 'fdc8250b-9584-4906-a813-832d7af6b64f', 'Opération inconnue', 2025, 'nan', 'En cours');
INSERT INTO wilayas (id, code, name) VALUES ('fdc8250b-9584-4906-a813-832d7af6b64f', '41', 'Souk Ahras');
INSERT INTO engagements (id, operation_id, amount, year, type) VALUES ('cec955ac-0e41-4aaf-906d-f08db7b43a5c', '4abdf9c6-6524-4b91-8f21-f0aee8368669', NULL, 2025, 'initial');
INSERT INTO financial_operations (id, operation_id, executed_ae, executed_cp, execution_date) VALUES ('054badf4-d6b0-4c17-a4b2-be21ba52a692', '4abdf9c6-6524-4b91-8f21-f0aee8368669', NULL, 632429.0, '2025-04-01');
INSERT INTO operations (id, action_id, wilaya_id, title, year, status, observation) VALUES ('7667c172-dbc2-4560-abb5-1dd5e4785740', NULL, 'd369bac6-8404-4fd6-a8ee-6d2785e5e6c4', 'Opération inconnue', 2025, 'nan', 'En cours');
INSERT INTO wilayas (id, code, name) VALUES ('d369bac6-8404-4fd6-a8ee-6d2785e5e6c4', '41', 'Souk Ahras');
INSERT INTO engagements (id, operation_id, amount, year, type) VALUES ('79cb9352-21bd-4475-be5a-e9ef514820fa', '7667c172-dbc2-4560-abb5-1dd5e4785740', NULL, 2025, 'initial');
INSERT INTO financial_operations (id, operation_id, executed_ae, executed_cp, execution_date) VALUES ('8e820adc-ff3c-4982-940e-59f385e9d4fe', '7667c172-dbc2-4560-abb5-1dd5e4785740', NULL, 6830.0, '2025-04-01');
INSERT INTO operations (id, action_id, wilaya_id, title, year, status, observation) VALUES ('a0f58b90-4ea2-42f1-bb3c-e3c197b1221b', NULL, '629ed639-8d58-43e8-8083-512e859f286d', 'Opération inconnue', 2025, 'nan', 'En cours');
INSERT INTO wilayas (id, code, name) VALUES ('629ed639-8d58-43e8-8083-512e859f286d', '41', 'Souk Ahras');
INSERT INTO engagements (id, operation_id, amount, year, type) VALUES ('db56628a-3b21-4b4c-83b5-25273d706493', 'a0f58b90-4ea2-42f1-bb3c-e3c197b1221b', NULL, 2025, 'initial');
INSERT INTO financial_operations (id, operation_id, executed_ae, executed_cp, execution_date) VALUES ('fdbf43b6-7bb5-46ee-8aff-3657f890a812', 'a0f58b90-4ea2-42f1-bb3c-e3c197b1221b', NULL, 1092.0, '2025-04-01');
INSERT INTO operations (id, action_id, wilaya_id, title, year, status, observation) VALUES ('b1ebe90f-ef39-4a83-a3b3-a7482203de68', NULL, '45747405-2253-4a42-95cd-d6da7e30da53', 'Opération inconnue', 2025, 'nan', 'pogramme 2023 En cours pour les 8 centres');
INSERT INTO wilayas (id, code, name) VALUES ('45747405-2253-4a42-95cd-d6da7e30da53', '12', 'Tebessa');
INSERT INTO engagements (id, operation_id, amount, year, type) VALUES ('10e76add-470e-401e-9f0e-d7555f196e62', 'b1ebe90f-ef39-4a83-a3b3-a7482203de68', NULL, 2025, 'initial');
INSERT INTO financial_operations (id, operation_id, executed_ae, executed_cp, execution_date) VALUES ('59716bee-5f6a-4ccb-81cf-6d391cfcbb98', 'b1ebe90f-ef39-4a83-a3b3-a7482203de68', NULL, 5861.0, '2025-04-01');
INSERT INTO operations (id, action_id, wilaya_id, title, year, status, observation) VALUES ('300553bd-d3cb-466d-9b49-d94117abd5e0', NULL, '87d16588-bd6a-4fea-8c6f-a2ee244c8310', 'Opération inconnue', 2025, 'nan', ' PEC-PSD                                  Non lancée,  lancement subordoné à l''achèvement de l''étude ,');
INSERT INTO wilayas (id, code, name) VALUES ('87d16588-bd6a-4fea-8c6f-a2ee244c8310', '12', 'Tebessa');
INSERT INTO engagements (id, operation_id, amount, year, type) VALUES ('383e9900-1aac-442d-95a8-1c0ff6946823', '300553bd-d3cb-466d-9b49-d94117abd5e0', NULL, 2025, 'initial');
INSERT INTO financial_operations (id, operation_id, executed_ae, executed_cp, execution_date) VALUES ('b37743f6-002c-4f47-90d3-a3efd8e8e8c8', '300553bd-d3cb-466d-9b49-d94117abd5e0', NULL, 0.0, '2025-04-01');
INSERT INTO operations (id, action_id, wilaya_id, title, year, status, observation) VALUES ('b747dc5e-870f-4bd4-9114-7a6582a421cc', NULL, '5dac1895-de6f-462b-b813-d0f5336cba13', 'Opération inconnue', 2025, 'nan', 'Programme 2024');
INSERT INTO wilayas (id, code, name) VALUES ('5dac1895-de6f-462b-b813-d0f5336cba13', '12', 'Tebessa');
INSERT INTO engagements (id, operation_id, amount, year, type) VALUES ('10357fa4-ce4d-4423-b0a3-990f290403f1', 'b747dc5e-870f-4bd4-9114-7a6582a421cc', NULL, 2025, 'initial');
INSERT INTO financial_operations (id, operation_id, executed_ae, executed_cp, execution_date) VALUES ('c1fbb657-844a-422d-a3ef-b9d9d5bc26ba', 'b747dc5e-870f-4bd4-9114-7a6582a421cc', NULL, 302251.0, '2025-04-01');
INSERT INTO operations (id, action_id, wilaya_id, title, year, status, observation) VALUES ('290899a6-a2f2-48c6-869d-534c38b67ccc', NULL, 'afe7c64e-b560-48f3-9379-6108171322df', 'Opération inconnue', 2025, 'nan', 'programme 2024 en cours ');
INSERT INTO wilayas (id, code, name) VALUES ('afe7c64e-b560-48f3-9379-6108171322df', '12', 'Tebessa');
INSERT INTO engagements (id, operation_id, amount, year, type) VALUES ('3bbe7298-9426-4cf4-aad8-89bdb0033395', '290899a6-a2f2-48c6-869d-534c38b67ccc', NULL, 2025, 'initial');
INSERT INTO financial_operations (id, operation_id, executed_ae, executed_cp, execution_date) VALUES ('92fed7c9-37f2-48ac-b4a1-1f724fe039bf', '290899a6-a2f2-48c6-869d-534c38b67ccc', NULL, 215431.0, '2025-04-01');
INSERT INTO operations (id, action_id, wilaya_id, title, year, status, observation) VALUES ('bfd2fa4e-88f8-4562-961a-101c6f892d3e', NULL, '9e49d348-d1bb-4191-835a-94889e805bbb', 'Opération inconnue', 2025, 'nan', 'PEC-PSD                   en cours ');
INSERT INTO wilayas (id, code, name) VALUES ('9e49d348-d1bb-4191-835a-94889e805bbb', '12', 'Tebessa');
INSERT INTO engagements (id, operation_id, amount, year, type) VALUES ('b89b007e-44de-4131-80b0-916bbd990277', 'bfd2fa4e-88f8-4562-961a-101c6f892d3e', NULL, 2025, 'initial');
INSERT INTO financial_operations (id, operation_id, executed_ae, executed_cp, execution_date) VALUES ('3b09a632-8567-478d-8cce-854fce122730', 'bfd2fa4e-88f8-4562-961a-101c6f892d3e', NULL, 691349.0, '2025-04-01');
INSERT INTO operations (id, action_id, wilaya_id, title, year, status, observation) VALUES ('ad200c75-0a44-4dd4-b70d-3edeca4bd7c0', NULL, '9cb26453-6432-48a4-b1c2-273161c4f028', 'Opération inconnue', 2025, 'nan', 'PEC-PSD                    en cours ');
INSERT INTO wilayas (id, code, name) VALUES ('9cb26453-6432-48a4-b1c2-273161c4f028', '12', 'Tebessa');
INSERT INTO engagements (id, operation_id, amount, year, type) VALUES ('0687583e-e43a-4b63-bc9d-4298b305aad6', 'ad200c75-0a44-4dd4-b70d-3edeca4bd7c0', NULL, 2025, 'initial');
INSERT INTO financial_operations (id, operation_id, executed_ae, executed_cp, execution_date) VALUES ('3dae6e89-e600-4bbc-b940-d35a4209fce9', 'ad200c75-0a44-4dd4-b70d-3edeca4bd7c0', NULL, 5665358.0, '2025-04-01');
INSERT INTO operations (id, action_id, wilaya_id, title, year, status, observation) VALUES ('1eec56d3-c6ea-4f0d-af81-594040efd572', NULL, '9add2f62-f496-4b3b-9e57-dd38d119dc28', 'Opération inconnue', 2025, 'nan', '  PEC-PSD  Achevée');
INSERT INTO wilayas (id, code, name) VALUES ('9add2f62-f496-4b3b-9e57-dd38d119dc28', '12', 'Tebessa');
INSERT INTO engagements (id, operation_id, amount, year, type) VALUES ('68154769-fd94-4db6-9aca-c8634902df17', '1eec56d3-c6ea-4f0d-af81-594040efd572', NULL, 2025, 'initial');
INSERT INTO financial_operations (id, operation_id, executed_ae, executed_cp, execution_date) VALUES ('f443b811-5d03-4ae2-b05e-a457a47d4c89', '1eec56d3-c6ea-4f0d-af81-594040efd572', NULL, 2615012.0, '2025-04-01');
INSERT INTO operations (id, action_id, wilaya_id, title, year, status, observation) VALUES ('41a469c6-1b6a-4e81-87b3-ee8bf326ba9e', NULL, '6753a922-a0cd-45da-bd38-960630b35ab9', 'Opération inconnue', 2025, 'nan', 'Programme complémentaire centralisé géré par SONELGAZ');
INSERT INTO wilayas (id, code, name) VALUES ('6753a922-a0cd-45da-bd38-960630b35ab9', '12', 'Tebessa');
INSERT INTO engagements (id, operation_id, amount, year, type) VALUES ('496f4a11-9912-44aa-80a0-30fa9b6f340d', '41a469c6-1b6a-4e81-87b3-ee8bf326ba9e', NULL, 2025, 'initial');
INSERT INTO financial_operations (id, operation_id, executed_ae, executed_cp, execution_date) VALUES ('31c77ab5-68b7-45db-af9c-d2837ecc2965', '41a469c6-1b6a-4e81-87b3-ee8bf326ba9e', NULL, NULL, '2025-04-01');
INSERT INTO operations (id, action_id, wilaya_id, title, year, status, observation) VALUES ('75e328b4-19ae-4b80-9bc4-390385ee69aa', NULL, 'ff51fde8-e626-4b01-9c02-c4adc575dbc7', 'Opération inconnue', 2025, 'nan', 'Programme complémentaire centralisé géré par SONELGAZ');
INSERT INTO wilayas (id, code, name) VALUES ('ff51fde8-e626-4b01-9c02-c4adc575dbc7', '12', 'Tebessa');
INSERT INTO engagements (id, operation_id, amount, year, type) VALUES ('53fc694f-e736-4c0b-8f62-914f091c05a2', '75e328b4-19ae-4b80-9bc4-390385ee69aa', NULL, 2025, 'initial');
INSERT INTO financial_operations (id, operation_id, executed_ae, executed_cp, execution_date) VALUES ('5f255bdf-f7bf-462c-9c41-d98a369e98ba', '75e328b4-19ae-4b80-9bc4-390385ee69aa', NULL, NULL, '2025-04-01');
INSERT INTO operations (id, action_id, wilaya_id, title, year, status, observation) VALUES ('9b5e6e8a-29c3-4b90-9699-33514dfd97de', NULL, 'bc7b0b37-24d1-483d-8daa-4b53fcf114c6', 'Opération inconnue', 2025, 'nan', 'Programme complémentaire centralisé géré par SONELGAZ');
INSERT INTO wilayas (id, code, name) VALUES ('bc7b0b37-24d1-483d-8daa-4b53fcf114c6', '12', 'Tebessa');
INSERT INTO engagements (id, operation_id, amount, year, type) VALUES ('2b43cab6-2ea4-4824-aaf7-ad16a103d453', '9b5e6e8a-29c3-4b90-9699-33514dfd97de', NULL, 2025, 'initial');
INSERT INTO financial_operations (id, operation_id, executed_ae, executed_cp, execution_date) VALUES ('367c9489-d88e-4e31-bb92-2347b41932ed', '9b5e6e8a-29c3-4b90-9699-33514dfd97de', NULL, NULL, '2025-04-01');
INSERT INTO operations (id, action_id, wilaya_id, title, year, status, observation) VALUES ('893e6e07-1770-484a-befd-4880e9272f31', NULL, '754cb3e8-7fe3-480a-a2d0-11cb98f8b091', 'Opération inconnue', 2025, 'nan', 'Programme complémentaire centralisé géré par SONELGAZ');
INSERT INTO wilayas (id, code, name) VALUES ('754cb3e8-7fe3-480a-a2d0-11cb98f8b091', '12', 'Tebessa');
INSERT INTO engagements (id, operation_id, amount, year, type) VALUES ('a2851dc9-5e5e-4b13-956e-dc37b20f46c4', '893e6e07-1770-484a-befd-4880e9272f31', NULL, 2025, 'initial');
INSERT INTO financial_operations (id, operation_id, executed_ae, executed_cp, execution_date) VALUES ('a1c97f4e-feea-4665-a541-b82f77b1aa18', '893e6e07-1770-484a-befd-4880e9272f31', NULL, NULL, '2025-04-01');
INSERT INTO operations (id, action_id, wilaya_id, title, year, status, observation) VALUES ('115751b0-7ed9-478a-8ce3-fca76a0454d5', NULL, '0c2a6c6a-2f77-4e4a-9a53-054fc1577631', 'Opération inconnue', 2025, 'nan', 'nan');
INSERT INTO wilayas (id, code, name) VALUES ('0c2a6c6a-2f77-4e4a-9a53-054fc1577631', '27', 'Mostaganem');
INSERT INTO engagements (id, operation_id, amount, year, type) VALUES ('94a1f0f1-8508-4e38-a8d8-474046a15e31', '115751b0-7ed9-478a-8ce3-fca76a0454d5', NULL, 2025, 'initial');
INSERT INTO financial_operations (id, operation_id, executed_ae, executed_cp, execution_date) VALUES ('fedd7b5c-305e-44c4-b14b-9047e8c9e8b5', '115751b0-7ed9-478a-8ce3-fca76a0454d5', NULL, NULL, '2025-04-01');
INSERT INTO operations (id, action_id, wilaya_id, title, year, status, observation) VALUES ('e62650cb-0344-45f2-86d5-5b904d888abd', NULL, '4b6da5ba-b6a2-43df-a830-29e5dc45eec8', 'Opération inconnue', 2025, 'nan', 'nan');
INSERT INTO wilayas (id, code, name) VALUES ('4b6da5ba-b6a2-43df-a830-29e5dc45eec8', '29', 'Mascara');
INSERT INTO engagements (id, operation_id, amount, year, type) VALUES ('c9cb5bb0-65e2-4b9c-9dc1-74c8151ef2cd', 'e62650cb-0344-45f2-86d5-5b904d888abd', NULL, 2025, 'initial');
INSERT INTO financial_operations (id, operation_id, executed_ae, executed_cp, execution_date) VALUES ('b4ba56e8-eef6-422a-b756-7856f4e184d5', 'e62650cb-0344-45f2-86d5-5b904d888abd', NULL, NULL, '2025-04-01');
INSERT INTO operations (id, action_id, wilaya_id, title, year, status, observation) VALUES ('2855e882-0206-40ba-88fc-d83947996a40', NULL, 'c97fdd8a-828e-4284-8154-7591d4abe413', 'Opération inconnue', 2025, 'nan', 'nan');
INSERT INTO wilayas (id, code, name) VALUES ('c97fdd8a-828e-4284-8154-7591d4abe413', '29', 'Mascara');
INSERT INTO engagements (id, operation_id, amount, year, type) VALUES ('eb648eb1-6c46-47de-bbd7-9954fc311b95', '2855e882-0206-40ba-88fc-d83947996a40', NULL, 2025, 'initial');
INSERT INTO financial_operations (id, operation_id, executed_ae, executed_cp, execution_date) VALUES ('916bfa52-25f7-4f1e-89eb-6cdb0531c970', '2855e882-0206-40ba-88fc-d83947996a40', NULL, NULL, '2025-04-01');
INSERT INTO operations (id, action_id, wilaya_id, title, year, status, observation) VALUES ('121e3067-de6c-410a-8527-2d009817741c', NULL, '5a7a02a0-410d-4f69-a887-4bae0382bbf3', 'Opération inconnue', 2025, 'nan', 'nan');
INSERT INTO wilayas (id, code, name) VALUES ('5a7a02a0-410d-4f69-a887-4bae0382bbf3', '29', 'Mascara');
INSERT INTO engagements (id, operation_id, amount, year, type) VALUES ('34eae62c-e8d8-455d-91cf-e3f2ae9ce139', '121e3067-de6c-410a-8527-2d009817741c', NULL, 2025, 'initial');
INSERT INTO financial_operations (id, operation_id, executed_ae, executed_cp, execution_date) VALUES ('a692d3b8-8faa-4b9d-9efd-12533abe4aac', '121e3067-de6c-410a-8527-2d009817741c', NULL, NULL, '2025-04-01');
INSERT INTO operations (id, action_id, wilaya_id, title, year, status, observation) VALUES ('463f5443-2518-4da1-a7d5-ce6bf432e001', NULL, '05e6b89f-8364-4405-ab14-3ee7090404f5', 'Opération inconnue', 2025, 'nan', 'nan');
INSERT INTO wilayas (id, code, name) VALUES ('05e6b89f-8364-4405-ab14-3ee7090404f5', '29', 'Mascara');
INSERT INTO engagements (id, operation_id, amount, year, type) VALUES ('c1fd27b4-48e8-4938-969b-589948d2ded7', '463f5443-2518-4da1-a7d5-ce6bf432e001', NULL, 2025, 'initial');
INSERT INTO financial_operations (id, operation_id, executed_ae, executed_cp, execution_date) VALUES ('3078459e-0650-442e-bcc0-f62c024b833a', '463f5443-2518-4da1-a7d5-ce6bf432e001', NULL, NULL, '2025-04-01');
INSERT INTO operations (id, action_id, wilaya_id, title, year, status, observation) VALUES ('4e0b1d8f-517c-4d0e-ae66-7fd4f14c48b3', NULL, 'b5cf0fe1-0dbe-49f2-bf02-92f91d4c28e7', 'Opération inconnue', 2025, 'nan', 'nan');
INSERT INTO wilayas (id, code, name) VALUES ('b5cf0fe1-0dbe-49f2-bf02-92f91d4c28e7', '29', 'Mascara');
INSERT INTO engagements (id, operation_id, amount, year, type) VALUES ('f65193c6-bd4d-4cf7-a3e2-a1fd73f67647', '4e0b1d8f-517c-4d0e-ae66-7fd4f14c48b3', NULL, 2025, 'initial');
INSERT INTO financial_operations (id, operation_id, executed_ae, executed_cp, execution_date) VALUES ('bc1056d9-75c7-42e0-a248-766cf83eada4', '4e0b1d8f-517c-4d0e-ae66-7fd4f14c48b3', NULL, NULL, '2025-04-01');
INSERT INTO operations (id, action_id, wilaya_id, title, year, status, observation) VALUES ('342fdce3-0fac-4a89-a2ce-f7b34cf8af42', NULL, 'd35b1243-e28e-43d8-ad2d-bad537b424c8', 'Opération inconnue', 2025, 'nan', 'nan');
INSERT INTO wilayas (id, code, name) VALUES ('d35b1243-e28e-43d8-ad2d-bad537b424c8', '29', 'Mascara');
INSERT INTO engagements (id, operation_id, amount, year, type) VALUES ('03d64861-51fc-4a18-985a-574615657fd7', '342fdce3-0fac-4a89-a2ce-f7b34cf8af42', NULL, 2025, 'initial');
INSERT INTO financial_operations (id, operation_id, executed_ae, executed_cp, execution_date) VALUES ('96c3ac0a-3f18-4d28-9d7b-5070a290410d', '342fdce3-0fac-4a89-a2ce-f7b34cf8af42', NULL, NULL, '2025-04-01');
INSERT INTO operations (id, action_id, wilaya_id, title, year, status, observation) VALUES ('1b61726c-cb84-45d1-8e1f-dd028b7a3788', NULL, 'a4f307df-8d23-4fce-8539-b5c39e9ac278', 'Opération inconnue', 2025, 'nan', 'nan');
INSERT INTO wilayas (id, code, name) VALUES ('a4f307df-8d23-4fce-8539-b5c39e9ac278', '29', 'Mascara');
INSERT INTO engagements (id, operation_id, amount, year, type) VALUES ('bf6e73bf-c61b-42ad-bd7f-fb3cb56e31dc', '1b61726c-cb84-45d1-8e1f-dd028b7a3788', NULL, 2025, 'initial');
INSERT INTO financial_operations (id, operation_id, executed_ae, executed_cp, execution_date) VALUES ('fd9739cd-9934-47fc-86a5-c0d9f79b8be6', '1b61726c-cb84-45d1-8e1f-dd028b7a3788', NULL, NULL, '2025-04-01');
INSERT INTO operations (id, action_id, wilaya_id, title, year, status, observation) VALUES ('bbc7a2e9-a345-4fb3-a90e-f689ef648a33', NULL, '7dc53aa8-5167-43da-910f-a20dd631f981', 'Opération inconnue', 2025, 'nan', 'nan');
INSERT INTO wilayas (id, code, name) VALUES ('7dc53aa8-5167-43da-910f-a20dd631f981', '29', 'Mascara');
INSERT INTO engagements (id, operation_id, amount, year, type) VALUES ('88d83529-3e26-4b2a-8f0c-d488f09aea42', 'bbc7a2e9-a345-4fb3-a90e-f689ef648a33', NULL, 2025, 'initial');
INSERT INTO financial_operations (id, operation_id, executed_ae, executed_cp, execution_date) VALUES ('6cf7af00-75a8-43e7-879e-a68535ef66d2', 'bbc7a2e9-a345-4fb3-a90e-f689ef648a33', NULL, NULL, '2025-04-01');
INSERT INTO operations (id, action_id, wilaya_id, title, year, status, observation) VALUES ('e5318e8e-41c0-4f44-8c35-b6988a10ac73', NULL, 'ae858f43-83c3-486f-9303-91fb74115a21', 'Opération inconnue', 2025, 'nan', 'nan');
INSERT INTO wilayas (id, code, name) VALUES ('ae858f43-83c3-486f-9303-91fb74115a21', '29', 'Mascara');
INSERT INTO engagements (id, operation_id, amount, year, type) VALUES ('cae90d63-d16f-4642-b7d4-b0875f2b18af', 'e5318e8e-41c0-4f44-8c35-b6988a10ac73', NULL, 2025, 'initial');
INSERT INTO financial_operations (id, operation_id, executed_ae, executed_cp, execution_date) VALUES ('d37cf46c-288e-478a-bec5-2148aefef11e', 'e5318e8e-41c0-4f44-8c35-b6988a10ac73', NULL, NULL, '2025-04-01');
INSERT INTO operations (id, action_id, wilaya_id, title, year, status, observation) VALUES ('c58a5a95-b6de-460c-9ef0-3e2fa35cc3cd', NULL, 'd61786eb-90a5-4219-95eb-a51241bb7f4b', 'Opération inconnue', 2025, 'nan', 'nan');
INSERT INTO wilayas (id, code, name) VALUES ('d61786eb-90a5-4219-95eb-a51241bb7f4b', '29', 'Mascara');
INSERT INTO engagements (id, operation_id, amount, year, type) VALUES ('2b6a7234-c015-4880-a14c-8e30ee5ba5d4', 'c58a5a95-b6de-460c-9ef0-3e2fa35cc3cd', NULL, 2025, 'initial');
INSERT INTO financial_operations (id, operation_id, executed_ae, executed_cp, execution_date) VALUES ('743dc98b-7163-443f-8ee3-20808d797a4b', 'c58a5a95-b6de-460c-9ef0-3e2fa35cc3cd', NULL, NULL, '2025-04-01');
INSERT INTO operations (id, action_id, wilaya_id, title, year, status, observation) VALUES ('f54403b8-176f-4a92-9bfb-2c393843b994', NULL, 'db1862cc-74f9-4139-857e-75f92972e549', 'Opération inconnue', 2025, 'nan', 'nan');
INSERT INTO wilayas (id, code, name) VALUES ('db1862cc-74f9-4139-857e-75f92972e549', '29', 'Mascara');
INSERT INTO engagements (id, operation_id, amount, year, type) VALUES ('7eda906f-476f-4275-830d-3a68b2969adc', 'f54403b8-176f-4a92-9bfb-2c393843b994', NULL, 2025, 'initial');
INSERT INTO financial_operations (id, operation_id, executed_ae, executed_cp, execution_date) VALUES ('fa595b97-a2b6-4dff-8584-a3846bd23fd9', 'f54403b8-176f-4a92-9bfb-2c393843b994', NULL, NULL, '2025-04-01');
INSERT INTO operations (id, action_id, wilaya_id, title, year, status, observation) VALUES ('b1f14560-7d7a-4d0d-956f-9336f5f38d8f', NULL, '0c8f9ec3-bd79-4bbd-8a01-ba44b1d1a951', 'Opération inconnue', 2025, 'nan', 'nan');
INSERT INTO wilayas (id, code, name) VALUES ('0c8f9ec3-bd79-4bbd-8a01-ba44b1d1a951', '29', 'Mascara');
INSERT INTO engagements (id, operation_id, amount, year, type) VALUES ('25483817-1ff7-4794-a662-f6edba5a7304', 'b1f14560-7d7a-4d0d-956f-9336f5f38d8f', NULL, 2025, 'initial');
INSERT INTO financial_operations (id, operation_id, executed_ae, executed_cp, execution_date) VALUES ('6bdac30f-3367-4478-8376-ec2a5feddb88', 'b1f14560-7d7a-4d0d-956f-9336f5f38d8f', NULL, NULL, '2025-04-01');
INSERT INTO operations (id, action_id, wilaya_id, title, year, status, observation) VALUES ('7c5a8517-3c59-4b1a-a5be-558d64531143', NULL, '94f65ca9-2e0b-49a3-a024-f73dc6d3665e', 'Opération inconnue', 2025, 'nan', 'nan');
INSERT INTO wilayas (id, code, name) VALUES ('94f65ca9-2e0b-49a3-a024-f73dc6d3665e', '29', 'Mascara');
INSERT INTO engagements (id, operation_id, amount, year, type) VALUES ('5adc190d-1e03-46f9-8350-7c96383e47b1', '7c5a8517-3c59-4b1a-a5be-558d64531143', NULL, 2025, 'initial');
INSERT INTO financial_operations (id, operation_id, executed_ae, executed_cp, execution_date) VALUES ('7a234065-8136-46c0-9d29-517aace10cd8', '7c5a8517-3c59-4b1a-a5be-558d64531143', NULL, NULL, '2025-04-01');
INSERT INTO operations (id, action_id, wilaya_id, title, year, status, observation) VALUES ('9c657ba8-27d2-45ed-803b-20624dad2f1f', NULL, '9bc3fbcc-9f56-44bd-92d4-91445d1cac0d', 'Opération inconnue', 2025, 'nan', 'nan');
INSERT INTO wilayas (id, code, name) VALUES ('9bc3fbcc-9f56-44bd-92d4-91445d1cac0d', '29', 'Mascara');
INSERT INTO engagements (id, operation_id, amount, year, type) VALUES ('d6e93fd1-e49b-4b91-801d-4f08d6d3c2e1', '9c657ba8-27d2-45ed-803b-20624dad2f1f', NULL, 2025, 'initial');
INSERT INTO financial_operations (id, operation_id, executed_ae, executed_cp, execution_date) VALUES ('c641ebe3-9872-483b-87ed-2f8f6567fa39', '9c657ba8-27d2-45ed-803b-20624dad2f1f', NULL, NULL, '2025-04-01');
INSERT INTO operations (id, action_id, wilaya_id, title, year, status, observation) VALUES ('b2e30748-4770-4059-ada5-cb9351e56f8c', NULL, 'd9c0f44c-fe3a-4a6d-932a-814da8d3d1c4', 'Opération inconnue', 2025, 'nan', 'nan');
INSERT INTO wilayas (id, code, name) VALUES ('d9c0f44c-fe3a-4a6d-932a-814da8d3d1c4', '20', 'Saida');
INSERT INTO engagements (id, operation_id, amount, year, type) VALUES ('e6059d94-95c7-41ee-9d34-168bd3c5c695', 'b2e30748-4770-4059-ada5-cb9351e56f8c', NULL, 2025, 'initial');
INSERT INTO financial_operations (id, operation_id, executed_ae, executed_cp, execution_date) VALUES ('c883697e-30fb-41f2-b5c6-1b2e86158544', 'b2e30748-4770-4059-ada5-cb9351e56f8c', NULL, NULL, '2025-04-01');
INSERT INTO operations (id, action_id, wilaya_id, title, year, status, observation) VALUES ('e7cb5ce5-2a98-41c0-8e00-f1519da225d7', NULL, 'fe3c6ff3-e8eb-4b13-a3a3-e33fda124e7d', 'Opération inconnue', 2025, 'nan', 'nan');
INSERT INTO wilayas (id, code, name) VALUES ('fe3c6ff3-e8eb-4b13-a3a3-e33fda124e7d', '29', 'Mascara');
INSERT INTO engagements (id, operation_id, amount, year, type) VALUES ('3ed9dfee-d832-47e4-a909-5dcf00fb7531', 'e7cb5ce5-2a98-41c0-8e00-f1519da225d7', NULL, 2025, 'initial');
INSERT INTO financial_operations (id, operation_id, executed_ae, executed_cp, execution_date) VALUES ('df91b141-0c69-4d64-8952-af2e51e95340', 'e7cb5ce5-2a98-41c0-8e00-f1519da225d7', NULL, NULL, '2025-04-01');
INSERT INTO operations (id, action_id, wilaya_id, title, year, status, observation) VALUES ('4d7f5416-950f-4a14-8cc6-d74a5edda293', NULL, 'e5dad7ad-7561-4158-a0eb-903e234d0750', 'Opération inconnue', 2025, 'nan', 'nan');
INSERT INTO wilayas (id, code, name) VALUES ('e5dad7ad-7561-4158-a0eb-903e234d0750', '29', 'Mascara');
INSERT INTO engagements (id, operation_id, amount, year, type) VALUES ('52141dc4-bbc2-4b88-87f6-8a6cc04c8dc5', '4d7f5416-950f-4a14-8cc6-d74a5edda293', NULL, 2025, 'initial');
INSERT INTO financial_operations (id, operation_id, executed_ae, executed_cp, execution_date) VALUES ('f8072e0b-fab8-49d3-9ad0-1174cf72c4d5', '4d7f5416-950f-4a14-8cc6-d74a5edda293', NULL, NULL, '2025-04-01');
INSERT INTO operations (id, action_id, wilaya_id, title, year, status, observation) VALUES ('2ed85d11-9a46-4a9c-8228-230ca6e36293', NULL, 'b709074e-9270-40e4-9ea4-6488bc074ddf', 'Opération inconnue', 2025, 'nan', 'nan');
INSERT INTO wilayas (id, code, name) VALUES ('b709074e-9270-40e4-9ea4-6488bc074ddf', '29', 'Mascara');
INSERT INTO engagements (id, operation_id, amount, year, type) VALUES ('1c9ebb30-101e-46b0-b430-c6936bd7af3d', '2ed85d11-9a46-4a9c-8228-230ca6e36293', NULL, 2025, 'initial');
INSERT INTO financial_operations (id, operation_id, executed_ae, executed_cp, execution_date) VALUES ('23622754-8523-44c4-86a4-4398266e3eb6', '2ed85d11-9a46-4a9c-8228-230ca6e36293', NULL, NULL, '2025-04-01');
INSERT INTO operations (id, action_id, wilaya_id, title, year, status, observation) VALUES ('4bfdb0b7-4e78-4c78-a2d3-b58d9c458517', NULL, '3ecd5e14-8a42-4426-af8d-cded29c6d96e', 'Opération inconnue', 2025, 'nan', 'nan');
INSERT INTO wilayas (id, code, name) VALUES ('3ecd5e14-8a42-4426-af8d-cded29c6d96e', '29', 'Mascara');
INSERT INTO engagements (id, operation_id, amount, year, type) VALUES ('7bc27cb7-ed7c-418d-be6f-a9d44de3ec1a', '4bfdb0b7-4e78-4c78-a2d3-b58d9c458517', NULL, 2025, 'initial');
INSERT INTO financial_operations (id, operation_id, executed_ae, executed_cp, execution_date) VALUES ('02341f27-56d5-4244-a752-ea86b2294406', '4bfdb0b7-4e78-4c78-a2d3-b58d9c458517', NULL, NULL, '2025-04-01');
INSERT INTO operations (id, action_id, wilaya_id, title, year, status, observation) VALUES ('37a00e27-d31f-4798-b46e-9bbc2f4c56db', NULL, '6dc16a78-8694-43c9-8e57-0a22cf52636b', 'Opération inconnue', 2025, 'nan', 'nan');
INSERT INTO wilayas (id, code, name) VALUES ('6dc16a78-8694-43c9-8e57-0a22cf52636b', '29', 'Mascara');
INSERT INTO engagements (id, operation_id, amount, year, type) VALUES ('1c9e84b9-e486-49cb-a1fb-d33f900294fa', '37a00e27-d31f-4798-b46e-9bbc2f4c56db', NULL, 2025, 'initial');
INSERT INTO financial_operations (id, operation_id, executed_ae, executed_cp, execution_date) VALUES ('eb447bf6-55bf-467c-ab44-65771921e4ff', '37a00e27-d31f-4798-b46e-9bbc2f4c56db', NULL, NULL, '2025-04-01');
INSERT INTO operations (id, action_id, wilaya_id, title, year, status, observation) VALUES ('ea7c77c0-fda9-460f-bff7-0ef4dfa9d03a', NULL, 'f7d93a80-360d-41d6-b54b-071207b60235', 'Opération inconnue', 2025, 'nan', 'nan');
INSERT INTO wilayas (id, code, name) VALUES ('f7d93a80-360d-41d6-b54b-071207b60235', '31', 'Oran');
INSERT INTO engagements (id, operation_id, amount, year, type) VALUES ('e8d4d71c-aac9-400e-80b8-1f60c5900b4f', 'ea7c77c0-fda9-460f-bff7-0ef4dfa9d03a', 18827752.6, 2025, 'initial');
INSERT INTO financial_operations (id, operation_id, executed_ae, executed_cp, execution_date) VALUES ('1db96aec-2520-424b-a31f-95f288d39a6a', 'ea7c77c0-fda9-460f-bff7-0ef4dfa9d03a', 18827752.6, 18700276.0, '2025-04-01');
INSERT INTO operations (id, action_id, wilaya_id, title, year, status, observation) VALUES ('8f3e9842-e642-4981-85ee-c330dd82f954', NULL, '42313f33-91a1-4cd0-aba1-f0c45b88e8b6', 'Opération inconnue', 2025, 'nan', 'nan');
INSERT INTO wilayas (id, code, name) VALUES ('42313f33-91a1-4cd0-aba1-f0c45b88e8b6', '31', 'Oran');
INSERT INTO engagements (id, operation_id, amount, year, type) VALUES ('c74349c0-8a86-497b-85cf-bfd1d756391b', '8f3e9842-e642-4981-85ee-c330dd82f954', NULL, 2025, 'initial');
INSERT INTO financial_operations (id, operation_id, executed_ae, executed_cp, execution_date) VALUES ('87774ebe-0644-41fc-b8d6-3f8a05b0fcbb', '8f3e9842-e642-4981-85ee-c330dd82f954', NULL, 11980255.0, '2025-04-01');
INSERT INTO operations (id, action_id, wilaya_id, title, year, status, observation) VALUES ('d647eef0-397b-4f3d-a681-1f743b004dfa', NULL, 'f75af034-3164-42e2-b857-90981e06ba8b', 'Opération inconnue', 2025, 'nan', 'nan');
INSERT INTO wilayas (id, code, name) VALUES ('f75af034-3164-42e2-b857-90981e06ba8b', '31', 'Oran');
INSERT INTO engagements (id, operation_id, amount, year, type) VALUES ('5a9a53c1-ba4e-4948-9621-608ef8bd129f', 'd647eef0-397b-4f3d-a681-1f743b004dfa', 12817395.17, 2025, 'initial');
INSERT INTO financial_operations (id, operation_id, executed_ae, executed_cp, execution_date) VALUES ('7bcf9b61-2654-4453-8b7e-12a0e702a37d', 'd647eef0-397b-4f3d-a681-1f743b004dfa', 12817395.17, 12759454.0, '2025-04-01');
INSERT INTO operations (id, action_id, wilaya_id, title, year, status, observation) VALUES ('9a07e200-11f6-41c7-a2fb-575520bdba4c', NULL, '33625ecc-4231-4ad8-b00e-df6ba0845745', 'Opération inconnue', 2025, 'nan', 'nan');
INSERT INTO wilayas (id, code, name) VALUES ('33625ecc-4231-4ad8-b00e-df6ba0845745', '31', 'Oran');
INSERT INTO engagements (id, operation_id, amount, year, type) VALUES ('cf8d09d6-1367-4ae7-b3b5-cec366d5cc38', '9a07e200-11f6-41c7-a2fb-575520bdba4c', 12230047.15, 2025, 'initial');
INSERT INTO financial_operations (id, operation_id, executed_ae, executed_cp, execution_date) VALUES ('9b455c01-eaae-439e-bf77-918f6c90e665', '9a07e200-11f6-41c7-a2fb-575520bdba4c', 12230047.15, 12219052.0, '2025-04-01');
INSERT INTO operations (id, action_id, wilaya_id, title, year, status, observation) VALUES ('2a2297b8-3032-4d2f-81b7-6604917ca5bf', NULL, 'dad97f83-2bab-491b-8a99-8958b314d7f5', 'Opération inconnue', 2025, 'nan', 'nan');
INSERT INTO wilayas (id, code, name) VALUES ('dad97f83-2bab-491b-8a99-8958b314d7f5', '22', 'Sidi Bel Abbes');
INSERT INTO engagements (id, operation_id, amount, year, type) VALUES ('d508870c-cded-4747-a607-8b4e5f0bd55d', '2a2297b8-3032-4d2f-81b7-6604917ca5bf', NULL, 2025, 'initial');
INSERT INTO financial_operations (id, operation_id, executed_ae, executed_cp, execution_date) VALUES ('69b3987a-5dfc-4d87-bcd5-f36dd798b3ba', '2a2297b8-3032-4d2f-81b7-6604917ca5bf', NULL, NULL, '2025-04-01');
INSERT INTO operations (id, action_id, wilaya_id, title, year, status, observation) VALUES ('6084aef8-3b69-400f-afb5-ca2eb0ceced1', NULL, '72d5726f-9463-4895-93c7-5db47a132f49', 'Opération inconnue', 2025, 'nan', 'nan');
INSERT INTO wilayas (id, code, name) VALUES ('72d5726f-9463-4895-93c7-5db47a132f49', '22', 'Sidi Bel Abbes');
INSERT INTO engagements (id, operation_id, amount, year, type) VALUES ('4aa42e2d-a687-460c-9534-d9f3db33505c', '6084aef8-3b69-400f-afb5-ca2eb0ceced1', NULL, 2025, 'initial');
INSERT INTO financial_operations (id, operation_id, executed_ae, executed_cp, execution_date) VALUES ('87f7f22e-f274-4fa7-b5fe-38e0d1d8bf5b', '6084aef8-3b69-400f-afb5-ca2eb0ceced1', NULL, NULL, '2025-04-01');
INSERT INTO operations (id, action_id, wilaya_id, title, year, status, observation) VALUES ('002d7dc3-9211-45af-b387-f7ec5b11aa40', NULL, '0d2b5239-cd7c-4ae7-a84c-8ee8233d79d2', 'Opération inconnue', 2025, 'nan', 'nan');
INSERT INTO wilayas (id, code, name) VALUES ('0d2b5239-cd7c-4ae7-a84c-8ee8233d79d2', '22', 'Sidi Bel Abbes');
INSERT INTO engagements (id, operation_id, amount, year, type) VALUES ('98aa641a-3879-4e8c-ac95-349b066ab51d', '002d7dc3-9211-45af-b387-f7ec5b11aa40', NULL, 2025, 'initial');
INSERT INTO financial_operations (id, operation_id, executed_ae, executed_cp, execution_date) VALUES ('19bf9515-a3cf-4486-909b-44bfebf856bc', '002d7dc3-9211-45af-b387-f7ec5b11aa40', NULL, NULL, '2025-04-01');
INSERT INTO operations (id, action_id, wilaya_id, title, year, status, observation) VALUES ('f6d54ed0-fbe8-446c-bb78-8562cce86963', NULL, '2eaeb3d3-d434-472b-af92-cbb4aa2bd8e2', 'Opération inconnue', 2025, 'nan', 'nan');
INSERT INTO wilayas (id, code, name) VALUES ('2eaeb3d3-d434-472b-af92-cbb4aa2bd8e2', '22', 'Sidi Bel Abbes');
INSERT INTO engagements (id, operation_id, amount, year, type) VALUES ('c0705e36-367f-4299-8409-1267702918f6', 'f6d54ed0-fbe8-446c-bb78-8562cce86963', NULL, 2025, 'initial');
INSERT INTO financial_operations (id, operation_id, executed_ae, executed_cp, execution_date) VALUES ('682d76e1-9937-4ac2-8d6a-a7fe7365703e', 'f6d54ed0-fbe8-446c-bb78-8562cce86963', NULL, NULL, '2025-04-01');
INSERT INTO operations (id, action_id, wilaya_id, title, year, status, observation) VALUES ('3a9bc3fc-dadb-48c6-9a89-1e5ee4a79401', NULL, 'ff3365e1-04e2-4dbf-b07d-62d07bc75e75', 'Opération inconnue', 2025, 'nan', 'nan');
INSERT INTO wilayas (id, code, name) VALUES ('ff3365e1-04e2-4dbf-b07d-62d07bc75e75', '22', 'Sidi Bel Abbes');
INSERT INTO engagements (id, operation_id, amount, year, type) VALUES ('404e8172-42c4-443b-804e-74c69e2c48e3', '3a9bc3fc-dadb-48c6-9a89-1e5ee4a79401', NULL, 2025, 'initial');
INSERT INTO financial_operations (id, operation_id, executed_ae, executed_cp, execution_date) VALUES ('2d20af21-96d5-4ca6-bd40-efb128e7db40', '3a9bc3fc-dadb-48c6-9a89-1e5ee4a79401', NULL, NULL, '2025-04-01');
INSERT INTO operations (id, action_id, wilaya_id, title, year, status, observation) VALUES ('7e3b37f5-da14-4cb8-9fa7-ba6c79c5b41f', NULL, '04d4cf65-0641-4f89-86c1-a6be1191f356', 'Opération inconnue', 2025, 'nan', 'nan');
INSERT INTO wilayas (id, code, name) VALUES ('04d4cf65-0641-4f89-86c1-a6be1191f356', '22', 'Sidi Bel Abbes');
INSERT INTO engagements (id, operation_id, amount, year, type) VALUES ('967a84f7-632a-4c35-ab35-43f96283b583', '7e3b37f5-da14-4cb8-9fa7-ba6c79c5b41f', NULL, 2025, 'initial');
INSERT INTO financial_operations (id, operation_id, executed_ae, executed_cp, execution_date) VALUES ('db99ad0b-b13f-4971-a403-1157fc29213d', '7e3b37f5-da14-4cb8-9fa7-ba6c79c5b41f', NULL, NULL, '2025-04-01');
INSERT INTO operations (id, action_id, wilaya_id, title, year, status, observation) VALUES ('bd9d0f80-52d1-4fff-a531-151d1e897aa5', NULL, 'e52b4166-780a-41f5-84ab-30a9faa4e1b2', 'Opération inconnue', 2025, 'nan', 'nan');
INSERT INTO wilayas (id, code, name) VALUES ('e52b4166-780a-41f5-84ab-30a9faa4e1b2', '22', 'Sidi Bel Abbes');
INSERT INTO engagements (id, operation_id, amount, year, type) VALUES ('c3070c26-2ae3-4967-b1f8-1c7f8ecbb36b', 'bd9d0f80-52d1-4fff-a531-151d1e897aa5', NULL, 2025, 'initial');
INSERT INTO financial_operations (id, operation_id, executed_ae, executed_cp, execution_date) VALUES ('8a6d0a0c-2e42-424d-b3c2-24ca26cab2b4', 'bd9d0f80-52d1-4fff-a531-151d1e897aa5', NULL, NULL, '2025-04-01');
INSERT INTO operations (id, action_id, wilaya_id, title, year, status, observation) VALUES ('2d880a28-fbd2-4e3c-a07e-aea9bb102f3c', NULL, 'dbb74b87-b4d1-4b40-9398-599eaa0b58a0', 'Opération inconnue', 2025, 'nan', 'nan');
INSERT INTO wilayas (id, code, name) VALUES ('dbb74b87-b4d1-4b40-9398-599eaa0b58a0', '22', 'Sidi Bel Abbes');
INSERT INTO engagements (id, operation_id, amount, year, type) VALUES ('f7fea0ee-c78d-4238-8a49-7550de6d9f74', '2d880a28-fbd2-4e3c-a07e-aea9bb102f3c', NULL, 2025, 'initial');
INSERT INTO financial_operations (id, operation_id, executed_ae, executed_cp, execution_date) VALUES ('f60a8d2b-cd5d-4bc9-9c79-c119b6a91867', '2d880a28-fbd2-4e3c-a07e-aea9bb102f3c', NULL, NULL, '2025-04-01');
INSERT INTO operations (id, action_id, wilaya_id, title, year, status, observation) VALUES ('639fb162-e909-44bd-bf5d-567e18772e34', NULL, '9b370190-e5cb-4390-bc51-ef1f1a5aa940', 'Opération inconnue', 2025, 'nan', 'nan');
INSERT INTO wilayas (id, code, name) VALUES ('9b370190-e5cb-4390-bc51-ef1f1a5aa940', '22', 'Sidi Bel Abbes');
INSERT INTO engagements (id, operation_id, amount, year, type) VALUES ('ceac6042-94ed-42e1-8aa7-84c6c290a307', '639fb162-e909-44bd-bf5d-567e18772e34', NULL, 2025, 'initial');
INSERT INTO financial_operations (id, operation_id, executed_ae, executed_cp, execution_date) VALUES ('57b81bd9-c0d4-478d-b6d3-6d630478d44b', '639fb162-e909-44bd-bf5d-567e18772e34', NULL, NULL, '2025-04-01');
INSERT INTO operations (id, action_id, wilaya_id, title, year, status, observation) VALUES ('ab679246-fc5d-4261-9ff3-d08ae1fddf41', NULL, 'fa75f782-cd21-4b2c-87b5-b3415d04344c', 'Opération inconnue', 2025, 'nan', 'nan');
INSERT INTO wilayas (id, code, name) VALUES ('fa75f782-cd21-4b2c-87b5-b3415d04344c', '22', 'Sidi Bel Abbes');
INSERT INTO engagements (id, operation_id, amount, year, type) VALUES ('f29a1b57-596c-46a2-b283-5d5c22b2a710', 'ab679246-fc5d-4261-9ff3-d08ae1fddf41', NULL, 2025, 'initial');
INSERT INTO financial_operations (id, operation_id, executed_ae, executed_cp, execution_date) VALUES ('64e7aef2-b6a4-4286-821f-024d266e158b', 'ab679246-fc5d-4261-9ff3-d08ae1fddf41', NULL, NULL, '2025-04-01');
INSERT INTO operations (id, action_id, wilaya_id, title, year, status, observation) VALUES ('a6322206-2acd-4ec5-bade-925e71913fd4', NULL, '66338e06-488d-45d0-9747-a1aec93f7fdd', 'Opération inconnue', 2025, 'nan', 'nan');
INSERT INTO wilayas (id, code, name) VALUES ('66338e06-488d-45d0-9747-a1aec93f7fdd', '22', 'Sidi Bel Abbes');
INSERT INTO engagements (id, operation_id, amount, year, type) VALUES ('3624b33e-1c27-4b7d-b11a-5c1d79c0acd2', 'a6322206-2acd-4ec5-bade-925e71913fd4', NULL, 2025, 'initial');
INSERT INTO financial_operations (id, operation_id, executed_ae, executed_cp, execution_date) VALUES ('95ad8453-cc1e-41ff-893a-fbd6a75a0b9b', 'a6322206-2acd-4ec5-bade-925e71913fd4', NULL, NULL, '2025-04-01');
INSERT INTO operations (id, action_id, wilaya_id, title, year, status, observation) VALUES ('ebbd99cc-227d-483d-ab4e-6de184b0fb76', NULL, '8cdd7524-a880-4b38-8deb-d505285d12e0', 'Opération inconnue', 2025, 'nan', 'nan');
INSERT INTO wilayas (id, code, name) VALUES ('8cdd7524-a880-4b38-8deb-d505285d12e0', '22', 'Sidi Bel Abbes');
INSERT INTO engagements (id, operation_id, amount, year, type) VALUES ('39b3985e-9268-41f8-b268-1146b99c0ec7', 'ebbd99cc-227d-483d-ab4e-6de184b0fb76', NULL, 2025, 'initial');
INSERT INTO financial_operations (id, operation_id, executed_ae, executed_cp, execution_date) VALUES ('6abab02c-eb60-408a-9d5b-9c29835c865a', 'ebbd99cc-227d-483d-ab4e-6de184b0fb76', NULL, NULL, '2025-04-01');
INSERT INTO operations (id, action_id, wilaya_id, title, year, status, observation) VALUES ('6f066328-87b0-44c8-a01d-1cfc99fb69a4', NULL, 'a79f6ae4-4a3b-44fd-aceb-58cb3abdd0dc', 'Opération inconnue', 2025, 'nan', 'nan');
INSERT INTO wilayas (id, code, name) VALUES ('a79f6ae4-4a3b-44fd-aceb-58cb3abdd0dc', '13', 'Tlemcen');
INSERT INTO engagements (id, operation_id, amount, year, type) VALUES ('7cb53c2e-66c0-4192-ac4e-81ec6340ee48', '6f066328-87b0-44c8-a01d-1cfc99fb69a4', NULL, 2025, 'initial');
INSERT INTO financial_operations (id, operation_id, executed_ae, executed_cp, execution_date) VALUES ('2fadad8a-580d-48e7-903e-68bd8c234551', '6f066328-87b0-44c8-a01d-1cfc99fb69a4', NULL, NULL, '2025-04-01');
INSERT INTO operations (id, action_id, wilaya_id, title, year, status, observation) VALUES ('acac3ac8-1c6c-4156-96fc-8d2acdf822d2', NULL, '713be48b-2a24-4ce3-aade-28443281fe6d', 'Opération inconnue', 2025, 'nan', '*Travaux achevés
*Opération à clôturer');
INSERT INTO wilayas (id, code, name) VALUES ('713be48b-2a24-4ce3-aade-28443281fe6d', '02', 'Chlef');
INSERT INTO engagements (id, operation_id, amount, year, type) VALUES ('38bca4e6-b837-4cc1-89f8-c6a1a14584c5', 'acac3ac8-1c6c-4156-96fc-8d2acdf822d2', 2563875.0188, 2025, 'initial');
INSERT INTO financial_operations (id, operation_id, executed_ae, executed_cp, execution_date) VALUES ('7a2667b8-ee7e-41cd-a307-2c97b7aa5493', 'acac3ac8-1c6c-4156-96fc-8d2acdf822d2', 2563875.0188, 2546429.9740000004, '2025-04-01');
INSERT INTO operations (id, action_id, wilaya_id, title, year, status, observation) VALUES ('27191fac-d68e-421a-88b3-03950c2e0907', NULL, '753abf12-15a5-49f4-bd21-ed67ece41366', 'Opération inconnue', 2025, 'nan', 'Dossier de clôture au niveau Trésor');
INSERT INTO wilayas (id, code, name) VALUES ('753abf12-15a5-49f4-bd21-ed67ece41366', '02', 'Chlef');
INSERT INTO engagements (id, operation_id, amount, year, type) VALUES ('06737c79-fa7e-4758-ba2c-85a8ca5fdc80', '27191fac-d68e-421a-88b3-03950c2e0907', 1370803.49483, 2025, 'initial');
INSERT INTO financial_operations (id, operation_id, executed_ae, executed_cp, execution_date) VALUES ('59b2919f-bc73-4bf6-af9e-abcc62797fe6', '27191fac-d68e-421a-88b3-03950c2e0907', 1370803.49483, 1369168.7043299999, '2025-04-01');
INSERT INTO operations (id, action_id, wilaya_id, title, year, status, observation) VALUES ('7346444e-5cc9-45aa-8fc0-8f9d04913d3f', NULL, 'b7cde206-6b0b-4361-a910-bc220d98074e', 'Opération inconnue', 2025, 'nan', 'Travaux achevés,
Réévaluation accordé en 2025 (15 266 000 DA), avenant visé par CMW');
INSERT INTO wilayas (id, code, name) VALUES ('b7cde206-6b0b-4361-a910-bc220d98074e', '02', 'Chlef');
INSERT INTO engagements (id, operation_id, amount, year, type) VALUES ('dc1bfa5e-6d0e-4893-ab79-10d1f67d5a7f', '7346444e-5cc9-45aa-8fc0-8f9d04913d3f', 1024877.48948, 2025, 'initial');
INSERT INTO financial_operations (id, operation_id, executed_ae, executed_cp, execution_date) VALUES ('76e0e71f-8e5d-4c99-829e-dd7e431ed699', '7346444e-5cc9-45aa-8fc0-8f9d04913d3f', 1024877.48948, 1013137.7976100001, '2025-04-01');
INSERT INTO operations (id, action_id, wilaya_id, title, year, status, observation) VALUES ('a526d4ac-cfae-4f2b-846e-14566b66e933', NULL, '0e0f7786-4e30-4582-a90c-e24cac1389c0', 'Opération inconnue', 2025, 'nan', 'Dossier de clôture au niveau Trésor');
INSERT INTO wilayas (id, code, name) VALUES ('0e0f7786-4e30-4582-a90c-e24cac1389c0', '02', 'Chlef');
INSERT INTO engagements (id, operation_id, amount, year, type) VALUES ('fb12c62e-2f0d-4109-a388-332c58dbf5e8', 'a526d4ac-cfae-4f2b-846e-14566b66e933', 1210415.11619, 2025, 'initial');
INSERT INTO financial_operations (id, operation_id, executed_ae, executed_cp, execution_date) VALUES ('2ae0ac55-f528-4b44-84ab-af2e850625e3', 'a526d4ac-cfae-4f2b-846e-14566b66e933', 1210415.11619, 1218811.38135, '2025-04-01');
INSERT INTO operations (id, action_id, wilaya_id, title, year, status, observation) VALUES ('e5dd4169-a888-495d-84bb-7271bda2180a', NULL, '41a75f20-8fcb-4b52-acf4-ed59b24490e9', 'Opération inconnue', 2025, 'nan', '* Travaux achevés
*Opération à clôturer');
INSERT INTO wilayas (id, code, name) VALUES ('41a75f20-8fcb-4b52-acf4-ed59b24490e9', '02', 'Chlef');
INSERT INTO engagements (id, operation_id, amount, year, type) VALUES ('20a93665-2f6c-4dfc-9974-8cf085a1885a', 'e5dd4169-a888-495d-84bb-7271bda2180a', 1671317.42272, 2025, 'initial');
INSERT INTO financial_operations (id, operation_id, executed_ae, executed_cp, execution_date) VALUES ('267017f0-2628-450f-ae0a-03e393948455', 'e5dd4169-a888-495d-84bb-7271bda2180a', 1671317.42272, 1665969.47226, '2025-04-01');
INSERT INTO operations (id, action_id, wilaya_id, title, year, status, observation) VALUES ('4073b63e-cd22-44fe-95e0-9d8fdd46bdc1', NULL, 'ed1d094c-a7d7-4915-b116-e8252efa88de', 'Opération inconnue', 2025, 'nan', 'Travaux achevés (reste paiement des créances du  ETB chinoise (Problème de change de devis)');
INSERT INTO wilayas (id, code, name) VALUES ('ed1d094c-a7d7-4915-b116-e8252efa88de', '02', 'Chlef');
INSERT INTO engagements (id, operation_id, amount, year, type) VALUES ('a2515682-4abf-46b8-b9e5-5fd7039c5525', '4073b63e-cd22-44fe-95e0-9d8fdd46bdc1', 4004797.16909, 2025, 'initial');
INSERT INTO financial_operations (id, operation_id, executed_ae, executed_cp, execution_date) VALUES ('8e3f74c0-58d3-4445-ada3-e3b4b2934e34', '4073b63e-cd22-44fe-95e0-9d8fdd46bdc1', 4004797.16909, 3845759.4258499998, '2025-04-01');
INSERT INTO operations (id, action_id, wilaya_id, title, year, status, observation) VALUES ('f244c39d-ad89-4567-9942-b9fadd3ab52b', NULL, 'd499a321-3a01-4ae0-8d42-a46b95ecd617', 'Opération inconnue', 2025, 'nan', 'Travaux achevés (reste paiement des créances du  ETB chinoise (Problème de change de devis)');
INSERT INTO wilayas (id, code, name) VALUES ('d499a321-3a01-4ae0-8d42-a46b95ecd617', '02', 'Chlef');
INSERT INTO engagements (id, operation_id, amount, year, type) VALUES ('b3b828f5-8e95-4a25-b0aa-8510e9afc312', 'f244c39d-ad89-4567-9942-b9fadd3ab52b', 2439269.89569, 2025, 'initial');
INSERT INTO financial_operations (id, operation_id, executed_ae, executed_cp, execution_date) VALUES ('60b962c0-2c1a-406c-ba61-baef3ec561d1', 'f244c39d-ad89-4567-9942-b9fadd3ab52b', 2439269.89569, 2289960.9657799997, '2025-04-01');
INSERT INTO operations (id, action_id, wilaya_id, title, year, status, observation) VALUES ('253be01f-2d7f-4350-800e-6da2ce058a8d', NULL, 'ada45410-40e9-42af-a80c-b8ed0ff37335', 'Opération inconnue', 2025, 'nan', '*Opération gelée
* Décision après la réunion des travaux d''assainissement:  proposition de maintenir l''opération avec changement d''intitulé pour supprimer la bibliothèque de faculté');
INSERT INTO wilayas (id, code, name) VALUES ('ada45410-40e9-42af-a80c-b8ed0ff37335', '02', 'Chlef');
INSERT INTO engagements (id, operation_id, amount, year, type) VALUES ('fafc4c39-5fb9-4edc-a1c4-09510dc74b48', '253be01f-2d7f-4350-800e-6da2ce058a8d', 0.0, 2025, 'initial');
INSERT INTO financial_operations (id, operation_id, executed_ae, executed_cp, execution_date) VALUES ('bf0da1cf-99fa-4372-995e-813bcad41bad', '253be01f-2d7f-4350-800e-6da2ce058a8d', 0.0, 0.0, '2025-04-01');
INSERT INTO operations (id, action_id, wilaya_id, title, year, status, observation) VALUES ('d202a730-5fde-4921-92da-afd97e96653f', NULL, '0368238e-c584-4f0c-8231-8319296710f1', 'Opération inconnue', 2025, 'nan', 'Achevée (reste paiement des créances du  ETB chinoise (Problème de change de devis)');
INSERT INTO wilayas (id, code, name) VALUES ('0368238e-c584-4f0c-8231-8319296710f1', '02', 'Chlef');
INSERT INTO engagements (id, operation_id, amount, year, type) VALUES ('5fd88026-e350-4c2f-81ec-bffc43f6e4da', 'd202a730-5fde-4921-92da-afd97e96653f', 1218085.11013, 2025, 'initial');
INSERT INTO financial_operations (id, operation_id, executed_ae, executed_cp, execution_date) VALUES ('ea604b92-4413-4a7e-ae59-0d0ae88add84', 'd202a730-5fde-4921-92da-afd97e96653f', 1218085.11013, 1140436.6429100002, '2025-04-01');
INSERT INTO operations (id, action_id, wilaya_id, title, year, status, observation) VALUES ('242d9227-3d26-402f-bd41-784b315cabff', NULL, '9361c93e-68ca-4a56-b83b-14553ffbbe8b', 'Opération inconnue', 2025, 'nan', '* Travaux achevés dans le cadre du marché
*  A.A.O pour  réalisation des travaux d''achèvement (voirie (GB+BB)+Trottoirs) pour les grands axes  lancé le 27/02/2025 (Ouverture des plis le 19/03/2025) de finalisation pour le reliquat resrant 701 000 000,00DA
* Nécéssite réévaluation d''un montant de 
1 361 551 097,06  pour prise en charge des travaux restants ( voiries et trottoir)
* Reste raccordement des différents réseaux non inscrits et non entamés pour l''ensemble des secteurs (travaux public, DRE, energie et Fibre optique)
* Raccordement de l''inergie gazière et électrique subordonné au bilan énergitique demandé par les futurs promoteurs
');
INSERT INTO wilayas (id, code, name) VALUES ('9361c93e-68ca-4a56-b83b-14553ffbbe8b', '02', 'Chlef');
INSERT INTO engagements (id, operation_id, amount, year, type) VALUES ('0c4b2dfd-6dd8-439d-a8d2-445a7e513da8', '242d9227-3d26-402f-bd41-784b315cabff', 1799061.075, 2025, 'initial');
INSERT INTO financial_operations (id, operation_id, executed_ae, executed_cp, execution_date) VALUES ('19524bdf-9228-4201-beb1-ed02c18a8283', '242d9227-3d26-402f-bd41-784b315cabff', 1799061.075, 1793977.94998, '2025-04-01');
INSERT INTO operations (id, action_id, wilaya_id, title, year, status, observation) VALUES ('c0be3033-96e3-4d15-bab5-faaaa0265d72', NULL, '10e22258-1423-49be-be18-aa58a6fd1bcf', 'Opération inconnue', 2025, 'nan', '* Travaux à l''arrêt 17/12/2024 problème de Tuf (opposition + différence de niveau très importante entre les voiries et les lots projetés)
* Travaux en cours pour le lot D ( voire , AEP , Assainissement)  (65%)
* Le terrain d''assiette de la zone de Oued Sly présente une forte pente variant entre 5 à 20m entre les voirie projetées et les lots réservés aux investisseurs d''une nature importante de tuf d''environ 1,6 millions m3 qui nécessité une opération d''extraction et évacuation (500.000.000,00 DA)');
INSERT INTO wilayas (id, code, name) VALUES ('10e22258-1423-49be-be18-aa58a6fd1bcf', '02', 'Chlef');
INSERT INTO engagements (id, operation_id, amount, year, type) VALUES ('fef170e5-f572-4f51-8a26-045d2438c5b6', 'c0be3033-96e3-4d15-bab5-faaaa0265d72', 811406.72416, 2025, 'initial');
INSERT INTO financial_operations (id, operation_id, executed_ae, executed_cp, execution_date) VALUES ('c40ebbcc-b157-4ae9-90d3-e236e31479a7', 'c0be3033-96e3-4d15-bab5-faaaa0265d72', 811406.72416, 328279.75623, '2025-04-01');
INSERT INTO operations (id, action_id, wilaya_id, title, year, status, observation) VALUES ('07811499-c4ce-44f2-ac89-06981bb6db8e', NULL, '8f2f8ca9-13a8-4580-a5b0-26120c60e24a', 'Opération inconnue', 2025, 'nan', 'Opération d''indemnisation en cours
* ( 22 dossiers au niveau du tribunal administratif) en attendant le nouveau rapport d''évaluation ');
INSERT INTO wilayas (id, code, name) VALUES ('8f2f8ca9-13a8-4580-a5b0-26120c60e24a', '02', 'Chlef');
INSERT INTO engagements (id, operation_id, amount, year, type) VALUES ('172efccf-93c2-4b8b-8540-d49a2dc21c48', '07811499-c4ce-44f2-ac89-06981bb6db8e', 220391.7, 2025, 'initial');
INSERT INTO financial_operations (id, operation_id, executed_ae, executed_cp, execution_date) VALUES ('3cb3e43a-c39f-431c-9f61-ea39eb491283', '07811499-c4ce-44f2-ac89-06981bb6db8e', 220391.7, 220391.7, '2025-04-01');
INSERT INTO operations (id, action_id, wilaya_id, title, year, status, observation) VALUES ('d996ae03-8e1e-409d-8d78-55dbf6ccc779', NULL, '77c1df94-35f5-4425-85f3-4a18099ed91a', 'Opération inconnue', 2025, 'nan', '*Etude achevée et réceptionnée
*Opération à clôturer');
INSERT INTO wilayas (id, code, name) VALUES ('77c1df94-35f5-4425-85f3-4a18099ed91a', '02', 'Chlef');
INSERT INTO engagements (id, operation_id, amount, year, type) VALUES ('8ff90859-a1af-401d-be9b-df15b294f29d', 'd996ae03-8e1e-409d-8d78-55dbf6ccc779', 2048441.40769, 2025, 'initial');
INSERT INTO financial_operations (id, operation_id, executed_ae, executed_cp, execution_date) VALUES ('c2413b8c-0b55-468c-b31f-0b430eb27448', 'd996ae03-8e1e-409d-8d78-55dbf6ccc779', 2048441.40769, 2047233.29062, '2025-04-01');
INSERT INTO operations (id, action_id, wilaya_id, title, year, status, observation) VALUES ('df975e8e-0f0e-435d-8dab-0e5c1ffd9c2a', NULL, '34944fab-d173-4c63-968b-a331fc3b00bf', 'Opération inconnue', 2025, 'nan', 'Lot 01: Projet en voie d''achévement sur le 2éme bouts bétonnés( Reste fossé bétonés)');
INSERT INTO wilayas (id, code, name) VALUES ('34944fab-d173-4c63-968b-a331fc3b00bf', '02', 'Chlef');
INSERT INTO engagements (id, operation_id, amount, year, type) VALUES ('ef8da9a8-ec09-470c-ba18-3922adf01a38', 'df975e8e-0f0e-435d-8dab-0e5c1ffd9c2a', 2929818.77849, 2025, 'initial');
INSERT INTO financial_operations (id, operation_id, executed_ae, executed_cp, execution_date) VALUES ('fc9f0158-2a38-4f08-83f8-f2b7cfd15d5b', 'df975e8e-0f0e-435d-8dab-0e5c1ffd9c2a', 2929818.77849, 2774456.7618700005, '2025-04-01');
INSERT INTO operations (id, action_id, wilaya_id, title, year, status, observation) VALUES ('cac91f74-e5df-4d9a-a4d3-e93031a7a87c', NULL, 'd55de7ee-e202-41f3-87d0-b0158b896600', 'Opération inconnue', 2025, 'nan', '* Travaux achevés
* Dossier de clôture au niveau du Trésor');
INSERT INTO wilayas (id, code, name) VALUES ('d55de7ee-e202-41f3-87d0-b0158b896600', '02', 'Chlef');
INSERT INTO engagements (id, operation_id, amount, year, type) VALUES ('63bb2f8c-e16b-444f-956f-32b5cd3f9479', 'cac91f74-e5df-4d9a-a4d3-e93031a7a87c', 1812047.63409, 2025, 'initial');
INSERT INTO financial_operations (id, operation_id, executed_ae, executed_cp, execution_date) VALUES ('9a6ec727-bf6a-4469-a3df-e3807ad03783', 'cac91f74-e5df-4d9a-a4d3-e93031a7a87c', 1812047.63409, 1778089.9096400002, '2025-04-01');
INSERT INTO operations (id, action_id, wilaya_id, title, year, status, observation) VALUES ('5bb6fe35-becf-451c-b3da-dc176d500cdf', NULL, 'a38c44f5-ecd0-451b-99f1-fa5fdbeaf649', 'Opération inconnue', 2025, 'nan', 'Travaux en cours 
Dépassement des délais contractuels des travaux
Equipements (marchés visés)');
INSERT INTO wilayas (id, code, name) VALUES ('a38c44f5-ecd0-451b-99f1-fa5fdbeaf649', '02', 'Chlef');
INSERT INTO engagements (id, operation_id, amount, year, type) VALUES ('f70ec3d5-a40c-4187-9257-fb2661d81805', '5bb6fe35-becf-451c-b3da-dc176d500cdf', 7097576.14514, 2025, 'initial');
INSERT INTO financial_operations (id, operation_id, executed_ae, executed_cp, execution_date) VALUES ('a41775b3-f9a0-4007-93db-c436292cfd24', '5bb6fe35-becf-451c-b3da-dc176d500cdf', 7097576.14514, 5313053.4713200005, '2025-04-01');
INSERT INTO operations (id, action_id, wilaya_id, title, year, status, observation) VALUES ('c7f62144-5097-41b9-9044-8f484f5978e4', NULL, '2d39cc2b-14ba-4166-9dcc-82a2989a74b1', 'Opération inconnue', 2025, 'nan', 'Travaux en cours 
* Réévaluation accordée en 2025
(584 944 000 DA)');
INSERT INTO wilayas (id, code, name) VALUES ('2d39cc2b-14ba-4166-9dcc-82a2989a74b1', '02', 'Chlef');
INSERT INTO engagements (id, operation_id, amount, year, type) VALUES ('f9aa3f90-8fae-4457-a90a-de5bf0566205', 'c7f62144-5097-41b9-9044-8f484f5978e4', 3566368.03308, 2025, 'initial');
INSERT INTO financial_operations (id, operation_id, executed_ae, executed_cp, execution_date) VALUES ('00201607-d18a-42fe-9202-41e79f6ed1f0', 'c7f62144-5097-41b9-9044-8f484f5978e4', 3566368.03308, 2951954.2808, '2025-04-01');
INSERT INTO operations (id, action_id, wilaya_id, title, year, status, observation) VALUES ('53335ed0-4127-4380-b120-90ca6340553a', NULL, 'b4eddd52-ab3a-4b7c-83c2-ebfd8a281a00', 'Opération inconnue', 2025, 'nan', '* Approbation CC le 22/11/2023, AAO le 01/2024, ouverture des plis le 18/03/2024
* lot n° 1 : Acquisition des accélérateurs: attribution le 05/09/2024 délais 7 mois, ODS le 30/09/2024
, lot n° 2 : (Acquisition d’un scanner-simulateur): ODS n°1 le 18/12/2024.
* lot n° 3 (Equipements de radio physique), lot n° 4 (Solution complète de curiethérapie hdr (infructueux) : Evaluation en cours ');
INSERT INTO wilayas (id, code, name) VALUES ('b4eddd52-ab3a-4b7c-83c2-ebfd8a281a00', '02', 'Chlef');
INSERT INTO engagements (id, operation_id, amount, year, type) VALUES ('8369d63b-ab1a-4e3a-8cc0-094f97884c0f', '53335ed0-4127-4380-b120-90ca6340553a', 2314831.27435, 2025, 'initial');
INSERT INTO financial_operations (id, operation_id, executed_ae, executed_cp, execution_date) VALUES ('34ac2e98-82af-4629-b60b-32f643a1c424', '53335ed0-4127-4380-b120-90ca6340553a', 2314831.27435, 602.57435, '2025-04-01');
INSERT INTO operations (id, action_id, wilaya_id, title, year, status, observation) VALUES ('19485378-68a1-4a66-bcce-63bdc471ec9c', NULL, '98f2d0e4-55fb-4824-920a-87c1381aa9fd', 'Opération inconnue', 2025, 'nan', 'Travaux achevés');
INSERT INTO wilayas (id, code, name) VALUES ('98f2d0e4-55fb-4824-920a-87c1381aa9fd', '02', 'Chlef');
INSERT INTO engagements (id, operation_id, amount, year, type) VALUES ('7fa787fc-bbf9-4e26-b1cc-edd41b25e183', '19485378-68a1-4a66-bcce-63bdc471ec9c', 2453892.74477, 2025, 'initial');
INSERT INTO financial_operations (id, operation_id, executed_ae, executed_cp, execution_date) VALUES ('6e114e9a-5c9f-4a15-9349-ed57aabdd096', '19485378-68a1-4a66-bcce-63bdc471ec9c', 2453892.74477, 2436150.48112, '2025-04-01');
INSERT INTO operations (id, action_id, wilaya_id, title, year, status, observation) VALUES ('432d174b-7533-4a7b-a0a2-a56c77d634fb', NULL, 'fadeac77-aa08-41d2-9aa2-a35db50b7135', 'Opération inconnue', 2025, 'nan', '* Gestion ONA
*Travaux en cours (Problème avec l''entreprise partie équipement)');
INSERT INTO wilayas (id, code, name) VALUES ('fadeac77-aa08-41d2-9aa2-a35db50b7135', '02', 'Chlef');
INSERT INTO engagements (id, operation_id, amount, year, type) VALUES ('2357c642-279d-4273-a1f8-40971c01a6af', '432d174b-7533-4a7b-a0a2-a56c77d634fb', 2310097.70728, 2025, 'initial');
INSERT INTO financial_operations (id, operation_id, executed_ae, executed_cp, execution_date) VALUES ('b90d2246-cdb5-476c-b3e5-50950ed4a258', '432d174b-7533-4a7b-a0a2-a56c77d634fb', 2310097.70728, 678621.86605, '2025-04-01');
INSERT INTO operations (id, action_id, wilaya_id, title, year, status, observation) VALUES ('2eb75d85-72b9-4fe6-a6d9-2273fe542a19', NULL, '8ea5d1fd-2e0f-4d0f-b575-e9bb3b40d158', 'Opération inconnue', 2025, 'nan', 'Travaux achevés, reste paiement et clôture de l''opération');
INSERT INTO wilayas (id, code, name) VALUES ('8ea5d1fd-2e0f-4d0f-b575-e9bb3b40d158', '02', 'Chlef');
INSERT INTO engagements (id, operation_id, amount, year, type) VALUES ('8414c19e-1fbb-4748-8ee7-ff6b596c7057', '2eb75d85-72b9-4fe6-a6d9-2273fe542a19', 998952.52396, 2025, 'initial');
INSERT INTO financial_operations (id, operation_id, executed_ae, executed_cp, execution_date) VALUES ('d240b1e9-e181-47e8-a2ba-8bc21079cf03', '2eb75d85-72b9-4fe6-a6d9-2273fe542a19', 998952.52396, 920328.82253, '2025-04-01');
INSERT INTO operations (id, action_id, wilaya_id, title, year, status, observation) VALUES ('27ad5f76-062f-46e7-992b-b4c8d339ac48', NULL, 'ca6b15fd-ff53-43de-9f0d-9801501c2a2d', 'Opération inconnue', 2025, 'nan', 'ODS d''arrêt le 30/10/2019, ODS de reprise transmis à l''entreprise FOREMHYD le 13/10/2024 pour signature.');
INSERT INTO wilayas (id, code, name) VALUES ('ca6b15fd-ff53-43de-9f0d-9801501c2a2d', '02', 'Chlef');
INSERT INTO engagements (id, operation_id, amount, year, type) VALUES ('7ff3e09e-08b3-4703-956e-ef2730e6b04e', '27ad5f76-062f-46e7-992b-b4c8d339ac48', 830171.32716, 2025, 'initial');
INSERT INTO financial_operations (id, operation_id, executed_ae, executed_cp, execution_date) VALUES ('6946778b-3917-4a5f-a796-d2c39b8344a0', '27ad5f76-062f-46e7-992b-b4c8d339ac48', 830171.32716, 160062.69978, '2025-04-01');
INSERT INTO operations (id, action_id, wilaya_id, title, year, status, observation) VALUES ('5b7fa7d2-cd82-464f-9d93-603e9f9e28d6', NULL, '953a9724-f52d-40a0-b20f-9fc55ec830c3', 'Opération inconnue', 2025, 'nan', 'Travaux en cours
ODS le 28/10/2024, délai 8 mois');
INSERT INTO wilayas (id, code, name) VALUES ('953a9724-f52d-40a0-b20f-9fc55ec830c3', '02', 'Chlef');
INSERT INTO engagements (id, operation_id, amount, year, type) VALUES ('f5901345-11fb-4271-852e-97edbc6b47c0', '5b7fa7d2-cd82-464f-9d93-603e9f9e28d6', 1739554.16756, 2025, 'initial');
INSERT INTO financial_operations (id, operation_id, executed_ae, executed_cp, execution_date) VALUES ('c6546d51-cac1-45dd-9177-d43e24dd6b97', '5b7fa7d2-cd82-464f-9d93-603e9f9e28d6', 1739554.16756, 129620.63336, '2025-04-01');
INSERT INTO operations (id, action_id, wilaya_id, title, year, status, observation) VALUES ('308f303f-1390-4628-9502-008f54d56a64', NULL, '1c263c9f-93c4-416e-b98f-31d3e4f8208a', 'Opération inconnue', 2025, 'nan', 'Travaux en cours');
INSERT INTO wilayas (id, code, name) VALUES ('1c263c9f-93c4-416e-b98f-31d3e4f8208a', '02', 'Chlef');
INSERT INTO engagements (id, operation_id, amount, year, type) VALUES ('fdecada7-1126-4b6e-b363-74b2f1cf9a99', '308f303f-1390-4628-9502-008f54d56a64', 974284.27528, 2025, 'initial');
INSERT INTO financial_operations (id, operation_id, executed_ae, executed_cp, execution_date) VALUES ('52052778-ebcb-4630-b883-e38df68a574c', '308f303f-1390-4628-9502-008f54d56a64', 974284.27528, 493952.57659, '2025-04-01');
INSERT INTO operations (id, action_id, wilaya_id, title, year, status, observation) VALUES ('51da1eb9-ee86-47c8-b85a-e8d5223b845d', NULL, '771abe29-f18c-4086-9d14-3299970ccff7', 'Opération inconnue', 2025, 'nan', 'Travaux en cours');
INSERT INTO wilayas (id, code, name) VALUES ('771abe29-f18c-4086-9d14-3299970ccff7', '02', 'Chlef');
INSERT INTO engagements (id, operation_id, amount, year, type) VALUES ('2ee79968-4dcd-4a8e-9f49-848d03e50ce5', '51da1eb9-ee86-47c8-b85a-e8d5223b845d', 2593239.99883, 2025, 'initial');
INSERT INTO financial_operations (id, operation_id, executed_ae, executed_cp, execution_date) VALUES ('45f9500b-fcf1-4aae-bf8e-4d6518d43883', '51da1eb9-ee86-47c8-b85a-e8d5223b845d', 2593239.99883, 508990.81207, '2025-04-01');
INSERT INTO operations (id, action_id, wilaya_id, title, year, status, observation) VALUES ('36ff9f54-f1a5-4909-bf50-ef244fbddcdc', NULL, 'a70de0f0-0805-4cee-87d2-765fd10bee57', 'Opération inconnue', 2025, 'nan', 'Rejet des 03 marchés par CMW, lancement d''une nouvelle procédure, étude en cours, attente visa CTH  ');
INSERT INTO wilayas (id, code, name) VALUES ('a70de0f0-0805-4cee-87d2-765fd10bee57', '02', 'Chlef');
INSERT INTO engagements (id, operation_id, amount, year, type) VALUES ('f879c386-73c8-4f3b-a822-efa4be30cb9b', '36ff9f54-f1a5-4909-bf50-ef244fbddcdc', 0.0, 2025, 'initial');
INSERT INTO financial_operations (id, operation_id, executed_ae, executed_cp, execution_date) VALUES ('d5e251e4-143a-4866-a0fe-af8b2e16dc36', '36ff9f54-f1a5-4909-bf50-ef244fbddcdc', 0.0, 0.0, '2025-04-01');
INSERT INTO operations (id, action_id, wilaya_id, title, year, status, observation) VALUES ('7d3ae582-d06f-4f07-8cbc-08f85a0929ae', NULL, '46ec09e6-8e71-4669-8a9f-44e2b77c1d96', 'Opération inconnue', 2025, 'nan', 'En cours');
INSERT INTO wilayas (id, code, name) VALUES ('46ec09e6-8e71-4669-8a9f-44e2b77c1d96', '44', 'Ain Defla');
INSERT INTO engagements (id, operation_id, amount, year, type) VALUES ('0e277548-9f81-4bb6-8283-27b3449ef6e1', '7d3ae582-d06f-4f07-8cbc-08f85a0929ae', NULL, 2025, 'initial');
INSERT INTO financial_operations (id, operation_id, executed_ae, executed_cp, execution_date) VALUES ('abb15158-4e4d-42da-a954-e32560842536', '7d3ae582-d06f-4f07-8cbc-08f85a0929ae', NULL, 1976513.0, '2025-04-01');
INSERT INTO operations (id, action_id, wilaya_id, title, year, status, observation) VALUES ('71074929-a4ff-41e7-a933-4674f5ce2380', NULL, '2bc31850-a078-49ac-b982-bfab5cf23d8b', 'Opération inconnue', 2025, 'nan', 'Etude d''adaptation           en cours');
INSERT INTO wilayas (id, code, name) VALUES ('2bc31850-a078-49ac-b982-bfab5cf23d8b', '44', 'Ain Defla');
INSERT INTO engagements (id, operation_id, amount, year, type) VALUES ('ff7ec375-1bc9-4114-9a5a-abc127b6e81b', '71074929-a4ff-41e7-a933-4674f5ce2380', NULL, 2025, 'initial');
INSERT INTO financial_operations (id, operation_id, executed_ae, executed_cp, execution_date) VALUES ('79011e1c-4ce8-40b8-95c5-79403215a98e', '71074929-a4ff-41e7-a933-4674f5ce2380', NULL, 23809.0, '2025-04-01');
INSERT INTO operations (id, action_id, wilaya_id, title, year, status, observation) VALUES ('00900e28-ed1b-4328-a333-17971ca067e1', NULL, '6d48b5d4-c8b1-4522-94c8-fbc3391fdd6d', 'Opération inconnue', 2025, 'nan', 'Reste un lot            en cours');
INSERT INTO wilayas (id, code, name) VALUES ('6d48b5d4-c8b1-4522-94c8-fbc3391fdd6d', '44', 'Ain Defla');
INSERT INTO engagements (id, operation_id, amount, year, type) VALUES ('14b59602-31e9-4b3c-97ad-b52ab7ddb809', '00900e28-ed1b-4328-a333-17971ca067e1', NULL, 2025, 'initial');
INSERT INTO financial_operations (id, operation_id, executed_ae, executed_cp, execution_date) VALUES ('1d11bf08-d2e2-4d46-81cf-f158dd0f7732', '00900e28-ed1b-4328-a333-17971ca067e1', NULL, 1058042.0, '2025-04-01');
INSERT INTO operations (id, action_id, wilaya_id, title, year, status, observation) VALUES ('1ac10cfc-1456-4c1b-90dd-d5debffa36f0', NULL, '268ad24f-4982-4e68-bdb5-eb831437c2cf', 'Opération inconnue', 2025, 'nan', 'Etude en cours');
INSERT INTO wilayas (id, code, name) VALUES ('268ad24f-4982-4e68-bdb5-eb831437c2cf', '44', 'Ain Defla');
INSERT INTO engagements (id, operation_id, amount, year, type) VALUES ('5221c3c2-5850-4039-ab0e-9e9826fc720c', '1ac10cfc-1456-4c1b-90dd-d5debffa36f0', NULL, 2025, 'initial');
INSERT INTO financial_operations (id, operation_id, executed_ae, executed_cp, execution_date) VALUES ('390d3ec4-98a2-4264-9556-378ac99857f7', '1ac10cfc-1456-4c1b-90dd-d5debffa36f0', NULL, 139.0, '2025-04-01');
INSERT INTO operations (id, action_id, wilaya_id, title, year, status, observation) VALUES ('e4ec82de-4451-485d-8175-1457002348c2', NULL, 'fa0f21ec-d0ca-4ff8-9783-bd1aea2a7713', 'Opération inconnue', 2025, 'nan', 'Equipement en cours');
INSERT INTO wilayas (id, code, name) VALUES ('fa0f21ec-d0ca-4ff8-9783-bd1aea2a7713', '44', 'Ain Defla');
INSERT INTO engagements (id, operation_id, amount, year, type) VALUES ('50d52b57-02f6-4a79-bd0d-06b48f192a7e', 'e4ec82de-4451-485d-8175-1457002348c2', NULL, 2025, 'initial');
INSERT INTO financial_operations (id, operation_id, executed_ae, executed_cp, execution_date) VALUES ('3249c3f1-0e3f-4c41-b565-6da042e427c0', 'e4ec82de-4451-485d-8175-1457002348c2', NULL, 7118021.0, '2025-04-01');
INSERT INTO operations (id, action_id, wilaya_id, title, year, status, observation) VALUES ('75a10a17-0cd9-413e-b8b4-2a004fde273a', NULL, 'e3905393-7753-4674-8dd4-677b6b0dcc58', 'Opération inconnue', 2025, 'nan', 'En cours');
INSERT INTO wilayas (id, code, name) VALUES ('e3905393-7753-4674-8dd4-677b6b0dcc58', '44', 'Ain Defla');
INSERT INTO engagements (id, operation_id, amount, year, type) VALUES ('11c8d3d0-d9d9-4d8b-83cf-637c9690b4b1', '75a10a17-0cd9-413e-b8b4-2a004fde273a', NULL, 2025, 'initial');
INSERT INTO financial_operations (id, operation_id, executed_ae, executed_cp, execution_date) VALUES ('641d969f-bfb6-4c76-8d7d-3af39b28d51d', '75a10a17-0cd9-413e-b8b4-2a004fde273a', NULL, 441488.0, '2025-04-01');
INSERT INTO operations (id, action_id, wilaya_id, title, year, status, observation) VALUES ('1b93c5ff-25a4-4163-a63a-8fa7b55e7172', NULL, '48439e5d-8e9a-4ba7-81d8-2a18e27915a3', 'Opération inconnue', 2025, 'nan', 'En cours');
INSERT INTO wilayas (id, code, name) VALUES ('48439e5d-8e9a-4ba7-81d8-2a18e27915a3', '44', 'Ain Defla');
INSERT INTO engagements (id, operation_id, amount, year, type) VALUES ('d4940850-9121-4a4b-932d-ec285ada5cea', '1b93c5ff-25a4-4163-a63a-8fa7b55e7172', NULL, 2025, 'initial');
INSERT INTO financial_operations (id, operation_id, executed_ae, executed_cp, execution_date) VALUES ('f143af62-9714-46cc-869d-8bea0d4deb14', '1b93c5ff-25a4-4163-a63a-8fa7b55e7172', NULL, 1038424.0, '2025-04-01');
INSERT INTO operations (id, action_id, wilaya_id, title, year, status, observation) VALUES ('56fa9ab8-6166-4848-a67b-752bc997e2fc', NULL, 'c7b654b6-ea92-4269-b181-ac952823deb8', 'Opération inconnue', 2025, 'nan', 'En cours');
INSERT INTO wilayas (id, code, name) VALUES ('c7b654b6-ea92-4269-b181-ac952823deb8', '44', 'Ain Defla');
INSERT INTO engagements (id, operation_id, amount, year, type) VALUES ('307be1bf-8e55-4fef-bae7-31d8e8b6d934', '56fa9ab8-6166-4848-a67b-752bc997e2fc', NULL, 2025, 'initial');
INSERT INTO financial_operations (id, operation_id, executed_ae, executed_cp, execution_date) VALUES ('f73c5f85-d128-430a-8798-1c657a92ae7e', '56fa9ab8-6166-4848-a67b-752bc997e2fc', NULL, 972.0, '2025-04-01');
INSERT INTO operations (id, action_id, wilaya_id, title, year, status, observation) VALUES ('d59d10b7-e017-4566-a4ba-79cc256feb66', NULL, '639b021e-0da5-4ce4-b74c-7e0a372217ec', 'Opération inconnue', 2025, 'nan', 'En cours');
INSERT INTO wilayas (id, code, name) VALUES ('639b021e-0da5-4ce4-b74c-7e0a372217ec', '44', 'Ain Defla');
INSERT INTO engagements (id, operation_id, amount, year, type) VALUES ('4254ec90-500d-4d8c-b7f3-7ec9d877f5dd', 'd59d10b7-e017-4566-a4ba-79cc256feb66', NULL, 2025, 'initial');
INSERT INTO financial_operations (id, operation_id, executed_ae, executed_cp, execution_date) VALUES ('9934ec7a-5c16-4a64-8d4a-0615a8b8756e', 'd59d10b7-e017-4566-a4ba-79cc256feb66', NULL, 417174.0, '2025-04-01');
INSERT INTO operations (id, action_id, wilaya_id, title, year, status, observation) VALUES ('9a849d7f-e20b-4572-a709-2888c7b403bf', NULL, 'd69c4d58-5e83-431b-b919-bda635bb0ed4', 'Opération inconnue', 2025, 'nan', 'Achevée');
INSERT INTO wilayas (id, code, name) VALUES ('d69c4d58-5e83-431b-b919-bda635bb0ed4', '44', 'Ain Defla');
INSERT INTO engagements (id, operation_id, amount, year, type) VALUES ('8fa0f202-8faa-47a1-ac9d-c9952c88aa03', '9a849d7f-e20b-4572-a709-2888c7b403bf', NULL, 2025, 'initial');
INSERT INTO financial_operations (id, operation_id, executed_ae, executed_cp, execution_date) VALUES ('7f1ceea6-67d3-40ed-aebf-117b4f4afc67', '9a849d7f-e20b-4572-a709-2888c7b403bf', NULL, 1417812.0, '2025-04-01');
INSERT INTO operations (id, action_id, wilaya_id, title, year, status, observation) VALUES ('92285d72-2e89-431d-ab24-e8987dadf8fb', NULL, 'd60b3d05-bcf2-4437-9a83-4cfc54ea8563', 'Opération inconnue', 2025, 'nan', 'المشروع في طورالإنتهاء');
INSERT INTO wilayas (id, code, name) VALUES ('d60b3d05-bcf2-4437-9a83-4cfc54ea8563', '48', 'Relizane');
INSERT INTO engagements (id, operation_id, amount, year, type) VALUES ('ea5c0af6-f54a-4c80-a885-c06dd445b585', '92285d72-2e89-431d-ab24-e8987dadf8fb', 2294676.0, 2025, 'initial');
INSERT INTO financial_operations (id, operation_id, executed_ae, executed_cp, execution_date) VALUES ('2ccf00a7-ac9f-48c4-ba6d-b8b046f98f0b', '92285d72-2e89-431d-ab24-e8987dadf8fb', 2294676.0, 2183628.0, '2025-04-01');
INSERT INTO operations (id, action_id, wilaya_id, title, year, status, observation) VALUES ('436f6882-d03a-433c-b13d-7d3036a0839f', NULL, '78bc47cd-81b8-42fc-a272-ac73208c6831', 'Opération inconnue', 2025, 'nan', 'المشروع في طورالإنتهاء');
INSERT INTO wilayas (id, code, name) VALUES ('78bc47cd-81b8-42fc-a272-ac73208c6831', '48', 'Relizane');
INSERT INTO engagements (id, operation_id, amount, year, type) VALUES ('ea1abc54-c155-465c-9d8a-655ac1b11436', '436f6882-d03a-433c-b13d-7d3036a0839f', 2076273.0, 2025, 'initial');
INSERT INTO financial_operations (id, operation_id, executed_ae, executed_cp, execution_date) VALUES ('7195f865-3cae-4bbe-9a0d-49ed008c6b95', '436f6882-d03a-433c-b13d-7d3036a0839f', 2076273.0, 1819116.0, '2025-04-01');
INSERT INTO operations (id, action_id, wilaya_id, title, year, status, observation) VALUES ('d6921fce-af54-46c4-9cc6-43ba93382532', NULL, 'a06cdbe4-3b12-404e-8eaa-b49c46106144', 'Opération inconnue', 2025, 'nan', 'المشروع في طورالإنتهاء');
INSERT INTO wilayas (id, code, name) VALUES ('a06cdbe4-3b12-404e-8eaa-b49c46106144', '48', 'Relizane');
INSERT INTO engagements (id, operation_id, amount, year, type) VALUES ('7bbd7bfc-e44e-463c-8748-c8e84fad5e43', 'd6921fce-af54-46c4-9cc6-43ba93382532', 13565515.0, 2025, 'initial');
INSERT INTO financial_operations (id, operation_id, executed_ae, executed_cp, execution_date) VALUES ('1d403872-116c-4257-b76d-b046381d11ea', 'd6921fce-af54-46c4-9cc6-43ba93382532', 13565515.0, 13328981.0, '2025-04-01');
INSERT INTO operations (id, action_id, wilaya_id, title, year, status, observation) VALUES ('211731e2-f66a-4e4a-bc93-98b749017910', NULL, '03453299-ee37-4d02-b3c6-25eeb152cb90', 'Opération inconnue', 2025, 'nan', 'المشروع في طورالإنجاز ');
INSERT INTO wilayas (id, code, name) VALUES ('03453299-ee37-4d02-b3c6-25eeb152cb90', '48', 'Relizane');
INSERT INTO engagements (id, operation_id, amount, year, type) VALUES ('0bc60e1f-b2bc-40a0-943b-d3b43d3cac45', '211731e2-f66a-4e4a-bc93-98b749017910', 1681332.0, 2025, 'initial');
INSERT INTO financial_operations (id, operation_id, executed_ae, executed_cp, execution_date) VALUES ('0ae6fa9a-a6f2-402a-9058-3f3fb89adfb2', '211731e2-f66a-4e4a-bc93-98b749017910', 1681332.0, 1114743.0, '2025-04-01');
INSERT INTO operations (id, action_id, wilaya_id, title, year, status, observation) VALUES ('93aa0767-e430-4469-8535-558e2551de37', NULL, 'f94bc62d-bdd4-4cbf-918c-2c1ec46d1167', 'Opération inconnue', 2025, 'nan', 'En Cours, travaux relancés (en cours), marchés visés : mur de clôture + mur de soutènement + éclairage extérieur,  : chauffage (procédures relancés), travaux sont en cours :
-CES / VRD / ELECTRICTE / UNE PARTIE DU MUR DE RONDE  et climatisation projet réévalué en 2022');
INSERT INTO wilayas (id, code, name) VALUES ('f94bc62d-bdd4-4cbf-918c-2c1ec46d1167', '42', 'Tipaza');
INSERT INTO engagements (id, operation_id, amount, year, type) VALUES ('0d400611-6ea8-4921-980a-8cec9ed473cc', '93aa0767-e430-4469-8535-558e2551de37', 2649815.35559, 2025, 'initial');
INSERT INTO financial_operations (id, operation_id, executed_ae, executed_cp, execution_date) VALUES ('5806874f-455c-40e4-a078-87e874a16abb', '93aa0767-e430-4469-8535-558e2551de37', 2649815.35559, 2432897.11123, '2025-04-01');
INSERT INTO operations (id, action_id, wilaya_id, title, year, status, observation) VALUES ('99910c80-d68c-4010-917b-e3ebcbcb8a97', NULL, 'c6bba712-45ad-47e1-937a-9a94a1cdd5d2', 'Opération inconnue', 2025, 'nan', 'nan');
INSERT INTO wilayas (id, code, name) VALUES ('c6bba712-45ad-47e1-937a-9a94a1cdd5d2', '42', 'Tipaza');
INSERT INTO engagements (id, operation_id, amount, year, type) VALUES ('95507eec-b4de-4a03-9cac-6c322615fbfc', '99910c80-d68c-4010-917b-e3ebcbcb8a97', 2333195.78965, 2025, 'initial');
INSERT INTO financial_operations (id, operation_id, executed_ae, executed_cp, execution_date) VALUES ('7be882a3-57b6-4efc-be72-fba134d13a1d', '99910c80-d68c-4010-917b-e3ebcbcb8a97', 2333195.78965, 1802547.4883899998, '2025-04-01');
INSERT INTO operations (id, action_id, wilaya_id, title, year, status, observation) VALUES ('6004116e-ef18-4dda-8244-72bdcf7da531', NULL, 'a87ffe38-53e2-4869-9428-59a1d426bf5c', 'Opération inconnue', 2025, 'nan', 'nan');
INSERT INTO wilayas (id, code, name) VALUES ('a87ffe38-53e2-4869-9428-59a1d426bf5c', '42', 'Tipaza');
INSERT INTO engagements (id, operation_id, amount, year, type) VALUES ('2e1fcf30-3227-4254-96cf-03ecd48b9638', '6004116e-ef18-4dda-8244-72bdcf7da531', 1133694.39983, 2025, 'initial');
INSERT INTO financial_operations (id, operation_id, executed_ae, executed_cp, execution_date) VALUES ('9eeb8ea5-d80b-4f16-88b4-dd0607dfc85f', '6004116e-ef18-4dda-8244-72bdcf7da531', 1133694.39983, 951546.8904, '2025-04-01');
INSERT INTO operations (id, action_id, wilaya_id, title, year, status, observation) VALUES ('e6a85436-65f3-46be-ae5a-71d9faed6ebc', NULL, '69ff94a9-0827-444f-89e4-832998daba94', 'Opération inconnue', 2025, 'nan', '1');
INSERT INTO wilayas (id, code, name) VALUES ('69ff94a9-0827-444f-89e4-832998daba94', '42', 'Tipaza');
INSERT INTO engagements (id, operation_id, amount, year, type) VALUES ('3f41c1d3-5219-41c9-82f2-034713f5d691', 'e6a85436-65f3-46be-ae5a-71d9faed6ebc', 1704707.09506, 2025, 'initial');
INSERT INTO financial_operations (id, operation_id, executed_ae, executed_cp, execution_date) VALUES ('da53b6fe-07e4-452a-b729-4901a158f9c2', 'e6a85436-65f3-46be-ae5a-71d9faed6ebc', 1704707.09506, 1161733.83516, '2025-04-01');
INSERT INTO operations (id, action_id, wilaya_id, title, year, status, observation) VALUES ('619eb605-25ad-4cfb-9716-8297807f545d', NULL, '6248d5f3-b850-4a41-aaa5-ba904cb15ccd', 'Opération inconnue', 2025, 'nan', 'nan');
INSERT INTO wilayas (id, code, name) VALUES ('6248d5f3-b850-4a41-aaa5-ba904cb15ccd', '42', 'Tipaza');
INSERT INTO engagements (id, operation_id, amount, year, type) VALUES ('9c5a78fd-2922-4316-be3b-773eef64a677', '619eb605-25ad-4cfb-9716-8297807f545d', 2456514.53379, 2025, 'initial');
INSERT INTO financial_operations (id, operation_id, executed_ae, executed_cp, execution_date) VALUES ('1ab34210-6670-4d6f-9b46-66a317c885c4', '619eb605-25ad-4cfb-9716-8297807f545d', 2456514.53379, 2380647.0141499997, '2025-04-01');
INSERT INTO operations (id, action_id, wilaya_id, title, year, status, observation) VALUES ('41258bd8-7a4e-46b8-9c32-162c8136e9ab', NULL, '70c4a9dd-e27c-436e-a53a-efd0545ecc60', 'Opération inconnue', 2025, 'nan', '1');
INSERT INTO wilayas (id, code, name) VALUES ('70c4a9dd-e27c-436e-a53a-efd0545ecc60', '42', 'Tipaza');
INSERT INTO engagements (id, operation_id, amount, year, type) VALUES ('91f70d1a-ff2e-4b0a-8ffc-30c22ab45851', '41258bd8-7a4e-46b8-9c32-162c8136e9ab', 993395.81232, 2025, 'initial');
INSERT INTO financial_operations (id, operation_id, executed_ae, executed_cp, execution_date) VALUES ('f998446e-9053-445b-8a53-9ec74d7f25e0', '41258bd8-7a4e-46b8-9c32-162c8136e9ab', 993395.81232, 547169.9493, '2025-04-01');
INSERT INTO operations (id, action_id, wilaya_id, title, year, status, observation) VALUES ('aec9abb3-fd2f-4a11-a18f-0650872de2b8', NULL, '8040823c-157b-4e5f-858b-e519583d9e71', 'Opération inconnue', 2025, 'nan', 'nan');
INSERT INTO wilayas (id, code, name) VALUES ('8040823c-157b-4e5f-858b-e519583d9e71', '42', 'Tipaza');
INSERT INTO engagements (id, operation_id, amount, year, type) VALUES ('2d4e8a3f-f11e-4786-b923-fec62a443afc', 'aec9abb3-fd2f-4a11-a18f-0650872de2b8', 913764.62758, 2025, 'initial');
INSERT INTO financial_operations (id, operation_id, executed_ae, executed_cp, execution_date) VALUES ('b115c181-4132-421e-b9db-126ccb789b6e', 'aec9abb3-fd2f-4a11-a18f-0650872de2b8', 913764.62758, 714307.89893, '2025-04-01');
INSERT INTO operations (id, action_id, wilaya_id, title, year, status, observation) VALUES ('bdf274d3-3a92-4e71-b18d-9479dbedf4f3', NULL, '895ff1d8-7082-40ff-b5e0-e16570b4e812', 'Opération inconnue', 2025, 'nan', 'nan');
INSERT INTO wilayas (id, code, name) VALUES ('895ff1d8-7082-40ff-b5e0-e16570b4e812', '42', 'Tipaza');
INSERT INTO engagements (id, operation_id, amount, year, type) VALUES ('f7cbb9bf-cf78-4dc4-88a4-bd0c24409782', 'bdf274d3-3a92-4e71-b18d-9479dbedf4f3', 891114.49126, 2025, 'initial');
INSERT INTO financial_operations (id, operation_id, executed_ae, executed_cp, execution_date) VALUES ('650cd371-f0e3-4057-a4a2-cbe44ed023b7', 'bdf274d3-3a92-4e71-b18d-9479dbedf4f3', 891114.49126, 473319.82117, '2025-04-01');
INSERT INTO operations (id, action_id, wilaya_id, title, year, status, observation) VALUES ('8897ce6b-09ba-4184-a42d-d7205c3451f0', NULL, '6ac123d2-a8c1-427a-a3ce-99a1bac5cf52', 'Opération inconnue', 2025, 'nan', '   Opération en cours  :                                                 * 01 projet Achevée                                                      * 04 projets : travaux  en cours         * 01 projet procedure administratif en cour aprés la résiliation de la première Entreprise ( zone d''ombre)');
INSERT INTO wilayas (id, code, name) VALUES ('6ac123d2-a8c1-427a-a3ce-99a1bac5cf52', '42', 'Tipaza');
INSERT INTO engagements (id, operation_id, amount, year, type) VALUES ('46cce3df-3d2b-43fa-bf1c-e9418197d69e', '8897ce6b-09ba-4184-a42d-d7205c3451f0', 1982123.37003, 2025, 'initial');
INSERT INTO financial_operations (id, operation_id, executed_ae, executed_cp, execution_date) VALUES ('2363e298-046a-4596-91dc-43bc60c8200d', '8897ce6b-09ba-4184-a42d-d7205c3451f0', 1982123.37003, 1354022.4776899999, '2025-04-01');
INSERT INTO operations (id, action_id, wilaya_id, title, year, status, observation) VALUES ('1969959e-5e33-4ca9-ac11-6cd20e44f5c8', NULL, 'e4d3202d-d2f7-44cb-89d0-0c6e50f68a53', 'Opération inconnue', 2025, 'nan', 'Opération en cours 
-STEP Mencaceur : à l''arret 
-Système de collecte : travaux en cours
* Demande de réévaluation pour prise en charge partie conditionnelle (500 MDA) rejeté par le MF/DGB en date du 24/03/2024: : services DGB resaisis en date du 19/05/2024');
INSERT INTO wilayas (id, code, name) VALUES ('e4d3202d-d2f7-44cb-89d0-0c6e50f68a53', '42', 'Tipaza');
INSERT INTO engagements (id, operation_id, amount, year, type) VALUES ('df254dd4-0db4-443f-bd02-e2e7bdc3f638', '1969959e-5e33-4ca9-ac11-6cd20e44f5c8', 1960121.95141, 2025, 'initial');
INSERT INTO financial_operations (id, operation_id, executed_ae, executed_cp, execution_date) VALUES ('a01dda95-045f-42c5-ba95-d0672cf5ca80', '1969959e-5e33-4ca9-ac11-6cd20e44f5c8', 1960121.95141, 603838.06296, '2025-04-01');
INSERT INTO operations (id, action_id, wilaya_id, title, year, status, observation) VALUES ('ab0cbf09-c9f0-4712-be22-ae78058f88b2', NULL, 'da63ca5b-0631-42bc-a355-2339e9089cef', 'Opération inconnue', 2025, 'nan', 'nan');
INSERT INTO wilayas (id, code, name) VALUES ('da63ca5b-0631-42bc-a355-2339e9089cef', '42', 'Tipaza');
INSERT INTO engagements (id, operation_id, amount, year, type) VALUES ('cdd1bbc7-215d-482e-bd9c-47e6f063b1ce', 'ab0cbf09-c9f0-4712-be22-ae78058f88b2', 1414111.17516, 2025, 'initial');
INSERT INTO financial_operations (id, operation_id, executed_ae, executed_cp, execution_date) VALUES ('a28a284b-31a4-4115-a694-99250e554bf8', 'ab0cbf09-c9f0-4712-be22-ae78058f88b2', 1414111.17516, 649614.33151, '2025-04-01');
INSERT INTO operations (id, action_id, wilaya_id, title, year, status, observation) VALUES ('7b61fdeb-1e57-48fc-bd72-db0b781cc67e', NULL, '02391caf-7d74-4592-9964-ec6fde67725f', 'Opération inconnue', 2025, 'nan', 'nan');
INSERT INTO wilayas (id, code, name) VALUES ('02391caf-7d74-4592-9964-ec6fde67725f', '42', 'Tipaza');
INSERT INTO engagements (id, operation_id, amount, year, type) VALUES ('7185aac0-8e74-41b4-a2cf-dd0b52d30814', '7b61fdeb-1e57-48fc-bd72-db0b781cc67e', 1162649.32863, 2025, 'initial');
INSERT INTO financial_operations (id, operation_id, executed_ae, executed_cp, execution_date) VALUES ('1d47823c-29c0-48c5-b3f9-b7dd40251b34', '7b61fdeb-1e57-48fc-bd72-db0b781cc67e', 1162649.32863, 1057618.42903, '2025-04-01');
INSERT INTO operations (id, action_id, wilaya_id, title, year, status, observation) VALUES ('073d0d87-de29-4de8-93bd-a0fab7c14fde', NULL, '5e4c43b0-2115-4412-b7ac-377165e47fc2', 'Opération inconnue', 2025, 'nan', 'décision de couverture financiére élaborée le 19/02/2024
décision d''individualisation N°001 élaborée le 09/07/2024
(RESPONSABLE D''ACTION: MONSIEUR LE WALI)');
INSERT INTO wilayas (id, code, name) VALUES ('5e4c43b0-2115-4412-b7ac-377165e47fc2', '38', 'Tissemsilt');
INSERT INTO engagements (id, operation_id, amount, year, type) VALUES ('0a7431a3-48c4-4f38-bab2-85b6fc881fde', '073d0d87-de29-4de8-93bd-a0fab7c14fde', 1592565.12, 2025, 'initial');
INSERT INTO financial_operations (id, operation_id, executed_ae, executed_cp, execution_date) VALUES ('b8480c7b-39c1-4da5-90ee-024768029774', '073d0d87-de29-4de8-93bd-a0fab7c14fde', 1592565.12, 0.0, '2025-04-01');
INSERT INTO operations (id, action_id, wilaya_id, title, year, status, observation) VALUES ('3003d247-a9df-47aa-bd06-7849417c9a38', NULL, 'f971d7af-da7a-4a64-8f82-c5c74ade19a1', 'Opération inconnue', 2025, 'nan', 'nan');
INSERT INTO wilayas (id, code, name) VALUES ('f971d7af-da7a-4a64-8f82-c5c74ade19a1', '38', 'Tissemsilt');
INSERT INTO engagements (id, operation_id, amount, year, type) VALUES ('f12f1127-d994-4c94-89b5-7f761ffd17df', '3003d247-a9df-47aa-bd06-7849417c9a38', 1583111.1120499999, 2025, 'initial');
INSERT INTO financial_operations (id, operation_id, executed_ae, executed_cp, execution_date) VALUES ('73232b15-1b83-4a58-8206-2f3e5541ce26', '3003d247-a9df-47aa-bd06-7849417c9a38', 1583111.1120499999, 238915.62823, '2025-04-01');
INSERT INTO operations (id, action_id, wilaya_id, title, year, status, observation) VALUES ('3886f0a7-ee58-496c-a3ef-593b64162640', NULL, 'cbf46e3f-a00e-4a17-9b1d-c93f6c926511', 'Opération inconnue', 2025, 'nan', 'nan');
INSERT INTO wilayas (id, code, name) VALUES ('cbf46e3f-a00e-4a17-9b1d-c93f6c926511', '38', 'Tissemsilt');
INSERT INTO engagements (id, operation_id, amount, year, type) VALUES ('5fe72f26-1573-4b28-bf3a-fa4953ec7b2d', '3886f0a7-ee58-496c-a3ef-593b64162640', 0.0, 2025, 'initial');
INSERT INTO financial_operations (id, operation_id, executed_ae, executed_cp, execution_date) VALUES ('9f1268be-df17-4dcd-94d7-a864cb76cd54', '3886f0a7-ee58-496c-a3ef-593b64162640', 0.0, 0.0, '2025-04-01');
INSERT INTO operations (id, action_id, wilaya_id, title, year, status, observation) VALUES ('19dc3c34-f82f-4352-8e76-29a68b1c3a34', NULL, 'fc9a3c59-d471-4288-9bda-9b921d83a399', 'Opération inconnue', 2025, 'nan', 'nan');
INSERT INTO wilayas (id, code, name) VALUES ('fc9a3c59-d471-4288-9bda-9b921d83a399', '38', 'Tissemsilt');
INSERT INTO engagements (id, operation_id, amount, year, type) VALUES ('933d12de-3b3f-4bbb-88cd-503c9937cbb4', '19dc3c34-f82f-4352-8e76-29a68b1c3a34', NULL, 2025, 'initial');
INSERT INTO financial_operations (id, operation_id, executed_ae, executed_cp, execution_date) VALUES ('584a1c03-cfa8-47c7-a5f0-1293fdf4a93f', '19dc3c34-f82f-4352-8e76-29a68b1c3a34', NULL, 973995.75054, '2025-04-01');
INSERT INTO operations (id, action_id, wilaya_id, title, year, status, observation) VALUES ('04cb702e-b4ce-4857-a205-3b44574dbdd8', NULL, 'a71d8ee1-88fd-495e-840c-767d58ae7f99', 'Opération inconnue', 2025, 'nan', 'nan');
INSERT INTO wilayas (id, code, name) VALUES ('a71d8ee1-88fd-495e-840c-767d58ae7f99', '38', 'Tissemsilt');
INSERT INTO engagements (id, operation_id, amount, year, type) VALUES ('63ba5c50-d658-449a-aa7a-68ed4bb3486e', '04cb702e-b4ce-4857-a205-3b44574dbdd8', NULL, 2025, 'initial');
INSERT INTO financial_operations (id, operation_id, executed_ae, executed_cp, execution_date) VALUES ('444d72e9-ea1e-47f0-bacf-abb39ff21282', '04cb702e-b4ce-4857-a205-3b44574dbdd8', NULL, 750847.0080500001, '2025-04-01');
INSERT INTO operations (id, action_id, wilaya_id, title, year, status, observation) VALUES ('9fa27bdb-d20e-4ba3-bf92-2f3998c83391', NULL, 'ca844233-b20f-40a8-af5e-22ad5ed05c2d', 'Opération inconnue', 2025, 'nan', 'nan');
INSERT INTO wilayas (id, code, name) VALUES ('ca844233-b20f-40a8-af5e-22ad5ed05c2d', '38', 'Tissemsilt');
INSERT INTO engagements (id, operation_id, amount, year, type) VALUES ('cbf19fb2-236b-4770-8d54-560b564cf535', '9fa27bdb-d20e-4ba3-bf92-2f3998c83391', NULL, 2025, 'initial');
INSERT INTO financial_operations (id, operation_id, executed_ae, executed_cp, execution_date) VALUES ('b2e0e82d-bd15-4a1a-9268-503db328beba', '9fa27bdb-d20e-4ba3-bf92-2f3998c83391', NULL, 2388340.2190300003, '2025-04-01');
INSERT INTO operations (id, action_id, wilaya_id, title, year, status, observation) VALUES ('a883f80a-130d-43b0-893f-6a1e6f4eafac', NULL, '705a3914-98c3-4465-8b19-e4bc1facca40', 'Opération inconnue', 2025, 'nan', 'nan');
INSERT INTO wilayas (id, code, name) VALUES ('705a3914-98c3-4465-8b19-e4bc1facca40', '38', 'Tissemsilt');
INSERT INTO engagements (id, operation_id, amount, year, type) VALUES ('d467e9d5-c870-4f9d-8271-1d0d948e5e09', 'a883f80a-130d-43b0-893f-6a1e6f4eafac', NULL, 2025, 'initial');
INSERT INTO financial_operations (id, operation_id, executed_ae, executed_cp, execution_date) VALUES ('bef9f519-b5f4-4b15-83d7-3f6310bdcba7', 'a883f80a-130d-43b0-893f-6a1e6f4eafac', NULL, 1222682.3444, '2025-04-01');
INSERT INTO operations (id, action_id, wilaya_id, title, year, status, observation) VALUES ('0aad45b3-1312-4448-af83-4492302f9876', NULL, '94ce82c8-63ef-421b-831e-62299020e64c', 'Opération inconnue', 2025, 'nan', 'nan');
INSERT INTO wilayas (id, code, name) VALUES ('94ce82c8-63ef-421b-831e-62299020e64c', '38', 'Tissemsilt');
INSERT INTO engagements (id, operation_id, amount, year, type) VALUES ('6265f4c6-73d5-4436-8feb-1664ab2967f0', '0aad45b3-1312-4448-af83-4492302f9876', NULL, 2025, 'initial');
INSERT INTO financial_operations (id, operation_id, executed_ae, executed_cp, execution_date) VALUES ('50bb5cb3-13c4-4dd3-8f31-4156be51409c', '0aad45b3-1312-4448-af83-4492302f9876', NULL, 1183693.39575, '2025-04-01');
INSERT INTO operations (id, action_id, wilaya_id, title, year, status, observation) VALUES ('bf4fda1f-866b-4905-beb4-a67b140956c9', NULL, '672b4f2c-32bd-4140-8ae0-0e8cb6b1daa4', 'Opération inconnue', 2025, 'nan', 'nan');
INSERT INTO wilayas (id, code, name) VALUES ('672b4f2c-32bd-4140-8ae0-0e8cb6b1daa4', '38', 'Tissemsilt');
INSERT INTO engagements (id, operation_id, amount, year, type) VALUES ('af58a88b-3c1e-4bd4-9d27-c5ff41eb94d1', 'bf4fda1f-866b-4905-beb4-a67b140956c9', NULL, 2025, 'initial');
INSERT INTO financial_operations (id, operation_id, executed_ae, executed_cp, execution_date) VALUES ('5bcfa68f-5028-4d92-a77c-766995666021', 'bf4fda1f-866b-4905-beb4-a67b140956c9', NULL, 1728020.83372, '2025-04-01');
INSERT INTO operations (id, action_id, wilaya_id, title, year, status, observation) VALUES ('880d3684-b720-4e9b-8c83-5584de2eaf89', NULL, 'f896bc72-5a3b-44a7-8722-ba4ca29bdda4', 'Opération inconnue', 2025, 'nan', 'nan');
INSERT INTO wilayas (id, code, name) VALUES ('f896bc72-5a3b-44a7-8722-ba4ca29bdda4', '38', 'Tissemsilt');
INSERT INTO engagements (id, operation_id, amount, year, type) VALUES ('70bd2f23-102c-4e7b-9573-07f4eb7ff071', '880d3684-b720-4e9b-8c83-5584de2eaf89', NULL, 2025, 'initial');
INSERT INTO financial_operations (id, operation_id, executed_ae, executed_cp, execution_date) VALUES ('3896724b-9579-4308-8b6d-1c98c910af6e', '880d3684-b720-4e9b-8c83-5584de2eaf89', NULL, 1092327.44881, '2025-04-01');
INSERT INTO operations (id, action_id, wilaya_id, title, year, status, observation) VALUES ('4eb127b4-7e28-4a90-81b5-4de9f009a405', NULL, '0eb6f74a-b229-4a3f-b675-3ee347e0c319', 'Opération inconnue', 2025, 'nan', 'PROGRAMME COMPLEMENTAIRE');
INSERT INTO wilayas (id, code, name) VALUES ('0eb6f74a-b229-4a3f-b675-3ee347e0c319', '38', 'Tissemsilt');
INSERT INTO engagements (id, operation_id, amount, year, type) VALUES ('d9d2c4f7-f98a-47d4-8b91-c7fecd2cbec9', '4eb127b4-7e28-4a90-81b5-4de9f009a405', NULL, 2025, 'initial');
INSERT INTO financial_operations (id, operation_id, executed_ae, executed_cp, execution_date) VALUES ('a95e6cb2-01de-40eb-b7d3-a50faf285795', '4eb127b4-7e28-4a90-81b5-4de9f009a405', NULL, 783191.57597, '2025-04-01');
INSERT INTO operations (id, action_id, wilaya_id, title, year, status, observation) VALUES ('42fb44b0-1213-42b2-943d-1f3a811ff22f', NULL, 'aed11ad4-c3d7-4eb4-9d30-dc1f57afc722', 'Opération inconnue', 2025, 'nan', 'PROGRAMME COMPLEMENTAIRE');
INSERT INTO wilayas (id, code, name) VALUES ('aed11ad4-c3d7-4eb4-9d30-dc1f57afc722', '38', 'Tissemsilt');
INSERT INTO engagements (id, operation_id, amount, year, type) VALUES ('df835014-6ec7-41ff-8646-dabc166e4983', '42fb44b0-1213-42b2-943d-1f3a811ff22f', NULL, 2025, 'initial');
INSERT INTO financial_operations (id, operation_id, executed_ae, executed_cp, execution_date) VALUES ('2c5615bb-62b4-4cf2-ba22-bd95a849287f', '42fb44b0-1213-42b2-943d-1f3a811ff22f', NULL, 780812.71394, '2025-04-01');
INSERT INTO operations (id, action_id, wilaya_id, title, year, status, observation) VALUES ('61fde744-6e37-47ce-add2-948607390198', NULL, '7e6ab4af-6100-485d-87ef-40a61d05ee5c', 'Opération inconnue', 2025, 'nan', 'PROGRAMME COMPLEMENTAIRE');
INSERT INTO wilayas (id, code, name) VALUES ('7e6ab4af-6100-485d-87ef-40a61d05ee5c', '38', 'Tissemsilt');
INSERT INTO engagements (id, operation_id, amount, year, type) VALUES ('56783181-43be-4cd4-92dc-c7e6efa2feb6', '61fde744-6e37-47ce-add2-948607390198', NULL, 2025, 'initial');
INSERT INTO financial_operations (id, operation_id, executed_ae, executed_cp, execution_date) VALUES ('15ff884f-6a59-4af1-9b32-6669dd0852ee', '61fde744-6e37-47ce-add2-948607390198', NULL, 1334245.1762899999, '2025-04-01');
INSERT INTO operations (id, action_id, wilaya_id, title, year, status, observation) VALUES ('9a6d682b-0973-45aa-8e20-8f4cb6840631', NULL, '8ae6cd27-4144-48c5-a2fa-b5cb53df89a2', 'Opération inconnue', 2025, 'nan', 'PROGRAMME COMPLEMENTAIRE');
INSERT INTO wilayas (id, code, name) VALUES ('8ae6cd27-4144-48c5-a2fa-b5cb53df89a2', '38', 'Tissemsilt');
INSERT INTO engagements (id, operation_id, amount, year, type) VALUES ('f6fec01d-5649-44b4-bee7-fbab98667abb', '9a6d682b-0973-45aa-8e20-8f4cb6840631', NULL, 2025, 'initial');
INSERT INTO financial_operations (id, operation_id, executed_ae, executed_cp, execution_date) VALUES ('15ae6be3-41dc-4108-ac93-b8b47d992764', '9a6d682b-0973-45aa-8e20-8f4cb6840631', NULL, 1782050.32622, '2025-04-01');
INSERT INTO operations (id, action_id, wilaya_id, title, year, status, observation) VALUES ('3c06c573-c2e7-4e5d-be7c-30cab966fedc', NULL, 'fda839a0-22b4-40e9-888a-ede7c1f2d347', 'Opération inconnue', 2025, 'nan', 'nan');
INSERT INTO wilayas (id, code, name) VALUES ('fda839a0-22b4-40e9-888a-ede7c1f2d347', '38', 'Tissemsilt');
INSERT INTO engagements (id, operation_id, amount, year, type) VALUES ('07777b01-f02e-47f8-b8ae-d548c90a9908', '3c06c573-c2e7-4e5d-be7c-30cab966fedc', NULL, 2025, 'initial');
INSERT INTO financial_operations (id, operation_id, executed_ae, executed_cp, execution_date) VALUES ('3c4fbb05-0ffd-4937-8abc-2b8312380eb3', '3c06c573-c2e7-4e5d-be7c-30cab966fedc', NULL, 2349654.0, '2025-04-01');
INSERT INTO operations (id, action_id, wilaya_id, title, year, status, observation) VALUES ('4bacbb63-4b31-484e-b24f-f14b8d787aa2', NULL, '524eecac-3b94-4277-96d7-0f1bd25fd86b', 'Opération inconnue', 2025, 'nan', 'nan');
INSERT INTO wilayas (id, code, name) VALUES ('524eecac-3b94-4277-96d7-0f1bd25fd86b', '38', 'Tissemsilt');
INSERT INTO engagements (id, operation_id, amount, year, type) VALUES ('b601ffe4-8aaf-445f-8edc-2c3689a83b60', '4bacbb63-4b31-484e-b24f-f14b8d787aa2', NULL, 2025, 'initial');
INSERT INTO financial_operations (id, operation_id, executed_ae, executed_cp, execution_date) VALUES ('8331cbc6-afab-4a6a-a1cc-4137ac8bc477', '4bacbb63-4b31-484e-b24f-f14b8d787aa2', NULL, 2082320.1385299999, '2025-04-01');
INSERT INTO operations (id, action_id, wilaya_id, title, year, status, observation) VALUES ('f5c84e21-83a0-4566-acfc-c37953f90c63', NULL, 'ecf2fc9a-be9c-4001-839a-63061e33ab57', 'Opération inconnue', 2025, 'nan', 'nan');
INSERT INTO wilayas (id, code, name) VALUES ('ecf2fc9a-be9c-4001-839a-63061e33ab57', '38', 'Tissemsilt');
INSERT INTO engagements (id, operation_id, amount, year, type) VALUES ('26f3a1d8-9628-4b03-99f9-7f79cfb07fa6', 'f5c84e21-83a0-4566-acfc-c37953f90c63', NULL, 2025, 'initial');
INSERT INTO financial_operations (id, operation_id, executed_ae, executed_cp, execution_date) VALUES ('f4436f36-9d22-4f56-a313-9a349d765307', 'f5c84e21-83a0-4566-acfc-c37953f90c63', NULL, 757342.47857, '2025-04-01');
INSERT INTO operations (id, action_id, wilaya_id, title, year, status, observation) VALUES ('552540a2-0b61-4af9-9e16-1e819673c6f2', NULL, 'd665e264-b5d4-4c16-944e-d38932e5eb12', 'Opération inconnue', 2025, 'nan', 'PROGRAMME COMPLEMENTAIRE');
INSERT INTO wilayas (id, code, name) VALUES ('d665e264-b5d4-4c16-944e-d38932e5eb12', '38', 'Tissemsilt');
INSERT INTO engagements (id, operation_id, amount, year, type) VALUES ('334c2b3c-9f04-4cc1-8763-1f1e68a85dd1', '552540a2-0b61-4af9-9e16-1e819673c6f2', NULL, 2025, 'initial');
INSERT INTO financial_operations (id, operation_id, executed_ae, executed_cp, execution_date) VALUES ('c3203704-1ba4-412f-84c0-8eb943bd820b', '552540a2-0b61-4af9-9e16-1e819673c6f2', NULL, 39985.0775, '2025-04-01');
INSERT INTO operations (id, action_id, wilaya_id, title, year, status, observation) VALUES ('16a85afd-d4ef-4ae3-b34d-bf7ae4157c5c', NULL, '80b29f54-821d-4aa0-97c9-70a1eeecbbf2', 'Opération inconnue', 2025, 'nan', 'nan');
INSERT INTO wilayas (id, code, name) VALUES ('80b29f54-821d-4aa0-97c9-70a1eeecbbf2', '38', 'Tissemsilt');
INSERT INTO engagements (id, operation_id, amount, year, type) VALUES ('3f950739-2abb-4e70-aa83-adeb751a1870', '16a85afd-d4ef-4ae3-b34d-bf7ae4157c5c', NULL, 2025, 'initial');
INSERT INTO financial_operations (id, operation_id, executed_ae, executed_cp, execution_date) VALUES ('d8fd09c1-a63b-483c-9864-54e688c08371', '16a85afd-d4ef-4ae3-b34d-bf7ae4157c5c', NULL, 1454015.73864, '2025-04-01');
INSERT INTO operations (id, action_id, wilaya_id, title, year, status, observation) VALUES ('e723bdcc-f04f-4dec-a757-a2902c62a724', NULL, '941e574d-952b-40c9-8e50-97415aa42f21', 'Opération inconnue', 2025, 'nan', 'nan');
INSERT INTO wilayas (id, code, name) VALUES ('941e574d-952b-40c9-8e50-97415aa42f21', '38', 'Tissemsilt');
INSERT INTO engagements (id, operation_id, amount, year, type) VALUES ('b4acc92d-53b0-4da9-a6e1-15cf4e2fb83e', 'e723bdcc-f04f-4dec-a757-a2902c62a724', NULL, 2025, 'initial');
INSERT INTO financial_operations (id, operation_id, executed_ae, executed_cp, execution_date) VALUES ('9672be7b-010b-4fae-a44c-03a252f53a76', 'e723bdcc-f04f-4dec-a757-a2902c62a724', NULL, 2120057.23007, '2025-04-01');
INSERT INTO operations (id, action_id, wilaya_id, title, year, status, observation) VALUES ('7baaea87-4a32-4e2f-8008-a7a838c23f6f', NULL, '922425a7-54fb-48c1-abcb-5e22969d5952', 'Opération inconnue', 2025, 'nan', 'OPERATION GELEE
A MAINTENIR');
INSERT INTO wilayas (id, code, name) VALUES ('922425a7-54fb-48c1-abcb-5e22969d5952', '38', 'Tissemsilt');
INSERT INTO engagements (id, operation_id, amount, year, type) VALUES ('29797e29-a74d-4fa9-8ede-2c14e47959df', '7baaea87-4a32-4e2f-8008-a7a838c23f6f', NULL, 2025, 'initial');
INSERT INTO financial_operations (id, operation_id, executed_ae, executed_cp, execution_date) VALUES ('786a2c4c-cb2c-403e-ac94-05e945551627', '7baaea87-4a32-4e2f-8008-a7a838c23f6f', NULL, 4811.9384, '2025-04-01');
INSERT INTO operations (id, action_id, wilaya_id, title, year, status, observation) VALUES ('1743454a-3966-4538-99cb-fea483f6ef9d', NULL, 'b3ff7870-25bf-4d31-b530-a8af34a8ad1c', 'Opération inconnue', 2025, 'nan', 'nan');
INSERT INTO wilayas (id, code, name) VALUES ('b3ff7870-25bf-4d31-b530-a8af34a8ad1c', '38', 'Tissemsilt');
INSERT INTO engagements (id, operation_id, amount, year, type) VALUES ('a9d9378a-db43-4ade-8fef-b26e14359645', '1743454a-3966-4538-99cb-fea483f6ef9d', NULL, 2025, 'initial');
INSERT INTO financial_operations (id, operation_id, executed_ae, executed_cp, execution_date) VALUES ('4482267c-4f2d-43f0-bf8c-a96c92ac1133', '1743454a-3966-4538-99cb-fea483f6ef9d', NULL, 873268.89612, '2025-04-01');
INSERT INTO operations (id, action_id, wilaya_id, title, year, status, observation) VALUES ('bb2b6e68-da2d-4eb5-a211-cbac30c82881', NULL, '04da00cf-3e9d-4f5f-98c3-f0df459a0b8a', 'Opération inconnue', 2025, 'nan', 'nan');
INSERT INTO wilayas (id, code, name) VALUES ('04da00cf-3e9d-4f5f-98c3-f0df459a0b8a', '38', 'Tissemsilt');
INSERT INTO engagements (id, operation_id, amount, year, type) VALUES ('9bf026fc-708e-44a8-bb5a-a08f4675d521', 'bb2b6e68-da2d-4eb5-a211-cbac30c82881', NULL, 2025, 'initial');
INSERT INTO financial_operations (id, operation_id, executed_ae, executed_cp, execution_date) VALUES ('4d1de502-8597-425d-926f-4a350fa4fc53', 'bb2b6e68-da2d-4eb5-a211-cbac30c82881', NULL, 17070.256699999998, '2025-04-01');
INSERT INTO operations (id, action_id, wilaya_id, title, year, status, observation) VALUES ('1bb9717d-b8d5-4929-8aa8-398fce596da6', NULL, 'b8b8676a-fb29-4c76-80e4-aa347f749c42', 'Opération inconnue', 2025, 'nan', 'PROGRAMME COMPLEMENTAIRE');
INSERT INTO wilayas (id, code, name) VALUES ('b8b8676a-fb29-4c76-80e4-aa347f749c42', '38', 'Tissemsilt');
INSERT INTO engagements (id, operation_id, amount, year, type) VALUES ('b73103db-de72-4f41-8c70-d785f90f2044', '1bb9717d-b8d5-4929-8aa8-398fce596da6', NULL, 2025, 'initial');
INSERT INTO financial_operations (id, operation_id, executed_ae, executed_cp, execution_date) VALUES ('f6fefd42-d699-415b-8b3c-60308087fa27', '1bb9717d-b8d5-4929-8aa8-398fce596da6', NULL, 19718.09, '2025-04-01');
INSERT INTO operations (id, action_id, wilaya_id, title, year, status, observation) VALUES ('7b648aee-13d3-4d8f-aca9-d0416b827a32', NULL, '2fad817f-bf5a-4704-9d96-190a7b181d8c', 'Opération inconnue', 2025, 'nan', 'nan');
INSERT INTO wilayas (id, code, name) VALUES ('2fad817f-bf5a-4704-9d96-190a7b181d8c', '38', 'Tissemsilt');
INSERT INTO engagements (id, operation_id, amount, year, type) VALUES ('b7f8a9ea-0211-47fb-a86c-39011d8bab41', '7b648aee-13d3-4d8f-aca9-d0416b827a32', NULL, 2025, 'initial');
INSERT INTO financial_operations (id, operation_id, executed_ae, executed_cp, execution_date) VALUES ('85d0f562-d959-4c99-aac4-d89e8c10a299', '7b648aee-13d3-4d8f-aca9-d0416b827a32', NULL, 1032465.73999, '2025-04-01');
INSERT INTO operations (id, action_id, wilaya_id, title, year, status, observation) VALUES ('bc652a96-6db0-4424-9fd1-87c1a64ecada', NULL, 'fa3305d9-62cd-421e-a89a-d08f05503a13', 'Opération inconnue', 2025, 'nan', 'nan');
INSERT INTO wilayas (id, code, name) VALUES ('fa3305d9-62cd-421e-a89a-d08f05503a13', '38', 'Tissemsilt');
INSERT INTO engagements (id, operation_id, amount, year, type) VALUES ('496b04b1-440e-4963-bb89-4eda91a00dca', 'bc652a96-6db0-4424-9fd1-87c1a64ecada', NULL, 2025, 'initial');
INSERT INTO financial_operations (id, operation_id, executed_ae, executed_cp, execution_date) VALUES ('5cd48707-9027-46d0-8b84-5c598827ca04', 'bc652a96-6db0-4424-9fd1-87c1a64ecada', NULL, 176073.98231, '2025-04-01');
INSERT INTO operations (id, action_id, wilaya_id, title, year, status, observation) VALUES ('93bccf4c-0c17-4d05-a0c9-8636e6342ef0', NULL, '7db78c4c-6604-4c67-92c2-bdde4735aac5', 'Opération inconnue', 2025, 'nan', 'Achevée, reste paiement et Equip par la DAL');
INSERT INTO wilayas (id, code, name) VALUES ('7db78c4c-6604-4c67-92c2-bdde4735aac5', '14', 'Tiaret');
INSERT INTO engagements (id, operation_id, amount, year, type) VALUES ('c6a36bf1-b5f0-4105-828e-5ed907722b7e', '93bccf4c-0c17-4d05-a0c9-8636e6342ef0', 4476759.38459, 2025, 'initial');
INSERT INTO financial_operations (id, operation_id, executed_ae, executed_cp, execution_date) VALUES ('891163ab-e672-4005-90e7-d68cdd4deb7e', '93bccf4c-0c17-4d05-a0c9-8636e6342ef0', 4476759.38459, NULL, '2025-04-01');
INSERT INTO operations (id, action_id, wilaya_id, title, year, status, observation) VALUES ('d33ba297-d27b-4226-9035-c13c2fde0156', NULL, 'aa0ea9cd-2dbd-4831-8b11-379ffc23b205', 'Opération inconnue', 2025, 'nan', 'Opération gelée, Dde levée de gel introduite le 19/04/2023 sous le n°262 au niv. du MF/DGB et MICLAT/SG');
INSERT INTO wilayas (id, code, name) VALUES ('aa0ea9cd-2dbd-4831-8b11-379ffc23b205', '14', 'Tiaret');
INSERT INTO engagements (id, operation_id, amount, year, type) VALUES ('cb68e6da-68b1-4305-a3df-7330ceb42ea2', 'd33ba297-d27b-4226-9035-c13c2fde0156', 0.0, 2025, 'initial');
INSERT INTO financial_operations (id, operation_id, executed_ae, executed_cp, execution_date) VALUES ('351b6719-a4e6-4c5e-b93f-ef6c16c660d5', 'd33ba297-d27b-4226-9035-c13c2fde0156', 0.0, NULL, '2025-04-01');
INSERT INTO operations (id, action_id, wilaya_id, title, year, status, observation) VALUES ('5bb9a7bb-6e91-43ef-8dc9-f345c76938bc', NULL, 'ab9acceb-e319-42fc-896e-f98c7d62a5fa', 'Opération inconnue', 2025, 'nan', 'travaux achevés, la partie "Equip-DAL, Dde réév arbit 2025 (50 000)');
INSERT INTO wilayas (id, code, name) VALUES ('ab9acceb-e319-42fc-896e-f98c7d62a5fa', '14', 'Tiaret');
INSERT INTO engagements (id, operation_id, amount, year, type) VALUES ('f80e1501-b503-44cc-a586-83a5a4ab268b', '5bb9a7bb-6e91-43ef-8dc9-f345c76938bc', 1011847.5645, 2025, 'initial');
INSERT INTO financial_operations (id, operation_id, executed_ae, executed_cp, execution_date) VALUES ('ea58afa5-1f7c-49a8-a445-874ed03f1771', '5bb9a7bb-6e91-43ef-8dc9-f345c76938bc', 1011847.5645, NULL, '2025-04-01');
INSERT INTO operations (id, action_id, wilaya_id, title, year, status, observation) VALUES ('ce2c36a4-8ebf-45af-a41e-f2379f24f617', NULL, 'b64956e3-806f-498e-bd39-ad50779d1e42', 'Opération inconnue', 2025, 'nan', 'reste lot aspect de sécurité+signal d''appel, déc. chang. Int. pour ajouter la partie "équip" n° MF/2024/DM/202 du 04/03/2024');
INSERT INTO wilayas (id, code, name) VALUES ('b64956e3-806f-498e-bd39-ad50779d1e42', '14', 'Tiaret');
INSERT INTO engagements (id, operation_id, amount, year, type) VALUES ('668fd95c-17d2-467d-8dd2-f336a60a02a9', 'ce2c36a4-8ebf-45af-a41e-f2379f24f617', 2253103.60169, 2025, 'initial');
INSERT INTO financial_operations (id, operation_id, executed_ae, executed_cp, execution_date) VALUES ('a721d9fd-0566-444b-a714-8d1075068b6d', 'ce2c36a4-8ebf-45af-a41e-f2379f24f617', 2253103.60169, NULL, '2025-04-01');
INSERT INTO operations (id, action_id, wilaya_id, title, year, status, observation) VALUES ('3425eb3c-16d2-4afd-8282-d8b2d07670a7', NULL, 'c680c5d7-6845-435f-a6ee-6d1f39086da0', 'Opération inconnue', 2025, 'nan', 'reste lo aspect de sécurité+signal d''appel');
INSERT INTO wilayas (id, code, name) VALUES ('c680c5d7-6845-435f-a6ee-6d1f39086da0', '14', 'Tiaret');
INSERT INTO engagements (id, operation_id, amount, year, type) VALUES ('f8ad0358-8b80-4a9e-8bf5-288da574f50f', '3425eb3c-16d2-4afd-8282-d8b2d07670a7', 2083570.31831, 2025, 'initial');
INSERT INTO financial_operations (id, operation_id, executed_ae, executed_cp, execution_date) VALUES ('dca2a653-7a69-4de6-88f6-3b487d383c03', '3425eb3c-16d2-4afd-8282-d8b2d07670a7', 2083570.31831, NULL, '2025-04-01');
INSERT INTO operations (id, action_id, wilaya_id, title, year, status, observation) VALUES ('c9608f87-88df-4c66-b45c-051ebe2abe4e', NULL, '95fccbe9-e744-4994-8bb2-531e46d59711', 'Opération inconnue', 2025, 'nan', '6000 pp achevée dont 2000 pp (reste engag et paiement Av de clôt ETB, Dde réév arbit 2025 (82 000)');
INSERT INTO wilayas (id, code, name) VALUES ('95fccbe9-e744-4994-8bb2-531e46d59711', '14', 'Tiaret');
INSERT INTO engagements (id, operation_id, amount, year, type) VALUES ('25d08c01-c5c9-48fc-ba78-0cd2041f5a25', 'c9608f87-88df-4c66-b45c-051ebe2abe4e', 3144413.06454, 2025, 'initial');
INSERT INTO financial_operations (id, operation_id, executed_ae, executed_cp, execution_date) VALUES ('3b930704-e104-4c91-8b56-ad78e33a41f3', 'c9608f87-88df-4c66-b45c-051ebe2abe4e', 3144413.06454, NULL, '2025-04-01');
INSERT INTO operations (id, action_id, wilaya_id, title, year, status, observation) VALUES ('466b2c36-0e19-4f98-b45a-d079b2ac8700', NULL, '3852d3bb-6e5b-4a37-8ad6-f13f0f1ae85c', 'Opération inconnue', 2025, 'nan', 'Achevée, reste paiement BET et ETB');
INSERT INTO wilayas (id, code, name) VALUES ('3852d3bb-6e5b-4a37-8ad6-f13f0f1ae85c', '14', 'Tiaret');
INSERT INTO engagements (id, operation_id, amount, year, type) VALUES ('237e959d-0dfc-4f3f-b679-33dd639787c9', '466b2c36-0e19-4f98-b45a-d079b2ac8700', 2438150.54503, 2025, 'initial');
INSERT INTO financial_operations (id, operation_id, executed_ae, executed_cp, execution_date) VALUES ('9e67a16d-7b3b-4b10-836f-338c9ee5813b', '466b2c36-0e19-4f98-b45a-d079b2ac8700', 2438150.54503, NULL, '2025-04-01');
INSERT INTO operations (id, action_id, wilaya_id, title, year, status, observation) VALUES ('8bd492dc-758c-452e-941b-204f9bb6d609', NULL, '540b46b9-287a-4137-ba11-284ce35dd363', 'Opération inconnue', 2025, 'nan', 'Branchement électricité en cours');
INSERT INTO wilayas (id, code, name) VALUES ('540b46b9-287a-4137-ba11-284ce35dd363', '14', 'Tiaret');
INSERT INTO engagements (id, operation_id, amount, year, type) VALUES ('ed840d31-71c2-4005-9735-bcac1abf43fe', '8bd492dc-758c-452e-941b-204f9bb6d609', 992364.01607, 2025, 'initial');
INSERT INTO financial_operations (id, operation_id, executed_ae, executed_cp, execution_date) VALUES ('ae9fffd6-62a3-47ad-8886-d1b31bbfa627', '8bd492dc-758c-452e-941b-204f9bb6d609', 992364.01607, NULL, '2025-04-01');
INSERT INTO operations (id, action_id, wilaya_id, title, year, status, observation) VALUES ('d47e14a3-cf92-463d-b7eb-c925d650cffe', NULL, 'e94aa161-86c2-40c7-8b0f-ee72b73507c7', 'Opération inconnue', 2025, 'nan', 'En cours');
INSERT INTO wilayas (id, code, name) VALUES ('e94aa161-86c2-40c7-8b0f-ee72b73507c7', '14', 'Tiaret');
INSERT INTO engagements (id, operation_id, amount, year, type) VALUES ('cfd09e83-7953-4572-a53d-38becdb9149a', 'd47e14a3-cf92-463d-b7eb-c925d650cffe', 1488112.1122, 2025, 'initial');
INSERT INTO financial_operations (id, operation_id, executed_ae, executed_cp, execution_date) VALUES ('4f282229-edf1-4813-b4ec-7960255365c2', 'd47e14a3-cf92-463d-b7eb-c925d650cffe', 1488112.1122, NULL, '2025-04-01');
INSERT INTO operations (id, action_id, wilaya_id, title, year, status, observation) VALUES ('2e2090ba-f55c-4b0d-be2c-87794945df00', NULL, 'fa030757-445a-47b6-a4b7-87d1b09b55f3', 'Opération inconnue', 2025, 'nan', 'En cours');
INSERT INTO wilayas (id, code, name) VALUES ('fa030757-445a-47b6-a4b7-87d1b09b55f3', '14', 'Tiaret');
INSERT INTO engagements (id, operation_id, amount, year, type) VALUES ('1a705179-75b0-427f-9f75-908f37a250f6', '2e2090ba-f55c-4b0d-be2c-87794945df00', 1292520.05283, 2025, 'initial');
INSERT INTO financial_operations (id, operation_id, executed_ae, executed_cp, execution_date) VALUES ('180737de-8310-42f2-bee1-b0920a53a482', '2e2090ba-f55c-4b0d-be2c-87794945df00', 1292520.05283, NULL, '2025-04-01');
INSERT INTO operations (id, action_id, wilaya_id, title, year, status, observation) VALUES ('fb6bc285-8df9-4671-b2b7-1297aceb61b2', NULL, '7ccc5c41-b8be-40dc-bfcc-8c14e019d737', 'Opération inconnue', 2025, 'nan', 'En cours');
INSERT INTO wilayas (id, code, name) VALUES ('7ccc5c41-b8be-40dc-bfcc-8c14e019d737', '14', 'Tiaret');
INSERT INTO engagements (id, operation_id, amount, year, type) VALUES ('0a3c74ae-63ee-4438-b584-5ea56480225b', 'fb6bc285-8df9-4671-b2b7-1297aceb61b2', 2453224.10562, 2025, 'initial');
INSERT INTO financial_operations (id, operation_id, executed_ae, executed_cp, execution_date) VALUES ('0c9e5024-ecff-4334-8d8c-ef384092fff1', 'fb6bc285-8df9-4671-b2b7-1297aceb61b2', 2453224.10562, NULL, '2025-04-01');
INSERT INTO operations (id, action_id, wilaya_id, title, year, status, observation) VALUES ('f5e44670-880f-4651-97f6-05c026693576', NULL, 'dd3dde30-de25-4d28-9dd7-d1cf38fc7510', 'Opération inconnue', 2025, 'nan', 'En cours');
INSERT INTO wilayas (id, code, name) VALUES ('dd3dde30-de25-4d28-9dd7-d1cf38fc7510', '14', 'Tiaret');
INSERT INTO engagements (id, operation_id, amount, year, type) VALUES ('c9de12a0-bfc4-4d7e-88e2-0401a35c8edb', 'f5e44670-880f-4651-97f6-05c026693576', 2253529.6055199997, 2025, 'initial');
INSERT INTO financial_operations (id, operation_id, executed_ae, executed_cp, execution_date) VALUES ('ac3ecd3c-6c7e-4cfb-8689-071e2b89d75d', 'f5e44670-880f-4651-97f6-05c026693576', 2253529.6055199997, NULL, '2025-04-01');
INSERT INTO operations (id, action_id, wilaya_id, title, year, status, observation) VALUES ('ee166675-a27e-44fd-b0e6-c5ac610306d3', NULL, '24f8f432-cf90-4792-947f-783d329159d9', 'Opération inconnue', 2025, 'nan', 'Achevée non contentieuse');
INSERT INTO wilayas (id, code, name) VALUES ('24f8f432-cf90-4792-947f-783d329159d9', '14', 'Tiaret');
INSERT INTO engagements (id, operation_id, amount, year, type) VALUES ('2474af8c-5c12-43ef-a196-55e5cc79e48c', 'ee166675-a27e-44fd-b0e6-c5ac610306d3', 2172548.1244099997, 2025, 'initial');
INSERT INTO financial_operations (id, operation_id, executed_ae, executed_cp, execution_date) VALUES ('04abe60a-0aff-45d5-b62d-adfec8e8af6e', 'ee166675-a27e-44fd-b0e6-c5ac610306d3', 2172548.1244099997, NULL, '2025-04-01');
INSERT INTO operations (id, action_id, wilaya_id, title, year, status, observation) VALUES ('f50a8da4-682f-4a3d-8690-7b71eff5bc6e', NULL, '8e8d319c-f066-49ef-9d29-620ba1dee5e9', 'Opération inconnue', 2025, 'nan', 'Travaux en voie d''achèvement');
INSERT INTO wilayas (id, code, name) VALUES ('8e8d319c-f066-49ef-9d29-620ba1dee5e9', '14', 'Tiaret');
INSERT INTO engagements (id, operation_id, amount, year, type) VALUES ('dd350302-09d5-463c-a8a4-04bd223de790', 'f50a8da4-682f-4a3d-8690-7b71eff5bc6e', 1825032.1356600001, 2025, 'initial');
INSERT INTO financial_operations (id, operation_id, executed_ae, executed_cp, execution_date) VALUES ('544a664a-281d-423a-af64-1bee785792b3', 'f50a8da4-682f-4a3d-8690-7b71eff5bc6e', 1825032.1356600001, NULL, '2025-04-01');
INSERT INTO operations (id, action_id, wilaya_id, title, year, status, observation) VALUES ('0f0a1372-361b-47f9-a243-3b3230db2402', NULL, 'f81db8b8-9ce3-4f21-87ac-ec2aeaff5db1', 'Opération inconnue', 2025, 'nan', 'travaux en cours');
INSERT INTO wilayas (id, code, name) VALUES ('f81db8b8-9ce3-4f21-87ac-ec2aeaff5db1', '14', 'Tiaret');
INSERT INTO engagements (id, operation_id, amount, year, type) VALUES ('b46ff0eb-2f0e-4c5b-9cab-bb10cd3a800a', '0f0a1372-361b-47f9-a243-3b3230db2402', 987515.72263, 2025, 'initial');
INSERT INTO financial_operations (id, operation_id, executed_ae, executed_cp, execution_date) VALUES ('811ebe7c-b5e6-4c87-8a07-0e9ea3ac2a16', '0f0a1372-361b-47f9-a243-3b3230db2402', 987515.72263, NULL, '2025-04-01');
INSERT INTO operations (id, action_id, wilaya_id, title, year, status, observation) VALUES ('e91f3ef5-200a-4108-8800-804fa37066b2', NULL, '24d95a2c-9513-449f-99fc-11a166b6fb96', 'Opération inconnue', 2025, 'nan', 'Achevée, Dde réév arbit 2025 (51 000)');
INSERT INTO wilayas (id, code, name) VALUES ('24d95a2c-9513-449f-99fc-11a166b6fb96', '14', 'Tiaret');
INSERT INTO engagements (id, operation_id, amount, year, type) VALUES ('d7bd65ca-6488-41d8-aa4d-a2f11fb06e5c', 'e91f3ef5-200a-4108-8800-804fa37066b2', 1744367.02226, 2025, 'initial');
INSERT INTO financial_operations (id, operation_id, executed_ae, executed_cp, execution_date) VALUES ('98a51961-48be-4350-9f70-9e95bfb39435', 'e91f3ef5-200a-4108-8800-804fa37066b2', 1744367.02226, NULL, '2025-04-01');
INSERT INTO operations (id, action_id, wilaya_id, title, year, status, observation) VALUES ('c282d557-52dc-4c51-ab90-44d138d19c52', NULL, '6aa5acbb-ca52-4487-8483-ca354c996c74', 'Opération inconnue', 2025, 'nan', 'Achevée contentieuse');
INSERT INTO wilayas (id, code, name) VALUES ('6aa5acbb-ca52-4487-8483-ca354c996c74', '14', 'Tiaret');
INSERT INTO engagements (id, operation_id, amount, year, type) VALUES ('f5c10035-af67-4268-89a6-405eb754b3d5', 'c282d557-52dc-4c51-ab90-44d138d19c52', 1283623.7279700001, 2025, 'initial');
INSERT INTO financial_operations (id, operation_id, executed_ae, executed_cp, execution_date) VALUES ('16cd3467-5f41-4faa-b2db-0ff00c408156', 'c282d557-52dc-4c51-ab90-44d138d19c52', 1283623.7279700001, NULL, '2025-04-01');
INSERT INTO operations (id, action_id, wilaya_id, title, year, status, observation) VALUES ('7771f457-e015-4cfd-9855-1ab560d6a18b', NULL, 'cd31f2e7-f779-4897-a6fa-d0fbc8768c6d', 'Opération inconnue', 2025, 'nan', 'Achevée contentieuse');
INSERT INTO wilayas (id, code, name) VALUES ('cd31f2e7-f779-4897-a6fa-d0fbc8768c6d', '14', 'Tiaret');
INSERT INTO engagements (id, operation_id, amount, year, type) VALUES ('1dd7c7b6-920a-4ae3-93a2-a1d55b79450d', '7771f457-e015-4cfd-9855-1ab560d6a18b', 1381353.47826, 2025, 'initial');
INSERT INTO financial_operations (id, operation_id, executed_ae, executed_cp, execution_date) VALUES ('ee7647b1-fac4-4ca9-9820-e63a7307e9e3', '7771f457-e015-4cfd-9855-1ab560d6a18b', 1381353.47826, NULL, '2025-04-01');
INSERT INTO operations (id, action_id, wilaya_id, title, year, status, observation) VALUES ('cdb75cac-4aef-4860-8dc7-917b7023af70', NULL, '9bfc2f7b-ee1d-4d14-8c77-5ed6111c7f3e', 'Opération inconnue', 2025, 'nan', 'Clôturée le 05/03/2024');
INSERT INTO wilayas (id, code, name) VALUES ('9bfc2f7b-ee1d-4d14-8c77-5ed6111c7f3e', '14', 'Tiaret');
INSERT INTO engagements (id, operation_id, amount, year, type) VALUES ('39b71d86-ccf4-4fa9-9925-ff56d0813206', 'cdb75cac-4aef-4860-8dc7-917b7023af70', 1557124.19196, 2025, 'initial');
INSERT INTO financial_operations (id, operation_id, executed_ae, executed_cp, execution_date) VALUES ('63e0d0ea-4cb8-4262-b447-e01244a75abe', 'cdb75cac-4aef-4860-8dc7-917b7023af70', 1557124.19196, NULL, '2025-04-01');
INSERT INTO operations (id, action_id, wilaya_id, title, year, status, observation) VALUES ('b9abecfb-73fc-4fdd-95a7-a2999033b34b', NULL, 'b4a6ed87-6451-4f72-8503-6a77c54bc9ce', 'Opération inconnue', 2025, 'nan', 'Op gelée jusqu'' au 09/05/2023, relancée conformément à l’envoi n°8438/MF/DGB/DRBCMP/DRBEJ/2021 du 07/12/2021 de Mr le DGB à Mr le wali de M’sila. ');
INSERT INTO wilayas (id, code, name) VALUES ('b4a6ed87-6451-4f72-8503-6a77c54bc9ce', '14', 'Tiaret');
INSERT INTO engagements (id, operation_id, amount, year, type) VALUES ('599b7d81-19ae-410b-bf55-62b3a85694fa', 'b9abecfb-73fc-4fdd-95a7-a2999033b34b', 0.0, 2025, 'initial');
INSERT INTO financial_operations (id, operation_id, executed_ae, executed_cp, execution_date) VALUES ('a8b5a87d-5867-4ecf-884f-5387f0d6310c', 'b9abecfb-73fc-4fdd-95a7-a2999033b34b', 0.0, NULL, '2025-04-01');
INSERT INTO operations (id, action_id, wilaya_id, title, year, status, observation) VALUES ('968f4d33-26c1-4829-9f36-c30016838aa8', NULL, '2cb1f96e-e937-4490-80c5-0fb751c25933', 'Opération inconnue', 2025, 'nan', 'En cours');
INSERT INTO wilayas (id, code, name) VALUES ('2cb1f96e-e937-4490-80c5-0fb751c25933', '14', 'Tiaret');
INSERT INTO engagements (id, operation_id, amount, year, type) VALUES ('678b0c52-87d4-4aee-ae92-d68a7157178b', '968f4d33-26c1-4829-9f36-c30016838aa8', 1431469.3974000001, 2025, 'initial');
INSERT INTO financial_operations (id, operation_id, executed_ae, executed_cp, execution_date) VALUES ('54e51c7b-3684-4483-b544-5bf192806a43', '968f4d33-26c1-4829-9f36-c30016838aa8', 1431469.3974000001, NULL, '2025-04-01');
INSERT INTO operations (id, action_id, wilaya_id, title, year, status, observation) VALUES ('dedaf1a6-cb78-4a9f-9ba6-e27feec8861b', NULL, '8112bf89-75a9-4e11-95be-6050338ff474', 'Opération inconnue', 2025, 'nan', 'Travaux en cours, Dde réév arbit 2025 (8 200 000)');
INSERT INTO wilayas (id, code, name) VALUES ('8112bf89-75a9-4e11-95be-6050338ff474', '14', 'Tiaret');
INSERT INTO engagements (id, operation_id, amount, year, type) VALUES ('396f57b3-969f-45e4-ba45-1fbd50aeeedc', 'dedaf1a6-cb78-4a9f-9ba6-e27feec8861b', 7372013.69016, 2025, 'initial');
INSERT INTO financial_operations (id, operation_id, executed_ae, executed_cp, execution_date) VALUES ('8739bd18-56b7-4781-99ed-26e02b0a8bb1', 'dedaf1a6-cb78-4a9f-9ba6-e27feec8861b', 7372013.69016, NULL, '2025-04-01');
INSERT INTO operations (id, action_id, wilaya_id, title, year, status, observation) VALUES ('3234a191-49af-4f62-9434-0ffcdfe7fa1b', NULL, '45b4c05f-8e39-4d24-88de-2a0dcce5a7e1', 'Opération inconnue', 2025, 'nan', 'Achevée, reste paiement ETB');
INSERT INTO wilayas (id, code, name) VALUES ('45b4c05f-8e39-4d24-88de-2a0dcce5a7e1', '14', 'Tiaret');
INSERT INTO engagements (id, operation_id, amount, year, type) VALUES ('7dd978d8-8dda-495b-9e6c-1db4db569273', '3234a191-49af-4f62-9434-0ffcdfe7fa1b', 1739813.8306, 2025, 'initial');
INSERT INTO financial_operations (id, operation_id, executed_ae, executed_cp, execution_date) VALUES ('e5813818-a96b-4266-ba5f-39ecacccf474', '3234a191-49af-4f62-9434-0ffcdfe7fa1b', 1739813.8306, NULL, '2025-04-01');
INSERT INTO operations (id, action_id, wilaya_id, title, year, status, observation) VALUES ('5e10c011-944b-4699-83d6-cafb6cd01a86', NULL, '06ca2633-68e6-48f2-9d93-934a4419a875', 'Opération inconnue', 2025, 'nan', 'Achevée non contentieuse');
INSERT INTO wilayas (id, code, name) VALUES ('06ca2633-68e6-48f2-9d93-934a4419a875', '14', 'Tiaret');
INSERT INTO engagements (id, operation_id, amount, year, type) VALUES ('12f12d8d-32ea-45e9-b65d-9ed7d2ddf741', '5e10c011-944b-4699-83d6-cafb6cd01a86', 2338476.6952600004, 2025, 'initial');
INSERT INTO financial_operations (id, operation_id, executed_ae, executed_cp, execution_date) VALUES ('37605ece-fd51-49ab-a689-fd14db6332ae', '5e10c011-944b-4699-83d6-cafb6cd01a86', 2338476.6952600004, NULL, '2025-04-01');
INSERT INTO operations (id, action_id, wilaya_id, title, year, status, observation) VALUES ('c2d7aa5d-4a75-46af-b5f2-1f50b3b54100', NULL, 'e4dd1c96-c161-4435-8a12-1d6503bd6638', 'Opération inconnue', 2025, 'nan', 'En cours');
INSERT INTO wilayas (id, code, name) VALUES ('e4dd1c96-c161-4435-8a12-1d6503bd6638', '14', 'Tiaret');
INSERT INTO engagements (id, operation_id, amount, year, type) VALUES ('9a055428-325a-492b-98fe-dfb36004f398', 'c2d7aa5d-4a75-46af-b5f2-1f50b3b54100', 1100458.48365, 2025, 'initial');
INSERT INTO financial_operations (id, operation_id, executed_ae, executed_cp, execution_date) VALUES ('db76306d-a7fc-471e-8089-a91bdebe360e', 'c2d7aa5d-4a75-46af-b5f2-1f50b3b54100', 1100458.48365, NULL, '2025-04-01');
INSERT INTO operations (id, action_id, wilaya_id, title, year, status, observation) VALUES ('92abafd7-ab58-4614-a604-35c7e63b99fa', NULL, 'c91d9e6d-e2b5-4a19-bf1e-0947f9bbec76', 'Opération inconnue', 2025, 'nan', 'Etude achevée, trav en cours, Dde réév arbit 2025 (1 670 000)');
INSERT INTO wilayas (id, code, name) VALUES ('c91d9e6d-e2b5-4a19-bf1e-0947f9bbec76', '14', 'Tiaret');
INSERT INTO engagements (id, operation_id, amount, year, type) VALUES ('12a6d3f2-5c36-410c-9c42-b7715249f92a', '92abafd7-ab58-4614-a604-35c7e63b99fa', 2281036.4751, 2025, 'initial');
INSERT INTO financial_operations (id, operation_id, executed_ae, executed_cp, execution_date) VALUES ('259f5a8b-bcdb-463d-8491-56dd6f80fe1b', '92abafd7-ab58-4614-a604-35c7e63b99fa', 2281036.4751, NULL, '2025-04-01');
INSERT INTO operations (id, action_id, wilaya_id, title, year, status, observation) VALUES ('8c267098-8fae-4af0-a3e9-0f966fa13f16', NULL, '8253481a-e8c4-43a9-af46-59fbf8fe061a', 'Opération inconnue', 2025, 'nan', 'trav en cours, Dde réév arbit 2025 (600 000)');
INSERT INTO wilayas (id, code, name) VALUES ('8253481a-e8c4-43a9-af46-59fbf8fe061a', '14', 'Tiaret');
INSERT INTO engagements (id, operation_id, amount, year, type) VALUES ('bacfe068-a72d-437c-aebc-c489a3fae65f', '8c267098-8fae-4af0-a3e9-0f966fa13f16', 2568456.49119, 2025, 'initial');
INSERT INTO financial_operations (id, operation_id, executed_ae, executed_cp, execution_date) VALUES ('e7b0aa9a-46e7-41e7-a92f-6835cc73d0ef', '8c267098-8fae-4af0-a3e9-0f966fa13f16', 2568456.49119, NULL, '2025-04-01');
INSERT INTO operations (id, action_id, wilaya_id, title, year, status, observation) VALUES ('842d47b3-50fe-417a-a7f5-425902918a7c', NULL, 'ae926c10-fe6c-4e01-8ced-6b25d6adf7be', 'Opération inconnue', 2025, 'nan', 'en cours');
INSERT INTO wilayas (id, code, name) VALUES ('ae926c10-fe6c-4e01-8ced-6b25d6adf7be', '14', 'Tiaret');
INSERT INTO engagements (id, operation_id, amount, year, type) VALUES ('613355c6-40b5-4461-9d08-deb89685029f', '842d47b3-50fe-417a-a7f5-425902918a7c', 995113.28981, 2025, 'initial');
INSERT INTO financial_operations (id, operation_id, executed_ae, executed_cp, execution_date) VALUES ('a1cc6bee-1eb8-49f7-9faf-d5646c0c763d', '842d47b3-50fe-417a-a7f5-425902918a7c', 995113.28981, NULL, '2025-04-01');
INSERT INTO operations (id, action_id, wilaya_id, title, year, status, observation) VALUES ('c1ccf1a0-3075-4b27-ae54-16a8b1e10e54', NULL, '1a22179d-919b-4dc7-a8dc-cddb464f42b9', 'Opération inconnue', 2025, 'nan', 'Travaux en cours');
INSERT INTO wilayas (id, code, name) VALUES ('1a22179d-919b-4dc7-a8dc-cddb464f42b9', '14', 'Tiaret');
INSERT INTO engagements (id, operation_id, amount, year, type) VALUES ('16b0597e-79fc-448f-9ce5-9c15a8c61d0d', 'c1ccf1a0-3075-4b27-ae54-16a8b1e10e54', 1709715.8386900001, 2025, 'initial');
INSERT INTO financial_operations (id, operation_id, executed_ae, executed_cp, execution_date) VALUES ('5521a85f-5350-45b3-aab2-04ca6b76e715', 'c1ccf1a0-3075-4b27-ae54-16a8b1e10e54', 1709715.8386900001, NULL, '2025-04-01');
INSERT INTO operations (id, action_id, wilaya_id, title, year, status, observation) VALUES ('9833a5fc-36bd-4492-821e-b38bb1e1b532', NULL, '4f72ce76-3773-41d7-8ed8-ffb8be8aa277', 'Opération inconnue', 2025, 'nan', 'En cours');
INSERT INTO wilayas (id, code, name) VALUES ('4f72ce76-3773-41d7-8ed8-ffb8be8aa277', '14', 'Tiaret');
INSERT INTO engagements (id, operation_id, amount, year, type) VALUES ('b2fa2e3b-a196-4a3c-bea1-92d3ab53e0aa', '9833a5fc-36bd-4492-821e-b38bb1e1b532', 2091384.57124, 2025, 'initial');
INSERT INTO financial_operations (id, operation_id, executed_ae, executed_cp, execution_date) VALUES ('8ac6a76b-2106-44e2-973b-772b43ca2543', '9833a5fc-36bd-4492-821e-b38bb1e1b532', 2091384.57124, NULL, '2025-04-01');
INSERT INTO operations (id, action_id, wilaya_id, title, year, status, observation) VALUES ('840f2e78-98ce-41c3-8597-854775ed472f', NULL, '3ea3acc9-da28-435b-b3fb-d032b8cfc754', 'Opération inconnue', 2025, 'nan', 'En cours, travaux en cours, ');
INSERT INTO wilayas (id, code, name) VALUES ('3ea3acc9-da28-435b-b3fb-d032b8cfc754', '18', 'Jijel');
INSERT INTO engagements (id, operation_id, amount, year, type) VALUES ('1aa66486-e422-4ec2-8be5-7e786360f5f9', '840f2e78-98ce-41c3-8597-854775ed472f', 2553546.20431, 2025, 'initial');
INSERT INTO financial_operations (id, operation_id, executed_ae, executed_cp, execution_date) VALUES ('1f0bdf90-f9c1-4c09-838e-702dba752db9', '840f2e78-98ce-41c3-8597-854775ed472f', 2553546.20431, 1638927.1828299998, '2025-04-01');
INSERT INTO operations (id, action_id, wilaya_id, title, year, status, observation) VALUES ('2b62cf07-992f-480a-a65c-8101e9688132', NULL, '16bf6fad-820e-40f5-83ff-ada12e8ccc34', 'Opération inconnue', 2025, 'nan', 'En cours, Travaux achevée; lot  équipement transfère à la DAL (50%), nécessite réévaluation: 120 millions DA');
INSERT INTO wilayas (id, code, name) VALUES ('16bf6fad-820e-40f5-83ff-ada12e8ccc34', '18', 'Jijel');
INSERT INTO engagements (id, operation_id, amount, year, type) VALUES ('711a1b05-534c-4162-b8da-a460229189bb', '2b62cf07-992f-480a-a65c-8101e9688132', 2304558.98316, 2025, 'initial');
INSERT INTO financial_operations (id, operation_id, executed_ae, executed_cp, execution_date) VALUES ('592a4119-4528-42cc-b4d6-9ff9a2df2909', '2b62cf07-992f-480a-a65c-8101e9688132', 2304558.98316, 1744236.3091799999, '2025-04-01');
INSERT INTO operations (id, action_id, wilaya_id, title, year, status, observation) VALUES ('8ae1615d-0d1a-4766-a118-ca5dfb3a0484', NULL, '96f9fe72-bc5e-4e8f-a767-b3208ce0e970', 'Opération inconnue', 2025, 'nan', 'En cours, 3000 pp travaux  avancés à 95%,annexes travaux   en cours, pour les 1000 pp travaux en cours');
INSERT INTO wilayas (id, code, name) VALUES ('96f9fe72-bc5e-4e8f-a767-b3208ce0e970', '18', 'Jijel');
INSERT INTO engagements (id, operation_id, amount, year, type) VALUES ('948f622d-5645-4553-838f-7a66761edbdd', '8ae1615d-0d1a-4766-a118-ca5dfb3a0484', 2155467.2876399998, 2025, 'initial');
INSERT INTO financial_operations (id, operation_id, executed_ae, executed_cp, execution_date) VALUES ('2977f660-31e2-4aeb-913a-95b72dd008fa', '8ae1615d-0d1a-4766-a118-ca5dfb3a0484', 2155467.2876399998, 1326626.52347, '2025-04-01');
INSERT INTO operations (id, action_id, wilaya_id, title, year, status, observation) VALUES ('542bf61d-5c1e-4ae1-80fc-192223e78dcc', NULL, '7540e7af-8d96-4c2a-9288-14870923ff51', 'Opération inconnue', 2025, 'nan', 'En cours');
INSERT INTO wilayas (id, code, name) VALUES ('7540e7af-8d96-4c2a-9288-14870923ff51', '18', 'Jijel');
INSERT INTO engagements (id, operation_id, amount, year, type) VALUES ('e0565c3a-5929-4dc6-ac3f-226bb6ae5552', '542bf61d-5c1e-4ae1-80fc-192223e78dcc', 1231141.07922, 2025, 'initial');
INSERT INTO financial_operations (id, operation_id, executed_ae, executed_cp, execution_date) VALUES ('8cf81b4f-8ca9-4095-9849-017ffa7e197f', '542bf61d-5c1e-4ae1-80fc-192223e78dcc', 1231141.07922, 1100567.0077, '2025-04-01');
INSERT INTO operations (id, action_id, wilaya_id, title, year, status, observation) VALUES ('324afdca-bdea-4a76-817e-14e6c0120969', NULL, 'dd89777c-5228-4aaa-99e9-abc544b9d328', 'Opération inconnue', 2025, 'nan', 'En cours, nouveau Lot lancée (Achèvement des voies)');
INSERT INTO wilayas (id, code, name) VALUES ('dd89777c-5228-4aaa-99e9-abc544b9d328', '18', 'Jijel');
INSERT INTO engagements (id, operation_id, amount, year, type) VALUES ('84c89df9-56b6-451e-84a3-a0ef11567152', '324afdca-bdea-4a76-817e-14e6c0120969', 1705170.3603800002, 2025, 'initial');
INSERT INTO financial_operations (id, operation_id, executed_ae, executed_cp, execution_date) VALUES ('93c72f23-6a40-4e2f-a0d2-8ac5023a40ab', '324afdca-bdea-4a76-817e-14e6c0120969', 1705170.3603800002, 1022651.28995, '2025-04-01');
INSERT INTO operations (id, action_id, wilaya_id, title, year, status, observation) VALUES ('ebf2a4bc-43d8-44e3-81d7-25c94b6816e0', NULL, 'f04f629d-d29a-4dd9-a094-69cb1b40e4d0', 'Opération inconnue', 2025, 'nan', 'En cours, paiement des factures en cours,  nécessite réévaluation: 70 Millions DA');
INSERT INTO wilayas (id, code, name) VALUES ('f04f629d-d29a-4dd9-a094-69cb1b40e4d0', '18', 'Jijel');
INSERT INTO engagements (id, operation_id, amount, year, type) VALUES ('04d0b361-d623-4bac-b082-89a57f46a29c', 'ebf2a4bc-43d8-44e3-81d7-25c94b6816e0', 1913199.1604300002, 2025, 'initial');
INSERT INTO financial_operations (id, operation_id, executed_ae, executed_cp, execution_date) VALUES ('b0ce63a7-473a-412d-a509-bbd7d11e06aa', 'ebf2a4bc-43d8-44e3-81d7-25c94b6816e0', 1913199.1604300002, 1688644.70076, '2025-04-01');
INSERT INTO operations (id, action_id, wilaya_id, title, year, status, observation) VALUES ('17e7eddf-9510-42c5-831d-bce87f5d6416', NULL, '9e911c27-bd82-4abb-8c5d-df9e1555b938', 'Opération inconnue', 2025, 'nan', 'En cours, reste à réalisé  :
Réalisation d''éclairage publics: travaux en cours ');
INSERT INTO wilayas (id, code, name) VALUES ('9e911c27-bd82-4abb-8c5d-df9e1555b938', '18', 'Jijel');
INSERT INTO engagements (id, operation_id, amount, year, type) VALUES ('c267cda0-24e1-450a-9810-d506ced27152', '17e7eddf-9510-42c5-831d-bce87f5d6416', 8212935.713649999, 2025, 'initial');
INSERT INTO financial_operations (id, operation_id, executed_ae, executed_cp, execution_date) VALUES ('cc077486-548c-4cd1-ad89-a5f448c1b7ef', '17e7eddf-9510-42c5-831d-bce87f5d6416', 8212935.713649999, 8086901.14878, '2025-04-01');
INSERT INTO operations (id, action_id, wilaya_id, title, year, status, observation) VALUES ('440d4144-d0b8-4885-82eb-b3edd3eaf992', NULL, '7c8b6a5f-30aa-475a-a313-49a9d755cbe3', 'Opération inconnue', 2025, 'nan', 'En cours,  Réhabilitation de l''éclairage public sur la RN 43');
INSERT INTO wilayas (id, code, name) VALUES ('7c8b6a5f-30aa-475a-a313-49a9d755cbe3', '18', 'Jijel');
INSERT INTO engagements (id, operation_id, amount, year, type) VALUES ('1680664e-20c3-49bb-b66a-d7c8cc124586', '440d4144-d0b8-4885-82eb-b3edd3eaf992', 1290325.3204400002, 2025, 'initial');
INSERT INTO financial_operations (id, operation_id, executed_ae, executed_cp, execution_date) VALUES ('d4f39268-8501-4f19-b51a-c117c68fb1e2', '440d4144-d0b8-4885-82eb-b3edd3eaf992', 1290325.3204400002, 1227702.82402, '2025-04-01');
INSERT INTO operations (id, action_id, wilaya_id, title, year, status, observation) VALUES ('8ac1e43e-1af4-412e-9830-321cc578e2ec', NULL, 'bbcc32d9-12a3-4c42-9507-2c3cb851eba1', 'Opération inconnue', 2025, 'nan', 'Achevée ');
INSERT INTO wilayas (id, code, name) VALUES ('bbcc32d9-12a3-4c42-9507-2c3cb851eba1', '18', 'Jijel');
INSERT INTO engagements (id, operation_id, amount, year, type) VALUES ('f15c6e73-a6a6-48a5-a86f-63dc96a9f3cc', '8ac1e43e-1af4-412e-9830-321cc578e2ec', 6199873.12488, 2025, 'initial');
INSERT INTO financial_operations (id, operation_id, executed_ae, executed_cp, execution_date) VALUES ('1a6de55b-5c17-4927-af55-1864a7f5d480', '8ac1e43e-1af4-412e-9830-321cc578e2ec', 6199873.12488, 5756611.714659999, '2025-04-01');
INSERT INTO operations (id, action_id, wilaya_id, title, year, status, observation) VALUES ('6ffaad1a-c1bb-4ca1-97aa-cdc81af773c1', NULL, '7295e8dd-bcd0-45a9-b8f6-14e73347452d', 'Opération inconnue', 2025, 'nan', 'En cours, Reste le lancement d''un nouveau lot pour l''achèvement des travaux sur 200 Ml (2 ème AAO lancé)');
INSERT INTO wilayas (id, code, name) VALUES ('7295e8dd-bcd0-45a9-b8f6-14e73347452d', '18', 'Jijel');
INSERT INTO engagements (id, operation_id, amount, year, type) VALUES ('50c4fb02-9a41-47f7-a20c-c9ac6f344cd2', '6ffaad1a-c1bb-4ca1-97aa-cdc81af773c1', 1013324.56629, 2025, 'initial');
INSERT INTO financial_operations (id, operation_id, executed_ae, executed_cp, execution_date) VALUES ('763bf8ae-330f-4055-b5f7-63209a48818a', '6ffaad1a-c1bb-4ca1-97aa-cdc81af773c1', 1013324.56629, 1005204.13462, '2025-04-01');
INSERT INTO operations (id, action_id, wilaya_id, title, year, status, observation) VALUES ('19422666-6029-4e3f-bf25-9a7c18e0f507', NULL, '1f290b9b-76b5-40ce-95b7-629452294f6a', 'Opération inconnue', 2025, 'nan', 'En cours, relancement des travaux avec nouveau BET et ETB  (reste à réaliser)');
INSERT INTO wilayas (id, code, name) VALUES ('1f290b9b-76b5-40ce-95b7-629452294f6a', '18', 'Jijel');
INSERT INTO engagements (id, operation_id, amount, year, type) VALUES ('53517899-579f-4f2e-a279-77c94739ec9b', '19422666-6029-4e3f-bf25-9a7c18e0f507', 1784009.80816, 2025, 'initial');
INSERT INTO financial_operations (id, operation_id, executed_ae, executed_cp, execution_date) VALUES ('7350320a-3bc5-4359-b46c-8d574c723f0e', '19422666-6029-4e3f-bf25-9a7c18e0f507', 1784009.80816, 706919.8507300001, '2025-04-01');
INSERT INTO operations (id, action_id, wilaya_id, title, year, status, observation) VALUES ('30b1fe4f-4c4a-497c-add8-e4916ee4b9e9', NULL, '2f7154e2-c2fb-465f-8cdc-e0b28483dba3', 'Opération inconnue', 2025, 'nan', ' En cours, Travaux en cours ');
INSERT INTO wilayas (id, code, name) VALUES ('2f7154e2-c2fb-465f-8cdc-e0b28483dba3', '18', 'Jijel');
INSERT INTO engagements (id, operation_id, amount, year, type) VALUES ('7cd1eb84-5be5-44bc-b5cc-3e21e4b8616b', '30b1fe4f-4c4a-497c-add8-e4916ee4b9e9', 4625482.0333, 2025, 'initial');
INSERT INTO financial_operations (id, operation_id, executed_ae, executed_cp, execution_date) VALUES ('03e07250-0a87-4bc9-8ad3-4b444b25afca', '30b1fe4f-4c4a-497c-add8-e4916ee4b9e9', 4625482.0333, 442520.45386999997, '2025-04-01');
INSERT INTO operations (id, action_id, wilaya_id, title, year, status, observation) VALUES ('18fbc03f-5304-4c04-af06-6f3da084e374', NULL, 'c87d4aa3-cda5-45de-a728-010280e8a867', 'Opération inconnue', 2025, 'nan', 'En cours, Choix BET en cours  après annulation de la procédure  pour la 3eme fois');
INSERT INTO wilayas (id, code, name) VALUES ('c87d4aa3-cda5-45de-a728-010280e8a867', '18', 'Jijel');
INSERT INTO engagements (id, operation_id, amount, year, type) VALUES ('8a71b53d-60ec-4cf3-8529-69be9d4c775f', '18fbc03f-5304-4c04-af06-6f3da084e374', 1461.36988, 2025, 'initial');
INSERT INTO financial_operations (id, operation_id, executed_ae, executed_cp, execution_date) VALUES ('defceec4-f7f8-4f88-a0e7-c0c584c1d738', '18fbc03f-5304-4c04-af06-6f3da084e374', 1461.36988, 0.0, '2025-04-01');
INSERT INTO operations (id, action_id, wilaya_id, title, year, status, observation) VALUES ('f42fffb6-1a8d-4bae-ac0d-4fedfca3549d', NULL, '05bdb8c6-6c31-4c99-b3f2-49107cccdf81', 'Opération inconnue', 2025, 'nan', 'En cours, Lots 1,2,4 et 5 achevés
lot 3 : indemnisation des citoyens en cours pour l''achèvement des travaux');
INSERT INTO wilayas (id, code, name) VALUES ('05bdb8c6-6c31-4c99-b3f2-49107cccdf81', '18', 'Jijel');
INSERT INTO engagements (id, operation_id, amount, year, type) VALUES ('3d4814de-06c6-40e2-b04a-a7faa7d0ba13', 'f42fffb6-1a8d-4bae-ac0d-4fedfca3549d', 1119274.99199, 2025, 'initial');
INSERT INTO financial_operations (id, operation_id, executed_ae, executed_cp, execution_date) VALUES ('198a7979-9484-4917-ba77-c1062dd4906b', 'f42fffb6-1a8d-4bae-ac0d-4fedfca3549d', 1119274.99199, 1070462.15373, '2025-04-01');
INSERT INTO operations (id, action_id, wilaya_id, title, year, status, observation) VALUES ('ca8952b6-8bd0-40bc-aacb-b56b942c4fcc', NULL, 'af810ddc-26ba-452a-b3c2-bf131a613737', 'Opération inconnue', 2025, 'nan', '/');
INSERT INTO wilayas (id, code, name) VALUES ('af810ddc-26ba-452a-b3c2-bf131a613737', '05', 'Batna');
INSERT INTO engagements (id, operation_id, amount, year, type) VALUES ('b2a7c3e5-f46b-4a90-8327-5ab33c85e518', 'ca8952b6-8bd0-40bc-aacb-b56b942c4fcc', 1758.0, 2025, 'initial');
INSERT INTO financial_operations (id, operation_id, executed_ae, executed_cp, execution_date) VALUES ('d8dcb3d9-9bfb-473a-9320-5fea9f104fdd', 'ca8952b6-8bd0-40bc-aacb-b56b942c4fcc', 1758.0, 1965.657, '2025-04-01');
INSERT INTO operations (id, action_id, wilaya_id, title, year, status, observation) VALUES ('95576497-596f-4845-90b8-93c07cfb99bb', NULL, 'e849e367-380b-4dd2-bb92-dbce327c5b42', 'Opération inconnue', 2025, 'nan', '/');
INSERT INTO wilayas (id, code, name) VALUES ('e849e367-380b-4dd2-bb92-dbce327c5b42', '05', 'Batna');
INSERT INTO engagements (id, operation_id, amount, year, type) VALUES ('582f9729-53e0-40c2-b5ff-aa953b906795', '95576497-596f-4845-90b8-93c07cfb99bb', 5160242.0, 2025, 'initial');
INSERT INTO financial_operations (id, operation_id, executed_ae, executed_cp, execution_date) VALUES ('967df22b-c496-4c86-a38b-dd45831e0388', '95576497-596f-4845-90b8-93c07cfb99bb', 5160242.0, 2921132.53, '2025-04-01');
INSERT INTO operations (id, action_id, wilaya_id, title, year, status, observation) VALUES ('2862b4de-568c-4a6b-a9a9-ae5598dea721', NULL, '39bae080-98c1-4bc5-b336-543980887a4f', 'Opération inconnue', 2025, 'nan', '/');
INSERT INTO wilayas (id, code, name) VALUES ('39bae080-98c1-4bc5-b336-543980887a4f', '05', 'Batna');
INSERT INTO engagements (id, operation_id, amount, year, type) VALUES ('1959c70b-ea19-4464-8551-510c9906a221', '2862b4de-568c-4a6b-a9a9-ae5598dea721', 13472282.0, 2025, 'initial');
INSERT INTO financial_operations (id, operation_id, executed_ae, executed_cp, execution_date) VALUES ('5280009b-1648-49cb-9b33-cbe2c21024d9', '2862b4de-568c-4a6b-a9a9-ae5598dea721', 13472282.0, 10566119.0, '2025-04-01');
INSERT INTO operations (id, action_id, wilaya_id, title, year, status, observation) VALUES ('e1dec6e3-f5aa-437e-a91f-d26c5ba14eab', NULL, '99c75f7c-ef79-45bf-a197-e9221f909b6c', 'Opération inconnue', 2025, 'nan', '/');
INSERT INTO wilayas (id, code, name) VALUES ('99c75f7c-ef79-45bf-a197-e9221f909b6c', '05', 'Batna');
INSERT INTO engagements (id, operation_id, amount, year, type) VALUES ('261e501d-c0ee-4eb3-ac43-42cc46c01605', 'e1dec6e3-f5aa-437e-a91f-d26c5ba14eab', 1646222.0, 2025, 'initial');
INSERT INTO financial_operations (id, operation_id, executed_ae, executed_cp, execution_date) VALUES ('0cb4a195-5663-49c0-88ce-74e032bea6c6', 'e1dec6e3-f5aa-437e-a91f-d26c5ba14eab', 1646222.0, 1642831.887, '2025-04-01');
INSERT INTO operations (id, action_id, wilaya_id, title, year, status, observation) VALUES ('cc9431eb-e310-4a3c-a71b-58544c626461', NULL, 'ad7cda7d-1389-49f0-a376-efb3cc3f39e8', 'Opération inconnue', 2025, 'nan', '/');
INSERT INTO wilayas (id, code, name) VALUES ('ad7cda7d-1389-49f0-a376-efb3cc3f39e8', '05', 'Batna');
INSERT INTO engagements (id, operation_id, amount, year, type) VALUES ('c22c4770-d7b0-437f-9621-2e2d60d1877b', 'cc9431eb-e310-4a3c-a71b-58544c626461', 31000000.0, 2025, 'initial');
INSERT INTO financial_operations (id, operation_id, executed_ae, executed_cp, execution_date) VALUES ('8c8f41cd-0d23-4596-b43b-8206936c84db', 'cc9431eb-e310-4a3c-a71b-58544c626461', 31000000.0, 16400000.0, '2025-04-01');
INSERT INTO operations (id, action_id, wilaya_id, title, year, status, observation) VALUES ('837a35fe-274c-46d9-818f-9f1081d97537', NULL, '2652b1c4-ea56-46e8-abb7-b2f692b23517', 'Opération inconnue', 2025, 'nan', '/');
INSERT INTO wilayas (id, code, name) VALUES ('2652b1c4-ea56-46e8-abb7-b2f692b23517', '05', 'Batna');
INSERT INTO engagements (id, operation_id, amount, year, type) VALUES ('f33072b4-41b4-43f9-bdcf-111c649e3f28', '837a35fe-274c-46d9-818f-9f1081d97537', 2438208.133, 2025, 'initial');
INSERT INTO financial_operations (id, operation_id, executed_ae, executed_cp, execution_date) VALUES ('747a8eed-8f18-4ad6-b2f2-5228bd7a5c2a', '837a35fe-274c-46d9-818f-9f1081d97537', 2438208.133, 2392870.4889999996, '2025-04-01');
INSERT INTO operations (id, action_id, wilaya_id, title, year, status, observation) VALUES ('697a9d10-5310-45ad-acdc-2bfdb4a77585', NULL, 'd830543c-8ba2-4c4e-8433-c0ff61f8ac71', 'Opération inconnue', 2025, 'nan', 'Résiliation de l''entreprise');
INSERT INTO wilayas (id, code, name) VALUES ('d830543c-8ba2-4c4e-8433-c0ff61f8ac71', '05', 'Batna');
INSERT INTO engagements (id, operation_id, amount, year, type) VALUES ('6a56b87b-0dda-448c-92e6-8612f87a78e2', '697a9d10-5310-45ad-acdc-2bfdb4a77585', 2361729.282, 2025, 'initial');
INSERT INTO financial_operations (id, operation_id, executed_ae, executed_cp, execution_date) VALUES ('8216c109-b952-4087-81f2-ae884f9c8998', '697a9d10-5310-45ad-acdc-2bfdb4a77585', 2361729.282, 1946488.998, '2025-04-01');
INSERT INTO operations (id, action_id, wilaya_id, title, year, status, observation) VALUES ('eb0375bd-c9bd-4050-a948-e2f2b109e340', NULL, '2a010ff0-5c8e-42ca-9f9b-2a1b7629405c', 'Opération inconnue', 2025, 'nan', '/');
INSERT INTO wilayas (id, code, name) VALUES ('2a010ff0-5c8e-42ca-9f9b-2a1b7629405c', '05', 'Batna');
INSERT INTO engagements (id, operation_id, amount, year, type) VALUES ('288044ac-37d7-4667-a94b-45e7c0615c1e', 'eb0375bd-c9bd-4050-a948-e2f2b109e340', 1641677.883, 2025, 'initial');
INSERT INTO financial_operations (id, operation_id, executed_ae, executed_cp, execution_date) VALUES ('bb7dc0a8-8d9c-40ed-8350-433abf883f92', 'eb0375bd-c9bd-4050-a948-e2f2b109e340', 1641677.883, 1562253.2959999999, '2025-04-01');
INSERT INTO operations (id, action_id, wilaya_id, title, year, status, observation) VALUES ('59929c48-09b7-4ef7-8fd1-5616c327b863', NULL, '0ddf0424-764a-4f6b-b181-6966983e1048', 'Opération inconnue', 2025, 'nan', '/');
INSERT INTO wilayas (id, code, name) VALUES ('0ddf0424-764a-4f6b-b181-6966983e1048', '05', 'Batna');
INSERT INTO engagements (id, operation_id, amount, year, type) VALUES ('8f7ceafd-3aae-4528-99ce-f5a3ff10e9df', '59929c48-09b7-4ef7-8fd1-5616c327b863', 2994535.271, 2025, 'initial');
INSERT INTO financial_operations (id, operation_id, executed_ae, executed_cp, execution_date) VALUES ('db273e65-7104-4954-af52-94323a90a245', '59929c48-09b7-4ef7-8fd1-5616c327b863', 2994535.271, 2993964.37, '2025-04-01');
INSERT INTO operations (id, action_id, wilaya_id, title, year, status, observation) VALUES ('d1f400ef-c82b-4ae7-8277-b2504106184c', NULL, '0cd1ffd6-a7c8-4d37-a842-66a8a2777c96', 'Opération inconnue', 2025, 'nan', '/');
INSERT INTO wilayas (id, code, name) VALUES ('0cd1ffd6-a7c8-4d37-a842-66a8a2777c96', '05', 'Batna');
INSERT INTO engagements (id, operation_id, amount, year, type) VALUES ('8fc96b62-1ee9-4846-abaa-834b0d9c4da8', 'd1f400ef-c82b-4ae7-8277-b2504106184c', 2561711.187, 2025, 'initial');
INSERT INTO financial_operations (id, operation_id, executed_ae, executed_cp, execution_date) VALUES ('40a0fb9b-0c58-400f-bf9a-34b7ee319f7a', 'd1f400ef-c82b-4ae7-8277-b2504106184c', 2561711.187, 2538915.084, '2025-04-01');
INSERT INTO operations (id, action_id, wilaya_id, title, year, status, observation) VALUES ('f5abbf4e-99b1-48bd-afad-5e3b010a3577', NULL, '4cf92cb2-6e81-442e-b651-74c8c9e5e698', 'Opération inconnue', 2025, 'nan', '/');
INSERT INTO wilayas (id, code, name) VALUES ('4cf92cb2-6e81-442e-b651-74c8c9e5e698', '05', 'Batna');
INSERT INTO engagements (id, operation_id, amount, year, type) VALUES ('74343e73-320b-4004-8e52-71e84a4bf5a7', 'f5abbf4e-99b1-48bd-afad-5e3b010a3577', 1131729.732, 2025, 'initial');
INSERT INTO financial_operations (id, operation_id, executed_ae, executed_cp, execution_date) VALUES ('3f307c96-6b24-44b5-a609-dc670052c082', 'f5abbf4e-99b1-48bd-afad-5e3b010a3577', 1131729.732, 1131345.132, '2025-04-01');
INSERT INTO operations (id, action_id, wilaya_id, title, year, status, observation) VALUES ('57dac569-cb2c-463f-8aed-820b84a44c87', NULL, '684a5f41-64ff-486c-b343-01f3a84a1389', 'Opération inconnue', 2025, 'nan', 'nan');
INSERT INTO wilayas (id, code, name) VALUES ('684a5f41-64ff-486c-b343-01f3a84a1389', '05', 'Batna');
INSERT INTO engagements (id, operation_id, amount, year, type) VALUES ('b62216d9-54c7-4958-9c2f-3641e0be9501', '57dac569-cb2c-463f-8aed-820b84a44c87', 10566119.0, 2025, 'initial');
INSERT INTO financial_operations (id, operation_id, executed_ae, executed_cp, execution_date) VALUES ('01d9fbbf-34f3-4689-ab77-ea6dbcf8d08c', '57dac569-cb2c-463f-8aed-820b84a44c87', 10566119.0, 3181108.0, '2025-04-01');
INSERT INTO operations (id, action_id, wilaya_id, title, year, status, observation) VALUES ('2b884273-2942-43af-bf05-11f2ba89e45f', NULL, '069e4c37-7fd4-44e6-ad8a-68b63c140894', 'Opération inconnue', 2025, 'nan', 'nan');
INSERT INTO wilayas (id, code, name) VALUES ('069e4c37-7fd4-44e6-ad8a-68b63c140894', '05', 'Batna');
INSERT INTO engagements (id, operation_id, amount, year, type) VALUES ('31a24714-e3e5-4a31-8fd2-7859bd9f3deb', '2b884273-2942-43af-bf05-11f2ba89e45f', NULL, 2025, 'initial');
INSERT INTO financial_operations (id, operation_id, executed_ae, executed_cp, execution_date) VALUES ('c5013a54-a753-4ef7-910d-da7ae23737a0', '2b884273-2942-43af-bf05-11f2ba89e45f', NULL, NULL, '2025-04-01');
INSERT INTO operations (id, action_id, wilaya_id, title, year, status, observation) VALUES ('078efd50-4780-4c52-9032-b71954eacbbd', NULL, '8533905d-37d2-4421-9a60-05eb79b7f668', 'Opération inconnue', 2025, 'nan', 'Travaux achevés, reste alimentation en eau potable et réalisation de la station dépuration dont les travaux sont en cours');
INSERT INTO wilayas (id, code, name) VALUES ('8533905d-37d2-4421-9a60-05eb79b7f668', '06', 'Beajaia');
INSERT INTO engagements (id, operation_id, amount, year, type) VALUES ('da897b46-b159-4a2c-9c1e-8a19900f32e3', '078efd50-4780-4c52-9032-b71954eacbbd', NULL, 2025, 'initial');
INSERT INTO financial_operations (id, operation_id, executed_ae, executed_cp, execution_date) VALUES ('248380de-d816-4a1a-a130-369e5332582d', '078efd50-4780-4c52-9032-b71954eacbbd', NULL, NULL, '2025-04-01');
INSERT INTO operations (id, action_id, wilaya_id, title, year, status, observation) VALUES ('7e3f7ebe-fa18-4d24-82ee-c0defa60c640', NULL, 'c6ccb84f-7d39-472c-8794-516790f304b4', 'Opération inconnue', 2025, 'nan', 'Opération gelée');
INSERT INTO wilayas (id, code, name) VALUES ('c6ccb84f-7d39-472c-8794-516790f304b4', '06', 'Beajaia');
INSERT INTO engagements (id, operation_id, amount, year, type) VALUES ('15a99e85-1c08-4238-8a10-fd785da0e8df', '7e3f7ebe-fa18-4d24-82ee-c0defa60c640', NULL, 2025, 'initial');
INSERT INTO financial_operations (id, operation_id, executed_ae, executed_cp, execution_date) VALUES ('a496df17-19f6-4e72-9dcf-792a41c7755c', '7e3f7ebe-fa18-4d24-82ee-c0defa60c640', NULL, NULL, '2025-04-01');
INSERT INTO operations (id, action_id, wilaya_id, title, year, status, observation) VALUES ('ef19eb0e-65fc-46ab-b9c0-49a5a7d9d560', NULL, '1c2741c6-4fd6-4f38-804c-0f93889d1838', 'Opération inconnue', 2025, 'nan', 'Travaux en cours ');
INSERT INTO wilayas (id, code, name) VALUES ('1c2741c6-4fd6-4f38-804c-0f93889d1838', '06', 'Beajaia');
INSERT INTO engagements (id, operation_id, amount, year, type) VALUES ('1ab2b0f4-30e2-4dc7-8f81-8724e78fc60b', 'ef19eb0e-65fc-46ab-b9c0-49a5a7d9d560', NULL, 2025, 'initial');
INSERT INTO financial_operations (id, operation_id, executed_ae, executed_cp, execution_date) VALUES ('f13fd79a-be2c-4e6a-80a6-11057724fb40', 'ef19eb0e-65fc-46ab-b9c0-49a5a7d9d560', NULL, NULL, '2025-04-01');
INSERT INTO operations (id, action_id, wilaya_id, title, year, status, observation) VALUES ('c1b918b3-a456-4a63-bd46-3f92231b548e', NULL, 'd008d702-c2fc-4c24-b7f3-4bdc30a94185', 'Opération inconnue', 2025, 'nan', 'Travaux en cours ');
INSERT INTO wilayas (id, code, name) VALUES ('d008d702-c2fc-4c24-b7f3-4bdc30a94185', '06', 'Beajaia');
INSERT INTO engagements (id, operation_id, amount, year, type) VALUES ('85dbfeb8-49df-44dd-a0e8-5cb94e3f6827', 'c1b918b3-a456-4a63-bd46-3f92231b548e', NULL, 2025, 'initial');
INSERT INTO financial_operations (id, operation_id, executed_ae, executed_cp, execution_date) VALUES ('fe4c4bde-e324-41a9-ae23-f99795a0a784', 'c1b918b3-a456-4a63-bd46-3f92231b548e', NULL, NULL, '2025-04-01');
INSERT INTO operations (id, action_id, wilaya_id, title, year, status, observation) VALUES ('d0732f89-55d4-4000-8a06-4f680ebfc9be', NULL, 'c5dde4fd-94b3-44b0-af25-68fce3b4813e', 'Opération inconnue', 2025, 'nan', 'Travaux en cours ');
INSERT INTO wilayas (id, code, name) VALUES ('c5dde4fd-94b3-44b0-af25-68fce3b4813e', '06', 'Beajaia');
INSERT INTO engagements (id, operation_id, amount, year, type) VALUES ('723fcf8b-414a-4b30-8089-5d15017ae6a9', 'd0732f89-55d4-4000-8a06-4f680ebfc9be', NULL, 2025, 'initial');
INSERT INTO financial_operations (id, operation_id, executed_ae, executed_cp, execution_date) VALUES ('2489300a-4cdb-46c9-843b-b6127fb74a79', 'd0732f89-55d4-4000-8a06-4f680ebfc9be', NULL, NULL, '2025-04-01');
INSERT INTO operations (id, action_id, wilaya_id, title, year, status, observation) VALUES ('5dd9d99f-82b4-4940-9996-2b3a48ee6f6a', NULL, '4ba2273c-a368-4d6a-9756-f61e1542295b', 'Opération inconnue', 2025, 'nan', 'Livraison partielle pévue pour le 11/12/2024 
le reste est prévu pour Février 2025');
INSERT INTO wilayas (id, code, name) VALUES ('4ba2273c-a368-4d6a-9756-f61e1542295b', '06', 'Beajaia');
INSERT INTO engagements (id, operation_id, amount, year, type) VALUES ('25bcc740-0063-4da4-a5ea-c445a54f489c', '5dd9d99f-82b4-4940-9996-2b3a48ee6f6a', NULL, 2025, 'initial');
INSERT INTO financial_operations (id, operation_id, executed_ae, executed_cp, execution_date) VALUES ('85744503-2095-480b-ab7a-9dee600d8062', '5dd9d99f-82b4-4940-9996-2b3a48ee6f6a', NULL, NULL, '2025-04-01');
INSERT INTO operations (id, action_id, wilaya_id, title, year, status, observation) VALUES ('909034cc-52d8-401b-b19b-50bdc8a1f8b9', NULL, '508c15dd-bada-4999-8732-a379e8899730', 'Opération inconnue', 2025, 'nan', 'Travaux en cours');
INSERT INTO wilayas (id, code, name) VALUES ('508c15dd-bada-4999-8732-a379e8899730', '06', 'Beajaia');
INSERT INTO engagements (id, operation_id, amount, year, type) VALUES ('9aff0206-d783-4d34-8a93-8978ab0ee1a3', '909034cc-52d8-401b-b19b-50bdc8a1f8b9', NULL, 2025, 'initial');
INSERT INTO financial_operations (id, operation_id, executed_ae, executed_cp, execution_date) VALUES ('2f3df9dc-ff89-450c-b873-02b1ebaaeda2', '909034cc-52d8-401b-b19b-50bdc8a1f8b9', NULL, NULL, '2025-04-01');
INSERT INTO operations (id, action_id, wilaya_id, title, year, status, observation) VALUES ('01e4b89b-34d9-46b2-82fe-cb8d260f970c', NULL, 'c8f5adc2-c205-44e3-8070-b3e6ed2716f9', 'Opération inconnue', 2025, 'nan', 'Travaux en cours ');
INSERT INTO wilayas (id, code, name) VALUES ('c8f5adc2-c205-44e3-8070-b3e6ed2716f9', '06', 'Beajaia');
INSERT INTO engagements (id, operation_id, amount, year, type) VALUES ('5c126b68-82ca-4030-acae-21c04798f653', '01e4b89b-34d9-46b2-82fe-cb8d260f970c', NULL, 2025, 'initial');
INSERT INTO financial_operations (id, operation_id, executed_ae, executed_cp, execution_date) VALUES ('ba39c19f-d67c-4804-9b3c-9ed60aabc9f8', '01e4b89b-34d9-46b2-82fe-cb8d260f970c', NULL, NULL, '2025-04-01');
INSERT INTO operations (id, action_id, wilaya_id, title, year, status, observation) VALUES ('c6857e4a-82d8-46ae-9019-9270d569baed', NULL, 'fa577d38-8878-411d-ab59-d512cff1fcd1', 'Opération inconnue', 2025, 'nan', 'Travaux en cours');
INSERT INTO wilayas (id, code, name) VALUES ('fa577d38-8878-411d-ab59-d512cff1fcd1', '06', 'Beajaia');
INSERT INTO engagements (id, operation_id, amount, year, type) VALUES ('ca129e47-c648-4925-b277-7678dde9c89d', 'c6857e4a-82d8-46ae-9019-9270d569baed', NULL, 2025, 'initial');
INSERT INTO financial_operations (id, operation_id, executed_ae, executed_cp, execution_date) VALUES ('61c759ec-0908-4af1-b2ff-2b702779fd63', 'c6857e4a-82d8-46ae-9019-9270d569baed', NULL, NULL, '2025-04-01');
INSERT INTO operations (id, action_id, wilaya_id, title, year, status, observation) VALUES ('4767f59d-d715-479a-b7d8-0531ce0e7fb6', NULL, 'c3361823-c177-46f5-921e-6f8767e89d2b', 'Opération inconnue', 2025, 'nan', 'Travaux en cours ');
INSERT INTO wilayas (id, code, name) VALUES ('c3361823-c177-46f5-921e-6f8767e89d2b', '06', 'Beajaia');
INSERT INTO engagements (id, operation_id, amount, year, type) VALUES ('a095f02a-73de-4f04-a7b7-b4fc95e3ad47', '4767f59d-d715-479a-b7d8-0531ce0e7fb6', NULL, 2025, 'initial');
INSERT INTO financial_operations (id, operation_id, executed_ae, executed_cp, execution_date) VALUES ('dd899233-e6b7-4231-8e5c-8d02265ae49f', '4767f59d-d715-479a-b7d8-0531ce0e7fb6', NULL, NULL, '2025-04-01');
INSERT INTO operations (id, action_id, wilaya_id, title, year, status, observation) VALUES ('919eb77c-cdcd-4bf5-ad49-3b73013e0d0c', NULL, '366e7105-c2d1-4df1-ae3f-c1cc84785552', 'Opération inconnue', 2025, 'nan', 'Levée de réservres ,travaux de drainage des eaux pluviales en cours reste revêtement de la voie d''accés et la clôture ');
INSERT INTO wilayas (id, code, name) VALUES ('366e7105-c2d1-4df1-ae3f-c1cc84785552', '06', 'Beajaia');
INSERT INTO engagements (id, operation_id, amount, year, type) VALUES ('2a2cd1f6-c62c-4d49-8b19-f8369172a4c3', '919eb77c-cdcd-4bf5-ad49-3b73013e0d0c', NULL, 2025, 'initial');
INSERT INTO financial_operations (id, operation_id, executed_ae, executed_cp, execution_date) VALUES ('b69c6ac8-ec0d-448b-a9e2-7f309a5e651b', '919eb77c-cdcd-4bf5-ad49-3b73013e0d0c', NULL, NULL, '2025-04-01');
INSERT INTO operations (id, action_id, wilaya_id, title, year, status, observation) VALUES ('f75def49-2081-4a36-b00c-5c9818c57c20', NULL, 'b310c306-1a04-4592-88fb-fadc11cde1b5', 'Opération inconnue', 2025, 'nan', 'Travaux en cours');
INSERT INTO wilayas (id, code, name) VALUES ('b310c306-1a04-4592-88fb-fadc11cde1b5', '06', 'Beajaia');
INSERT INTO engagements (id, operation_id, amount, year, type) VALUES ('2e2ffd86-1c23-491b-bef7-2ddbfcd0448b', 'f75def49-2081-4a36-b00c-5c9818c57c20', NULL, 2025, 'initial');
INSERT INTO financial_operations (id, operation_id, executed_ae, executed_cp, execution_date) VALUES ('b2452dd2-fd71-4d7c-b7b5-95ce5fe64cc5', 'f75def49-2081-4a36-b00c-5c9818c57c20', NULL, NULL, '2025-04-01');
INSERT INTO operations (id, action_id, wilaya_id, title, year, status, observation) VALUES ('a83645c6-4a59-41e9-8e5f-479cebee4aa4', NULL, 'cffcbf7c-4429-41ee-a729-20e30f06f5cd', 'Opération inconnue', 2025, 'nan', 'Travaux en cours ');
INSERT INTO wilayas (id, code, name) VALUES ('cffcbf7c-4429-41ee-a729-20e30f06f5cd', '06', 'Beajaia');
INSERT INTO engagements (id, operation_id, amount, year, type) VALUES ('a9118779-f113-4cce-a731-39448fea5668', 'a83645c6-4a59-41e9-8e5f-479cebee4aa4', NULL, 2025, 'initial');
INSERT INTO financial_operations (id, operation_id, executed_ae, executed_cp, execution_date) VALUES ('c32fb8ab-011e-4ae8-974e-ca91d32b2d3a', 'a83645c6-4a59-41e9-8e5f-479cebee4aa4', NULL, NULL, '2025-04-01');
INSERT INTO operations (id, action_id, wilaya_id, title, year, status, observation) VALUES ('dc2f7466-d4d1-4add-9291-4eb524d7eaf8', NULL, 'b32417db-973b-4936-b464-8380dbd0b565', 'Opération inconnue', 2025, 'nan', 'Travaux en cours ');
INSERT INTO wilayas (id, code, name) VALUES ('b32417db-973b-4936-b464-8380dbd0b565', '06', 'Beajaia');
INSERT INTO engagements (id, operation_id, amount, year, type) VALUES ('d8b5bf65-91aa-4ec7-af66-4d97aa0e53bb', 'dc2f7466-d4d1-4add-9291-4eb524d7eaf8', NULL, 2025, 'initial');
INSERT INTO financial_operations (id, operation_id, executed_ae, executed_cp, execution_date) VALUES ('3bb7fc80-a086-4c9e-ba78-b08241869909', 'dc2f7466-d4d1-4add-9291-4eb524d7eaf8', NULL, NULL, '2025-04-01');
INSERT INTO operations (id, action_id, wilaya_id, title, year, status, observation) VALUES ('42d94588-2624-4e92-a70f-163675825b1d', NULL, '8a14aa57-42e0-4682-ac70-83633fdfc1b5', 'Opération inconnue', 2025, 'nan', 'Installation du chantier en cours');
INSERT INTO wilayas (id, code, name) VALUES ('8a14aa57-42e0-4682-ac70-83633fdfc1b5', '06', 'Beajaia');
INSERT INTO engagements (id, operation_id, amount, year, type) VALUES ('a00a78cd-2672-4920-9319-effc39f8fe69', '42d94588-2624-4e92-a70f-163675825b1d', NULL, 2025, 'initial');
INSERT INTO financial_operations (id, operation_id, executed_ae, executed_cp, execution_date) VALUES ('7855642a-42bf-4157-93c9-fd95df68f60a', '42d94588-2624-4e92-a70f-163675825b1d', NULL, NULL, '2025-04-01');
INSERT INTO operations (id, action_id, wilaya_id, title, year, status, observation) VALUES ('991b0260-b2a3-4c3b-b7b2-2fbb022355d7', NULL, '09a3a112-3960-469c-a9a2-4d858f8b09d7', 'Opération inconnue', 2025, 'nan', 'Stration d''épuration mise en service et fonctionnelle reste le raccordement des  localités ');
INSERT INTO wilayas (id, code, name) VALUES ('09a3a112-3960-469c-a9a2-4d858f8b09d7', '06', 'Beajaia');
INSERT INTO engagements (id, operation_id, amount, year, type) VALUES ('8c9fa87e-0226-4344-ace2-78a42bdd193c', '991b0260-b2a3-4c3b-b7b2-2fbb022355d7', NULL, 2025, 'initial');
INSERT INTO financial_operations (id, operation_id, executed_ae, executed_cp, execution_date) VALUES ('1aa043c7-0063-4ff3-80cd-5f54e2ded045', '991b0260-b2a3-4c3b-b7b2-2fbb022355d7', NULL, NULL, '2025-04-01');
INSERT INTO operations (id, action_id, wilaya_id, title, year, status, observation) VALUES ('5b32a68d-d195-496c-9555-230c15ac86c5', NULL, '6db30f25-0136-402f-9ce8-493ebb2e287b', 'Opération inconnue', 2025, 'nan', 'Travaux en cours ');
INSERT INTO wilayas (id, code, name) VALUES ('6db30f25-0136-402f-9ce8-493ebb2e287b', '06', 'Beajaia');
INSERT INTO engagements (id, operation_id, amount, year, type) VALUES ('99e315c1-864a-48a5-8c53-5d9aee26d358', '5b32a68d-d195-496c-9555-230c15ac86c5', NULL, 2025, 'initial');
INSERT INTO financial_operations (id, operation_id, executed_ae, executed_cp, execution_date) VALUES ('5a36951a-9eb4-4caa-8e8b-5959a5f3f46c', '5b32a68d-d195-496c-9555-230c15ac86c5', NULL, NULL, '2025-04-01');
INSERT INTO operations (id, action_id, wilaya_id, title, year, status, observation) VALUES ('3135be5a-3444-48d7-a684-05a208d346de', NULL, '7c85970a-ff70-4f0f-97a8-2d6983a2a262', 'Opération inconnue', 2025, 'nan', 'ODS remis le 21/11/2024');
INSERT INTO wilayas (id, code, name) VALUES ('7c85970a-ff70-4f0f-97a8-2d6983a2a262', '06', 'Beajaia');
INSERT INTO engagements (id, operation_id, amount, year, type) VALUES ('4e0d78c4-bc7a-4726-b82f-5cf21ed83d93', '3135be5a-3444-48d7-a684-05a208d346de', NULL, 2025, 'initial');
INSERT INTO financial_operations (id, operation_id, executed_ae, executed_cp, execution_date) VALUES ('6d431341-b092-406e-916d-58feb9b77fa2', '3135be5a-3444-48d7-a684-05a208d346de', NULL, NULL, '2025-04-01');
INSERT INTO operations (id, action_id, wilaya_id, title, year, status, observation) VALUES ('485090d3-1701-4635-b191-476123ce4f39', NULL, 'ef9771b9-279a-4d95-a511-67737e817c06', 'Opération inconnue', 2025, 'nan', 'Lots 01-02 et 03 achevés et mis en service
Lots 04 et 06: manque amenée de l''énérgie 
Lot 05 en cours ');
INSERT INTO wilayas (id, code, name) VALUES ('ef9771b9-279a-4d95-a511-67737e817c06', '06', 'Beajaia');
INSERT INTO engagements (id, operation_id, amount, year, type) VALUES ('beedc8d0-50a2-4034-895c-265b049e875a', '485090d3-1701-4635-b191-476123ce4f39', NULL, 2025, 'initial');
INSERT INTO financial_operations (id, operation_id, executed_ae, executed_cp, execution_date) VALUES ('7bf10ca7-be58-4b16-8677-d6eca1972f32', '485090d3-1701-4635-b191-476123ce4f39', NULL, NULL, '2025-04-01');
INSERT INTO operations (id, action_id, wilaya_id, title, year, status, observation) VALUES ('fc72806a-6aee-4700-9170-f672817236f3', NULL, '010e6386-d1b5-46db-af3b-07a188ce9abe', 'Opération inconnue', 2025, 'nan', 'Mise en service partielle (Ait R''Zine) Station de traitement 
le reste des travaux en cours ');
INSERT INTO wilayas (id, code, name) VALUES ('010e6386-d1b5-46db-af3b-07a188ce9abe', '06', 'Beajaia');
INSERT INTO engagements (id, operation_id, amount, year, type) VALUES ('e3016f1a-5fdf-4f07-a14b-430c54df4ffb', 'fc72806a-6aee-4700-9170-f672817236f3', NULL, 2025, 'initial');
INSERT INTO financial_operations (id, operation_id, executed_ae, executed_cp, execution_date) VALUES ('117803e3-c698-416e-93dd-43165893c1c8', 'fc72806a-6aee-4700-9170-f672817236f3', NULL, NULL, '2025-04-01');
INSERT INTO operations (id, action_id, wilaya_id, title, year, status, observation) VALUES ('db50afd1-3734-473d-9248-353c58359cd9', NULL, 'f282e68d-c4bd-4297-875a-a6df5b3a0ae6', 'Opération inconnue', 2025, 'nan', 'Appel d''offres en cours de lancement suite à l''infructuosité  du 1er appel d''offres ');
INSERT INTO wilayas (id, code, name) VALUES ('f282e68d-c4bd-4297-875a-a6df5b3a0ae6', '06', 'Beajaia');
INSERT INTO engagements (id, operation_id, amount, year, type) VALUES ('d53d6d4a-17dc-4b71-97ed-783053530216', 'db50afd1-3734-473d-9248-353c58359cd9', NULL, 2025, 'initial');
INSERT INTO financial_operations (id, operation_id, executed_ae, executed_cp, execution_date) VALUES ('cf6d54a5-97e1-4bac-978f-a39927f000bc', 'db50afd1-3734-473d-9248-353c58359cd9', NULL, NULL, '2025-04-01');
INSERT INTO operations (id, action_id, wilaya_id, title, year, status, observation) VALUES ('7eb64932-1e01-418e-91c9-7d0b2e456edb', NULL, 'a446684b-4364-43c7-9457-4746f1ebfe8c', 'Opération inconnue', 2025, 'nan', 'Opération groupée pour 07 villes 
  - Appel d''offres d''infructuosité publié le 18/11/2024                 - Nouveau cahier des charges visé par la commission sectorielle  du Ministère des  Travaux Publics  le 09/12/2024 ');
INSERT INTO wilayas (id, code, name) VALUES ('a446684b-4364-43c7-9457-4746f1ebfe8c', '06', 'Beajaia');
INSERT INTO engagements (id, operation_id, amount, year, type) VALUES ('cfbdbf79-f9ed-4bd1-88c5-dfb7f9105cce', '7eb64932-1e01-418e-91c9-7d0b2e456edb', NULL, 2025, 'initial');
INSERT INTO financial_operations (id, operation_id, executed_ae, executed_cp, execution_date) VALUES ('ef752252-f59c-4513-b8ee-18945c552e21', '7eb64932-1e01-418e-91c9-7d0b2e456edb', NULL, NULL, '2025-04-01');
INSERT INTO operations (id, action_id, wilaya_id, title, year, status, observation) VALUES ('1e79564c-800b-4420-a06c-437c7b9eadd3', NULL, 'dc9fd007-9d7e-4f4e-8a51-0cf384628638', 'Opération inconnue', 2025, 'nan', 'Retard dans la mise en service de l''unité de fabrication de voussoirs,
retard dans les études d''execution  et les revues d''APD ');
INSERT INTO wilayas (id, code, name) VALUES ('dc9fd007-9d7e-4f4e-8a51-0cf384628638', '06', 'Beajaia');
INSERT INTO engagements (id, operation_id, amount, year, type) VALUES ('b35dfca1-19c8-40c2-92e7-ca0cc3e1e9b8', '1e79564c-800b-4420-a06c-437c7b9eadd3', NULL, 2025, 'initial');
INSERT INTO financial_operations (id, operation_id, executed_ae, executed_cp, execution_date) VALUES ('fe2ac8cf-33e9-4375-9a29-5a3ee50c1c9a', '1e79564c-800b-4420-a06c-437c7b9eadd3', NULL, NULL, '2025-04-01');
INSERT INTO operations (id, action_id, wilaya_id, title, year, status, observation) VALUES ('4c665b0f-3d07-417d-b749-cf6549ecf90d', NULL, 'ed332ce8-88e5-4ebb-a0d0-d5a629744478', 'Opération inconnue', 2025, 'nan', '06 Mois pour le Lot gros œuvre, marché en cours de levée de réserves au niveau CWMP');
INSERT INTO wilayas (id, code, name) VALUES ('ed332ce8-88e5-4ebb-a0d0-d5a629744478', '06', 'Beajaia');
INSERT INTO engagements (id, operation_id, amount, year, type) VALUES ('b5c0900f-6259-433a-8b49-d5d89f06146c', '4c665b0f-3d07-417d-b749-cf6549ecf90d', NULL, 2025, 'initial');
INSERT INTO financial_operations (id, operation_id, executed_ae, executed_cp, execution_date) VALUES ('b49ba53e-5601-462a-89c4-f93d79f36367', '4c665b0f-3d07-417d-b749-cf6549ecf90d', NULL, NULL, '2025-04-01');
INSERT INTO operations (id, action_id, wilaya_id, title, year, status, observation) VALUES ('7baefb67-9830-4472-b087-1b2d3c48b899', NULL, 'c2afc545-a37e-4dba-aff1-efa05c639279', 'Opération inconnue', 2025, 'nan', 'Reste décret de création ');
INSERT INTO wilayas (id, code, name) VALUES ('c2afc545-a37e-4dba-aff1-efa05c639279', '06', 'Beajaia');
INSERT INTO engagements (id, operation_id, amount, year, type) VALUES ('59532ae2-bb69-4ad6-8ae7-562818198298', '7baefb67-9830-4472-b087-1b2d3c48b899', NULL, 2025, 'initial');
INSERT INTO financial_operations (id, operation_id, executed_ae, executed_cp, execution_date) VALUES ('71d0eb7c-6591-45dd-bb9e-988d8d08761b', '7baefb67-9830-4472-b087-1b2d3c48b899', NULL, NULL, '2025-04-01');
INSERT INTO operations (id, action_id, wilaya_id, title, year, status, observation) VALUES ('ae31fc8e-d4e9-4236-868f-f471892c812b', NULL, 'fbba82f0-05fc-48be-9fcd-b5cc5563253e', 'Opération inconnue', 2025, 'nan', ' Travaux  de construction en cours. Projet necessite une réévaluation de l''ordre de 9.000.000.000 DA pour prendre en charge les équipements et les avenants du volet "réalisation".');
INSERT INTO wilayas (id, code, name) VALUES ('fbba82f0-05fc-48be-9fcd-b5cc5563253e', '06', 'Beajaia');
INSERT INTO engagements (id, operation_id, amount, year, type) VALUES ('63f4132d-561d-4343-b054-ecf3e417e866', 'ae31fc8e-d4e9-4236-868f-f471892c812b', NULL, 2025, 'initial');
INSERT INTO financial_operations (id, operation_id, executed_ae, executed_cp, execution_date) VALUES ('87b52932-1dc4-44c1-83eb-1b9e7e6b2500', 'ae31fc8e-d4e9-4236-868f-f471892c812b', NULL, NULL, '2025-04-01');
INSERT INTO operations (id, action_id, wilaya_id, title, year, status, observation) VALUES ('67240dbe-1a55-41e2-856b-7caeb13b4cdc', NULL, 'bf2f3126-9bf6-4d7f-865f-8e86f99b31cf', 'Opération inconnue', 2025, 'nan', 'nan');
INSERT INTO wilayas (id, code, name) VALUES ('bf2f3126-9bf6-4d7f-865f-8e86f99b31cf', '06', 'Beajaia');
INSERT INTO engagements (id, operation_id, amount, year, type) VALUES ('637a137e-f555-42ab-aa4d-f9a913b2613e', '67240dbe-1a55-41e2-856b-7caeb13b4cdc', NULL, 2025, 'initial');
INSERT INTO financial_operations (id, operation_id, executed_ae, executed_cp, execution_date) VALUES ('a3b386d3-b159-4af6-ab9e-0cebd1a7aaaa', '67240dbe-1a55-41e2-856b-7caeb13b4cdc', NULL, NULL, '2025-04-01');
INSERT INTO operations (id, action_id, wilaya_id, title, year, status, observation) VALUES ('f2d3d4a4-2ac8-4733-b080-ad0254e2c825', NULL, '327b12ed-6afe-4059-9886-a494ef2b6535', 'Opération inconnue', 2025, 'nan', 'à lancer après l''achevement de l''étude ');
INSERT INTO wilayas (id, code, name) VALUES ('327b12ed-6afe-4059-9886-a494ef2b6535', '06', 'Beajaia');
INSERT INTO engagements (id, operation_id, amount, year, type) VALUES ('a1575df6-2e20-4473-9217-9187cb7881c9', 'f2d3d4a4-2ac8-4733-b080-ad0254e2c825', NULL, 2025, 'initial');
INSERT INTO financial_operations (id, operation_id, executed_ae, executed_cp, execution_date) VALUES ('08e57b87-97a4-4df1-8969-f1d0ee07f147', 'f2d3d4a4-2ac8-4733-b080-ad0254e2c825', NULL, NULL, '2025-04-01');
INSERT INTO operations (id, action_id, wilaya_id, title, year, status, observation) VALUES ('046d155f-287b-43f1-a4cc-72cbb7fbbadb', NULL, '6392530b-94cb-4ca5-8905-4f15917faee7', 'Opération inconnue', 2025, 'nan', 'cahier des charges pour la réalisation visé par CSMP de la santé, AAO déposé au niveau de la''ANEP LE 09/12/2024 ');
INSERT INTO wilayas (id, code, name) VALUES ('6392530b-94cb-4ca5-8905-4f15917faee7', '06', 'Beajaia');
INSERT INTO engagements (id, operation_id, amount, year, type) VALUES ('73ecdf86-06bc-4d3a-80d0-12c502619282', '046d155f-287b-43f1-a4cc-72cbb7fbbadb', NULL, 2025, 'initial');
INSERT INTO financial_operations (id, operation_id, executed_ae, executed_cp, execution_date) VALUES ('19aa627b-79aa-4e06-9d86-2df4badf273e', '046d155f-287b-43f1-a4cc-72cbb7fbbadb', NULL, NULL, '2025-04-01');
INSERT INTO operations (id, action_id, wilaya_id, title, year, status, observation) VALUES ('e7d07770-ff4a-4e5d-b81c-7e7e185eef78', NULL, '16ca4d7f-fc5c-418a-ac1e-260a08e7bd48', 'Opération inconnue', 2025, 'nan', 'Opération gélée');
INSERT INTO wilayas (id, code, name) VALUES ('16ca4d7f-fc5c-418a-ac1e-260a08e7bd48', '06', 'Beajaia');
INSERT INTO engagements (id, operation_id, amount, year, type) VALUES ('930e6703-e4d7-4818-bb35-57e9702dcda5', 'e7d07770-ff4a-4e5d-b81c-7e7e185eef78', NULL, 2025, 'initial');
INSERT INTO financial_operations (id, operation_id, executed_ae, executed_cp, execution_date) VALUES ('47afd7b9-f660-4190-acbb-585ae19e0d26', 'e7d07770-ff4a-4e5d-b81c-7e7e185eef78', NULL, NULL, '2025-04-01');
INSERT INTO operations (id, action_id, wilaya_id, title, year, status, observation) VALUES ('8a0336b7-f439-41c3-9946-ca7374c1ed21', NULL, 'd1d10f43-a4ca-48d1-85c9-2fdd4612a146', 'Opération inconnue', 2025, 'En cours', 'nan');
INSERT INTO wilayas (id, code, name) VALUES ('d1d10f43-a4ca-48d1-85c9-2fdd4612a146', '25', 'Constantine');
INSERT INTO engagements (id, operation_id, amount, year, type) VALUES ('399b4149-1b78-4f82-8a74-795d604286bf', '8a0336b7-f439-41c3-9946-ca7374c1ed21', 13750790.88806, 2025, 'initial');
INSERT INTO financial_operations (id, operation_id, executed_ae, executed_cp, execution_date) VALUES ('dbc941db-866f-457b-b34e-6f4f4e1da8a6', '8a0336b7-f439-41c3-9946-ca7374c1ed21', 13750790.88806, 12645874.65734, '2025-04-01');
INSERT INTO operations (id, action_id, wilaya_id, title, year, status, observation) VALUES ('96e1393e-56ab-4840-80a0-394c26511e67', NULL, '794e8340-1680-4f65-a8e6-8ef5defc13a0', 'Opération inconnue', 2025, 'En cours', 'nan');
INSERT INTO wilayas (id, code, name) VALUES ('794e8340-1680-4f65-a8e6-8ef5defc13a0', '25', 'Constantine');
INSERT INTO engagements (id, operation_id, amount, year, type) VALUES ('a963548b-6514-4f2f-ba11-c39035753614', '96e1393e-56ab-4840-80a0-394c26511e67', 16294681.5665, 2025, 'initial');
INSERT INTO financial_operations (id, operation_id, executed_ae, executed_cp, execution_date) VALUES ('591140e9-1a5b-4529-a7f4-afab08461b03', '96e1393e-56ab-4840-80a0-394c26511e67', 16294681.5665, 13863330.45283, '2025-04-01');
INSERT INTO operations (id, action_id, wilaya_id, title, year, status, observation) VALUES ('a4674953-a4a0-43a3-acdb-bbfd014f22cd', NULL, 'd5e8d075-2e4f-47fc-8e80-bca10f589f39', 'Opération inconnue', 2025, 'En cours', 'nan');
INSERT INTO wilayas (id, code, name) VALUES ('d5e8d075-2e4f-47fc-8e80-bca10f589f39', '28', 'M'sila');
INSERT INTO engagements (id, operation_id, amount, year, type) VALUES ('5de0c3f3-a961-495b-9be4-27a4ecac373f', 'a4674953-a4a0-43a3-acdb-bbfd014f22cd', 2666533.0, 2025, 'initial');
INSERT INTO financial_operations (id, operation_id, executed_ae, executed_cp, execution_date) VALUES ('97371d1a-ef8c-4b94-8878-4339ee30e9b6', 'a4674953-a4a0-43a3-acdb-bbfd014f22cd', 2666533.0, 2675000.0, '2025-04-01');
INSERT INTO operations (id, action_id, wilaya_id, title, year, status, observation) VALUES ('426d128f-51aa-456d-90cb-4c27c9022dfb', NULL, '85e17a36-4046-4384-8f0c-89e10aef1cb9', 'Opération inconnue', 2025, 'Gelée', 'nan');
INSERT INTO wilayas (id, code, name) VALUES ('85e17a36-4046-4384-8f0c-89e10aef1cb9', '28', 'M'sila');
INSERT INTO engagements (id, operation_id, amount, year, type) VALUES ('fcea5b41-c4df-45d1-a2e6-19e72f94a0a0', '426d128f-51aa-456d-90cb-4c27c9022dfb', 4147.0, 2025, 'initial');
INSERT INTO financial_operations (id, operation_id, executed_ae, executed_cp, execution_date) VALUES ('9b979144-d142-4dc0-9e26-0057df0cf23e', '426d128f-51aa-456d-90cb-4c27c9022dfb', 4147.0, 2310000.0, '2025-04-01');
INSERT INTO operations (id, action_id, wilaya_id, title, year, status, observation) VALUES ('df57c68e-ced9-4a1c-b4a5-987df39bbad7', NULL, '79e99ee4-e9e8-407d-bdb6-4117ed9e64d3', 'Opération inconnue', 2025, 'Non Lancée', 'nan');
INSERT INTO wilayas (id, code, name) VALUES ('79e99ee4-e9e8-407d-bdb6-4117ed9e64d3', '28', 'M'sila');
INSERT INTO engagements (id, operation_id, amount, year, type) VALUES ('14f0d20c-26d6-4a4e-a368-c167446b834e', 'df57c68e-ced9-4a1c-b4a5-987df39bbad7', 9373.29284, 2025, 'initial');
INSERT INTO financial_operations (id, operation_id, executed_ae, executed_cp, execution_date) VALUES ('645330c9-dfe4-4755-ba43-5743da094fa8', 'df57c68e-ced9-4a1c-b4a5-987df39bbad7', 9373.29284, 1700000.0, '2025-04-01');
INSERT INTO operations (id, action_id, wilaya_id, title, year, status, observation) VALUES ('dcef6341-a3e3-4de3-8fb8-c64782ed5cfb', NULL, '3097c3a9-3b55-4306-92b7-bad61dabaef7', 'Opération inconnue', 2025, 'En cours', 'nan');
INSERT INTO wilayas (id, code, name) VALUES ('3097c3a9-3b55-4306-92b7-bad61dabaef7', '28', 'M'sila');
INSERT INTO engagements (id, operation_id, amount, year, type) VALUES ('a1454c92-187e-488c-819a-119d6615855f', 'dcef6341-a3e3-4de3-8fb8-c64782ed5cfb', 504307.0, 2025, 'initial');
INSERT INTO financial_operations (id, operation_id, executed_ae, executed_cp, execution_date) VALUES ('75049b59-237e-43e4-a379-4f12ef631518', 'dcef6341-a3e3-4de3-8fb8-c64782ed5cfb', 504307.0, 1173000.0, '2025-04-01');
INSERT INTO operations (id, action_id, wilaya_id, title, year, status, observation) VALUES ('f6b905d0-953f-4be3-b0c6-f28f3f2bf066', NULL, '14cc7096-ac11-4b19-b709-d365a9042cb6', 'Opération inconnue', 2025, 'En cours', 'nan');
INSERT INTO wilayas (id, code, name) VALUES ('14cc7096-ac11-4b19-b709-d365a9042cb6', '28', 'M'sila');
INSERT INTO engagements (id, operation_id, amount, year, type) VALUES ('7e875621-91d6-4fb4-baa9-3ecb4399edd9', 'f6b905d0-953f-4be3-b0c6-f28f3f2bf066', 779027.0, 2025, 'initial');
INSERT INTO financial_operations (id, operation_id, executed_ae, executed_cp, execution_date) VALUES ('a5cd3d0f-3f3b-4edc-b928-0beec4b7df43', 'f6b905d0-953f-4be3-b0c6-f28f3f2bf066', 779027.0, 1650000.0, '2025-04-01');
INSERT INTO operations (id, action_id, wilaya_id, title, year, status, observation) VALUES ('9f3d28c5-73a9-438b-af81-3aceacebfad9', NULL, '917d1a5b-dd9d-4c4d-9b21-70dbaaa208a4', 'Opération inconnue', 2025, 'En cours', 'nan');
INSERT INTO wilayas (id, code, name) VALUES ('917d1a5b-dd9d-4c4d-9b21-70dbaaa208a4', '28', 'M'sila');
INSERT INTO engagements (id, operation_id, amount, year, type) VALUES ('f21a4e4e-0c86-4443-86f1-b22cd01e28a8', '9f3d28c5-73a9-438b-af81-3aceacebfad9', 1376675.0, 2025, 'initial');
INSERT INTO financial_operations (id, operation_id, executed_ae, executed_cp, execution_date) VALUES ('5c517b06-2f1b-4fff-8ce8-2a59c87639f7', '9f3d28c5-73a9-438b-af81-3aceacebfad9', 1376675.0, 1500000.0, '2025-04-01');
INSERT INTO operations (id, action_id, wilaya_id, title, year, status, observation) VALUES ('0ea07a71-a441-4d4e-8622-be3fe627856a', NULL, '02ac2709-1c5b-4d58-b4e4-792c059bba51', 'Opération inconnue', 2025, 'En cours', 'nan');
INSERT INTO wilayas (id, code, name) VALUES ('02ac2709-1c5b-4d58-b4e4-792c059bba51', '28', 'M'sila');
INSERT INTO engagements (id, operation_id, amount, year, type) VALUES ('79de194c-10ef-4c3e-ad04-44f45540fbdd', '0ea07a71-a441-4d4e-8622-be3fe627856a', 1664584.09852, 2025, 'initial');
INSERT INTO financial_operations (id, operation_id, executed_ae, executed_cp, execution_date) VALUES ('3a75322c-9688-443d-b9b8-47c47dcb7bca', '0ea07a71-a441-4d4e-8622-be3fe627856a', 1664584.09852, 1770799.996, '2025-04-01');
INSERT INTO operations (id, action_id, wilaya_id, title, year, status, observation) VALUES ('25555c09-dbed-4e19-9d08-d476d0da15f9', NULL, '24e080cb-8df8-48f9-9780-12fcd3364a9e', 'Opération inconnue', 2025, 'Non indv', 'nan');
INSERT INTO wilayas (id, code, name) VALUES ('24e080cb-8df8-48f9-9780-12fcd3364a9e', '28', 'M'sila');
INSERT INTO engagements (id, operation_id, amount, year, type) VALUES ('a7f524f3-b205-4980-b060-ceca81c1dc8d', '25555c09-dbed-4e19-9d08-d476d0da15f9', 0.0, 2025, 'initial');
INSERT INTO financial_operations (id, operation_id, executed_ae, executed_cp, execution_date) VALUES ('8e5cb2fa-9c26-40f2-af21-746ee8faa2c8', '25555c09-dbed-4e19-9d08-d476d0da15f9', 0.0, 1187350.0, '2025-04-01');
INSERT INTO operations (id, action_id, wilaya_id, title, year, status, observation) VALUES ('b2aa245d-9094-4467-b6ad-cdb8e06d0768', NULL, 'f5f51b8f-51a6-4da0-8a64-01d854f82e92', 'Opération inconnue', 2025, 'En cours', 'nan');
INSERT INTO wilayas (id, code, name) VALUES ('f5f51b8f-51a6-4da0-8a64-01d854f82e92', '28', 'M'sila');
INSERT INTO engagements (id, operation_id, amount, year, type) VALUES ('538ccdd4-c315-4543-b3ec-4b31e71780ea', 'b2aa245d-9094-4467-b6ad-cdb8e06d0768', 1970245.0, 2025, 'initial');
INSERT INTO financial_operations (id, operation_id, executed_ae, executed_cp, execution_date) VALUES ('a78b4234-ffc2-4286-9293-ca9100155541', 'b2aa245d-9094-4467-b6ad-cdb8e06d0768', 1970245.0, 2000000.0, '2025-04-01');
INSERT INTO operations (id, action_id, wilaya_id, title, year, status, observation) VALUES ('aa6a4a46-1817-4e6e-bfd8-28650f22df89', NULL, '024deb75-62c1-4647-8149-f9052effcc08', 'Opération inconnue', 2025, 'En cours', 'nan');
INSERT INTO wilayas (id, code, name) VALUES ('024deb75-62c1-4647-8149-f9052effcc08', '28', 'M'sila');
INSERT INTO engagements (id, operation_id, amount, year, type) VALUES ('acb1b4ab-7fef-48d3-9493-d6b14d5e326d', 'aa6a4a46-1817-4e6e-bfd8-28650f22df89', 1717281.1355, 2025, 'initial');
INSERT INTO financial_operations (id, operation_id, executed_ae, executed_cp, execution_date) VALUES ('1dcfde1a-a823-494a-979f-f20e5433319f', 'aa6a4a46-1817-4e6e-bfd8-28650f22df89', 1717281.1355, 2100000.0, '2025-04-01');
INSERT INTO operations (id, action_id, wilaya_id, title, year, status, observation) VALUES ('e5b422e8-cedc-4815-b71f-694b683d4707', NULL, 'a512d111-1a14-404a-abd4-a74c4023ba90', 'Opération inconnue', 2025, 'En cours', 'nan');
INSERT INTO wilayas (id, code, name) VALUES ('a512d111-1a14-404a-abd4-a74c4023ba90', '28', 'M'sila');
INSERT INTO engagements (id, operation_id, amount, year, type) VALUES ('6c979187-8b75-499d-8752-b776178ad67b', 'e5b422e8-cedc-4815-b71f-694b683d4707', 1477399.06806, 2025, 'initial');
INSERT INTO financial_operations (id, operation_id, executed_ae, executed_cp, execution_date) VALUES ('0395068a-f8c2-48f9-977e-f3355c05d0f8', 'e5b422e8-cedc-4815-b71f-694b683d4707', 1477399.06806, 1620000.0, '2025-04-01');
INSERT INTO operations (id, action_id, wilaya_id, title, year, status, observation) VALUES ('702961a7-dd3c-4852-b7a2-40eba5507aa4', NULL, 'fa0435e3-9892-4e57-8ed5-041f09d91f5a', 'Opération inconnue', 2025, 'Achevée', 'nan');
INSERT INTO wilayas (id, code, name) VALUES ('fa0435e3-9892-4e57-8ed5-041f09d91f5a', '28', 'M'sila');
INSERT INTO engagements (id, operation_id, amount, year, type) VALUES ('dd3a4362-96fb-4827-b719-edfe975bd9ff', '702961a7-dd3c-4852-b7a2-40eba5507aa4', 2392072.0, 2025, 'initial');
INSERT INTO financial_operations (id, operation_id, executed_ae, executed_cp, execution_date) VALUES ('5d1eaec4-bd6c-4ef4-ac51-f2e84ecf444d', '702961a7-dd3c-4852-b7a2-40eba5507aa4', 2392072.0, 3591000.0, '2025-04-01');
INSERT INTO operations (id, action_id, wilaya_id, title, year, status, observation) VALUES ('96f70e73-e37d-4f17-952b-36f6866f6781', NULL, 'c8167b60-927f-4648-8ca4-b1272cd300d6', 'Opération inconnue', 2025, 'En cours', 'nan');
INSERT INTO wilayas (id, code, name) VALUES ('c8167b60-927f-4648-8ca4-b1272cd300d6', '28', 'M'sila');
INSERT INTO engagements (id, operation_id, amount, year, type) VALUES ('a498909a-157a-4ebc-81c2-e247ed9d3b65', '96f70e73-e37d-4f17-952b-36f6866f6781', 1281251.0, 2025, 'initial');
INSERT INTO financial_operations (id, operation_id, executed_ae, executed_cp, execution_date) VALUES ('a9bb6d31-74c5-4e64-9048-278b11ac2c85', '96f70e73-e37d-4f17-952b-36f6866f6781', 1281251.0, 1335814.0, '2025-04-01');
INSERT INTO operations (id, action_id, wilaya_id, title, year, status, observation) VALUES ('f7bc770b-712f-4f47-b94a-fe362d2d0399', NULL, 'ee9479f6-18f8-4207-af6f-45a41ee2f1f2', 'Opération inconnue', 2025, 'Achevée', 'nan');
INSERT INTO wilayas (id, code, name) VALUES ('ee9479f6-18f8-4207-af6f-45a41ee2f1f2', '28', 'M'sila');
INSERT INTO engagements (id, operation_id, amount, year, type) VALUES ('a3d3501b-6ff1-48ce-8f54-98f9f567f036', 'f7bc770b-712f-4f47-b94a-fe362d2d0399', 1098422.0, 2025, 'initial');
INSERT INTO financial_operations (id, operation_id, executed_ae, executed_cp, execution_date) VALUES ('62d8daf5-3b25-4d00-8436-73114afe6cf2', 'f7bc770b-712f-4f47-b94a-fe362d2d0399', 1098422.0, 1100000.0, '2025-04-01');
INSERT INTO operations (id, action_id, wilaya_id, title, year, status, observation) VALUES ('2a0fd304-864e-49ce-906f-abb76705cb37', NULL, '13ce9eee-5782-47dd-bfca-085b7f745279', 'Opération inconnue', 2025, 'En cours', 'nan');
INSERT INTO wilayas (id, code, name) VALUES ('13ce9eee-5782-47dd-bfca-085b7f745279', '28', 'M'sila');
INSERT INTO engagements (id, operation_id, amount, year, type) VALUES ('5e30b80f-fdbb-4c3b-9b73-fc76cc6da7b5', '2a0fd304-864e-49ce-906f-abb76705cb37', 5380656.0, 2025, 'initial');
INSERT INTO financial_operations (id, operation_id, executed_ae, executed_cp, execution_date) VALUES ('71c4eefa-e804-40ca-bbf3-c032add6e18d', '2a0fd304-864e-49ce-906f-abb76705cb37', 5380656.0, 5434000.0, '2025-04-01');
INSERT INTO operations (id, action_id, wilaya_id, title, year, status, observation) VALUES ('c9e449a5-500d-4b3e-9f86-501c7e54ccec', NULL, '74c79ccf-34aa-4c41-80cf-5b2e0ceba1f0', 'Opération inconnue', 2025, 'En cours', 'nan');
INSERT INTO wilayas (id, code, name) VALUES ('74c79ccf-34aa-4c41-80cf-5b2e0ceba1f0', '28', 'M'sila');
INSERT INTO engagements (id, operation_id, amount, year, type) VALUES ('c939d4ef-f3f7-4064-9007-101607c4c56e', 'c9e449a5-500d-4b3e-9f86-501c7e54ccec', 5017204.0, 2025, 'initial');
INSERT INTO financial_operations (id, operation_id, executed_ae, executed_cp, execution_date) VALUES ('1e944397-98c1-4e43-b3ae-d324c035f88d', 'c9e449a5-500d-4b3e-9f86-501c7e54ccec', 5017204.0, 7681000.0, '2025-04-01');
INSERT INTO operations (id, action_id, wilaya_id, title, year, status, observation) VALUES ('6d26707c-be51-4b44-99a6-d90c221caf0d', NULL, '07e8060e-f4c1-47f5-8818-d57374ea1343', 'Opération inconnue', 2025, 'En cours', 'nan');
INSERT INTO wilayas (id, code, name) VALUES ('07e8060e-f4c1-47f5-8818-d57374ea1343', '28', 'M'sila');
INSERT INTO engagements (id, operation_id, amount, year, type) VALUES ('b0f005d9-dd7a-4eac-a264-9765367be0b6', '6d26707c-be51-4b44-99a6-d90c221caf0d', 6279844.0, 2025, 'initial');
INSERT INTO financial_operations (id, operation_id, executed_ae, executed_cp, execution_date) VALUES ('d0728b56-5d8e-4f01-80ab-9cccf6ebe627', '6d26707c-be51-4b44-99a6-d90c221caf0d', 6279844.0, 6775000.0, '2025-04-01');
INSERT INTO operations (id, action_id, wilaya_id, title, year, status, observation) VALUES ('70111e66-d9fe-4225-a493-2f0d603d0ef7', NULL, 'dd1fec7c-cb93-4090-973d-b2e6c1e6da74', 'Opération inconnue', 2025, 'En cours', 'nan');
INSERT INTO wilayas (id, code, name) VALUES ('dd1fec7c-cb93-4090-973d-b2e6c1e6da74', '28', 'M'sila');
INSERT INTO engagements (id, operation_id, amount, year, type) VALUES ('21a6aaa4-247a-43a1-96be-336d1f2086ba', '70111e66-d9fe-4225-a493-2f0d603d0ef7', 3168642.0, 2025, 'initial');
INSERT INTO financial_operations (id, operation_id, executed_ae, executed_cp, execution_date) VALUES ('e1f83c87-9c20-41fb-8713-91141ec865df', '70111e66-d9fe-4225-a493-2f0d603d0ef7', 3168642.0, 3392000.0, '2025-04-01');
INSERT INTO operations (id, action_id, wilaya_id, title, year, status, observation) VALUES ('d3526bb4-8ca7-4aa0-8d49-6e82e2425e30', NULL, '67417710-733a-4477-8c89-df66e9fd96b9', 'Opération inconnue', 2025, 'En cours', 'nan');
INSERT INTO wilayas (id, code, name) VALUES ('67417710-733a-4477-8c89-df66e9fd96b9', '28', 'M'sila');
INSERT INTO engagements (id, operation_id, amount, year, type) VALUES ('16673b7b-7d60-4801-964d-281e48f25d5d', 'd3526bb4-8ca7-4aa0-8d49-6e82e2425e30', 1537215.0, 2025, 'initial');
INSERT INTO financial_operations (id, operation_id, executed_ae, executed_cp, execution_date) VALUES ('3f27dfca-bd18-41a6-bf09-2ce7928d167e', 'd3526bb4-8ca7-4aa0-8d49-6e82e2425e30', 1537215.0, 1779000.0, '2025-04-01');
INSERT INTO operations (id, action_id, wilaya_id, title, year, status, observation) VALUES ('34d9e2e2-ce36-4258-ab6b-571a702e72c7', NULL, '40487752-efeb-46d3-89a1-81f31ce839d6', 'Opération inconnue', 2025, 'Non indv', 'nan');
INSERT INTO wilayas (id, code, name) VALUES ('40487752-efeb-46d3-89a1-81f31ce839d6', '28', 'M'sila');
INSERT INTO engagements (id, operation_id, amount, year, type) VALUES ('2430499d-05cf-4f46-8223-7f36408f1b9f', '34d9e2e2-ce36-4258-ab6b-571a702e72c7', 0.0, 2025, 'initial');
INSERT INTO financial_operations (id, operation_id, executed_ae, executed_cp, execution_date) VALUES ('ff9c952b-ecff-49e7-a67a-4590a6e40b2b', '34d9e2e2-ce36-4258-ab6b-571a702e72c7', 0.0, 1640000.0, '2025-04-01');
INSERT INTO operations (id, action_id, wilaya_id, title, year, status, observation) VALUES ('db4a8617-40d0-4e69-8f0b-d3c603ce63d5', NULL, '96a63609-db56-45e0-903e-bf99b3b3d379', 'Opération inconnue', 2025, 'Non Lancée', 'nan');
INSERT INTO wilayas (id, code, name) VALUES ('96a63609-db56-45e0-903e-bf99b3b3d379', '28', 'M'sila');
INSERT INTO engagements (id, operation_id, amount, year, type) VALUES ('13fda42d-8de1-4b05-a98c-e42b3e11e8b5', 'db4a8617-40d0-4e69-8f0b-d3c603ce63d5', 5818.733, 2025, 'initial');
INSERT INTO financial_operations (id, operation_id, executed_ae, executed_cp, execution_date) VALUES ('ba67dd25-9f7b-4887-91ef-46494356ed2b', 'db4a8617-40d0-4e69-8f0b-d3c603ce63d5', 5818.733, 1200000.0, '2025-04-01');
INSERT INTO operations (id, action_id, wilaya_id, title, year, status, observation) VALUES ('cc2bd75e-6c3f-488e-b883-88b4d2bc2fc7', NULL, '4a454e73-63ae-4e05-84c9-dcf286b7d9d8', 'Opération inconnue', 2025, 'En cours', 'nan');
INSERT INTO wilayas (id, code, name) VALUES ('4a454e73-63ae-4e05-84c9-dcf286b7d9d8', '28', 'M'sila');
INSERT INTO engagements (id, operation_id, amount, year, type) VALUES ('ede0eebd-9343-4b28-ac5f-85db097e7abb', 'cc2bd75e-6c3f-488e-b883-88b4d2bc2fc7', 599824.10398, 2025, 'initial');
INSERT INTO financial_operations (id, operation_id, executed_ae, executed_cp, execution_date) VALUES ('e3c1fd47-fbb7-4938-8f19-21257c1739a1', 'cc2bd75e-6c3f-488e-b883-88b4d2bc2fc7', 599824.10398, 1000000.0, '2025-04-01');
INSERT INTO operations (id, action_id, wilaya_id, title, year, status, observation) VALUES ('369df088-5ec2-4ea2-bcff-825c41785742', NULL, 'aa38471b-1488-443d-9e29-5de64b4976ea', 'Opération inconnue', 2025, 'En cours', 'nan');
INSERT INTO wilayas (id, code, name) VALUES ('aa38471b-1488-443d-9e29-5de64b4976ea', '28', 'M'sila');
INSERT INTO engagements (id, operation_id, amount, year, type) VALUES ('205526ff-cea8-4509-b3b7-e9c5eb88fe04', '369df088-5ec2-4ea2-bcff-825c41785742', 2796283.0, 2025, 'initial');
INSERT INTO financial_operations (id, operation_id, executed_ae, executed_cp, execution_date) VALUES ('53dc5613-f8fe-433a-b226-29a3fd5ea751', '369df088-5ec2-4ea2-bcff-825c41785742', 2796283.0, 2900000.0, '2025-04-01');
INSERT INTO operations (id, action_id, wilaya_id, title, year, status, observation) VALUES ('78015a0c-04a8-4386-bdb9-351a3001f802', NULL, '624f133b-baee-44ce-b8a0-057b4508ea26', 'Opération inconnue', 2025, 'En cours', 'nan');
INSERT INTO wilayas (id, code, name) VALUES ('624f133b-baee-44ce-b8a0-057b4508ea26', '28', 'M'sila');
INSERT INTO engagements (id, operation_id, amount, year, type) VALUES ('ea3eaab8-a6d3-4968-9e09-2c6f11f11777', '78015a0c-04a8-4386-bdb9-351a3001f802', 1566968.0, 2025, 'initial');
INSERT INTO financial_operations (id, operation_id, executed_ae, executed_cp, execution_date) VALUES ('5619f4aa-0431-474a-9b65-a078d545f05e', '78015a0c-04a8-4386-bdb9-351a3001f802', 1566968.0, 1880000.0, '2025-04-01');
INSERT INTO operations (id, action_id, wilaya_id, title, year, status, observation) VALUES ('f33372f7-9de6-46a2-aebd-86200a12433b', NULL, 'de634f90-afc1-4159-a633-e5b687f0fc3b', 'Opération inconnue', 2025, 'En cours', 'nan');
INSERT INTO wilayas (id, code, name) VALUES ('de634f90-afc1-4159-a633-e5b687f0fc3b', '28', 'M'sila');
INSERT INTO engagements (id, operation_id, amount, year, type) VALUES ('5745e845-4bf6-4178-ac4a-b45ce1462586', 'f33372f7-9de6-46a2-aebd-86200a12433b', 1675348.0, 2025, 'initial');
INSERT INTO financial_operations (id, operation_id, executed_ae, executed_cp, execution_date) VALUES ('41a0c835-9a90-4c70-9f04-c3ef9912a885', 'f33372f7-9de6-46a2-aebd-86200a12433b', 1675348.0, 1700000.0, '2025-04-01');
INSERT INTO operations (id, action_id, wilaya_id, title, year, status, observation) VALUES ('bed31c58-d33c-4b0a-b433-d1308518c5eb', NULL, '51571a8b-4f9d-47fd-a349-c3a44de2e058', 'Opération inconnue', 2025, 'En cours', 'nan');
INSERT INTO wilayas (id, code, name) VALUES ('51571a8b-4f9d-47fd-a349-c3a44de2e058', '28', 'M'sila');
INSERT INTO engagements (id, operation_id, amount, year, type) VALUES ('dd4a2402-b624-4d25-a464-948dc232f671', 'bed31c58-d33c-4b0a-b433-d1308518c5eb', 999011.0, 2025, 'initial');
INSERT INTO financial_operations (id, operation_id, executed_ae, executed_cp, execution_date) VALUES ('f0933a6b-799b-4bd0-88b7-845e8c35a789', 'bed31c58-d33c-4b0a-b433-d1308518c5eb', 999011.0, 1000000.0, '2025-04-01');
INSERT INTO operations (id, action_id, wilaya_id, title, year, status, observation) VALUES ('1b5052e4-aec8-451e-9a42-71b66802c69d', NULL, '97e2e716-8606-4d94-a2b1-a2b15b575ee6', 'Opération inconnue', 2025, 'Non indv', 'nan');
INSERT INTO wilayas (id, code, name) VALUES ('97e2e716-8606-4d94-a2b1-a2b15b575ee6', '28', 'M'sila');
INSERT INTO engagements (id, operation_id, amount, year, type) VALUES ('9de931fc-e4fb-4d94-9709-d014a6b70fd5', '1b5052e4-aec8-451e-9a42-71b66802c69d', 0.0, 2025, 'initial');
INSERT INTO financial_operations (id, operation_id, executed_ae, executed_cp, execution_date) VALUES ('7bb50422-fe01-494d-b7b3-b8d818e14cec', '1b5052e4-aec8-451e-9a42-71b66802c69d', 0.0, 3500000.0, '2025-04-01');
INSERT INTO operations (id, action_id, wilaya_id, title, year, status, observation) VALUES ('580c781c-d5f1-41fa-9a2e-dab5031b0069', NULL, '62e7ead0-a34d-42c9-aabf-5e5be3266906', 'Opération inconnue', 2025, 'nan', 'nan');
INSERT INTO wilayas (id, code, name) VALUES ('62e7ead0-a34d-42c9-aabf-5e5be3266906', '00', 'nan');
INSERT INTO engagements (id, operation_id, amount, year, type) VALUES ('0763bae9-e583-45a0-abf4-e72945afade9', '580c781c-d5f1-41fa-9a2e-dab5031b0069', 1492086457.33932, 2025, 'initial');
INSERT INTO financial_operations (id, operation_id, executed_ae, executed_cp, execution_date) VALUES ('a8846c1d-81f6-47eb-8761-54c5e73ea28c', '580c781c-d5f1-41fa-9a2e-dab5031b0069', 1492086457.33932, 1251547810.7109609, '2025-04-01');